caregiver_id,caregiver_tenure_months,scheduled_duration_min,actual_duration_min,duration_deviation_min,arrival_deviation_min,tasks_assigned,tasks_completed,task_completion_rate,has_signature,entry_method,gps_mismatch_km,day_of_week,is_weekend,needs_manual_review
11,37,60,62.0,2.0,10.0,2,1,0.5,1,mobile_app,1.16,6,1,0
93,49,30,24.0,-6.0,-4.0,3,2,0.667,1,mobile_app,0.48,0,0,1
79,38,60,57.0,-3.0,-5.0,4,3,0.75,1,mobile_app,0.56,4,0,0
53,36,60,55.0,-5.0,-4.0,5,4,0.8,1,mobile_app,0.33,2,0,0
52,28,30,21.0,-9.0,-3.0,3,2,0.667,1,mobile_app,0.16,4,0,0
104,15,60,60.0,0.0,-0.0,2,1,0.5,1,mobile_app,0.6,6,1,0
11,17,90,62.0,-28.0,9.0,2,1,0.5,1,paper,0.0,3,0,1
84,44,120,118.0,-2.0,2.0,2,1,0.5,1,paper,0.0,1,0,1
25,5,90,89.0,-1.0,1.0,4,3,0.75,1,mobile_app,0.04,6,1,0
12,5,120,102.0,-18.0,3.0,4,3,0.75,1,paper,0.0,2,0,0
64,24,90,105.0,15.0,5.0,3,2,0.667,1,paper,0.0,3,0,1
118,46,90,87.0,-3.0,-7.0,3,2,0.667,1,paper,0.0,1,0,1
89,39,30,28.0,-2.0,6.0,4,3,0.75,1,paper,0.0,6,1,0
92,35,90,86.0,-4.0,-5.0,5,4,0.8,1,mobile_app,0.06,6,1,0
87,32,30,29.0,-1.0,-3.0,2,1,0.5,1,mobile_app,1.09,2,0,1
95,7,30,47.0,17.0,4.0,6,5,0.833,1,paper,0.0,3,0,0
62,20,60,86.0,26.0,-1.0,3,2,0.667,0,paper,0.0,3,0,1
16,5,90,100.0,10.0,5.0,2,1,0.5,1,mobile_app,0.03,6,1,0
101,45,90,96.0,6.0,1.0,2,1,0.5,1,mobile_app,0.39,4,0,1
55,45,120,129.0,9.0,-1.0,4,2,0.5,1,mobile_app,0.66,0,0,0
61,16,120,123.0,3.0,14.0,4,3,0.75,1,mobile_app,0.18,5,1,0
45,18,120,137.0,17.0,6.0,2,1,0.5,1,mobile_app,0.36,3,0,0
22,19,30,38.0,8.0,3.0,4,3,0.75,1,mobile_app,1.35,0,0,0
112,53,120,121.0,1.0,2.0,3,3,1.0,1,mobile_app,0.7,3,0,0
94,29,90,93.0,3.0,-5.0,6,5,0.833,1,mobile_app,0.88,0,0,0
78,45,120,110.0,-10.0,10.0,3,2,0.667,1,mobile_app,0.96,1,0,0
49,27,60,63.0,3.0,-8.0,6,5,0.833,1,mobile_app,0.57,5,1,0
99,42,30,21.0,-9.0,1.0,4,4,1.0,1,mobile_app,0.2,3,0,0
66,32,120,107.0,-13.0,-2.0,6,5,0.833,1,mobile_app,0.18,3,0,0
54,17,60,62.0,2.0,-3.0,4,3,0.75,0,mobile_app,0.17,2,0,1
55,52,60,56.0,-4.0,-2.0,2,1,0.5,1,mobile_app,0.64,6,1,1
28,42,60,60.0,0.0,-4.0,5,4,0.8,1,mobile_app,0.33,1,0,0
12,46,30,31.0,1.0,5.0,4,3,0.75,1,mobile_app,0.36,6,1,0
67,56,30,31.0,1.0,-4.0,6,6,1.0,1,paper,0.0,2,0,0
107,15,120,110.0,-10.0,9.0,3,2,0.667,0,mobile_app,0.2,2,0,1
8,6,120,132.0,12.0,7.0,2,1,0.5,1,mobile_app,0.54,4,0,1
103,35,120,119.0,-1.0,-2.0,2,1,0.5,1,mobile_app,0.84,5,1,0
100,20,60,65.0,5.0,5.0,5,3,0.6,1,mobile_app,0.93,3,0,0
34,26,60,49.0,-11.0,-1.0,3,2,0.667,1,mobile_app,0.18,4,0,1
76,14,60,58.0,-2.0,-11.0,5,4,0.8,1,mobile_app,0.96,2,0,0
20,24,60,71.0,11.0,-9.0,2,1,0.5,1,paper,0.0,5,1,1
91,24,30,39.0,9.0,5.0,2,1,0.5,1,mobile_app,0.12,5,1,1
85,21,90,82.0,-8.0,5.0,5,3,0.6,1,paper,0.0,6,1,1
43,44,120,117.0,-3.0,1.0,3,3,1.0,1,paper,0.0,4,0,0
9,35,60,53.0,-7.0,-2.0,4,3,0.75,1,mobile_app,0.22,1,0,0
117,28,60,54.0,-6.0,-1.0,2,1,0.5,1,paper,0.0,4,0,1
54,7,60,42.0,-18.0,-4.0,2,1,0.5,1,mobile_app,0.29,4,0,1
108,34,30,29.0,-1.0,-11.0,2,1,0.5,1,mobile_app,0.67,1,0,1
82,11,60,68.0,8.0,1.0,3,2,0.667,1,mobile_app,0.29,5,1,0
94,19,60,52.0,-8.0,5.0,3,2,0.667,1,mobile_app,0.27,5,1,0
92,25,60,59.0,-1.0,1.0,3,2,0.667,1,mobile_app,0.15,3,0,0
24,9,60,57.0,-3.0,19.0,3,2,0.667,1,mobile_app,0.16,0,0,1
44,23,90,100.0,10.0,-8.0,4,3,0.75,1,mobile_app,0.11,5,1,0
57,16,60,53.0,-7.0,-6.0,6,4,0.667,1,mobile_app,0.43,1,0,0
60,51,30,28.0,-2.0,0.0,2,1,0.5,1,mobile_app,0.8,5,1,1
6,51,30,26.0,-4.0,1.0,6,5,0.833,1,mobile_app,0.0,2,0,0
66,1,30,14.0,-16.0,-22.0,4,3,0.75,1,paper,0.0,5,1,1
19,36,60,64.0,4.0,4.0,4,3,0.75,1,mobile_app,0.86,6,1,0
90,38,90,89.0,-1.0,1.0,5,4,0.8,1,paper,0.0,0,0,0
82,23,120,121.0,1.0,-17.0,5,3,0.6,1,mobile_app,0.29,0,0,0
111,28,90,101.0,11.0,-1.0,6,5,0.833,1,mobile_app,0.25,4,0,0
90,47,60,67.0,7.0,-3.0,6,4,0.667,1,mobile_app,0.19,3,0,1
44,23,60,44.0,-16.0,-4.0,2,1,0.5,1,mobile_app,0.44,4,0,1
117,4,60,69.0,9.0,-15.0,4,3,0.75,1,mobile_app,0.09,0,0,0
50,22,60,62.0,2.0,3.0,4,3,0.75,1,mobile_app,0.33,6,1,0
40,15,120,115.0,-5.0,17.0,4,3,0.75,1,paper,0.0,1,0,0
109,23,60,63.0,3.0,2.0,6,4,0.667,1,mobile_app,0.26,0,0,0
45,14,60,40.0,-20.0,-21.0,5,3,0.6,1,mobile_app,0.45,2,0,1
10,9,60,78.0,18.0,3.0,4,3,0.75,1,mobile_app,0.02,5,1,0
57,59,30,32.0,2.0,-1.0,6,6,1.0,1,mobile_app,0.04,0,0,0
96,8,120,109.0,-11.0,-12.0,5,4,0.8,1,paper,0.0,3,0,0
23,42,30,26.0,-4.0,2.0,5,4,0.8,1,mobile_app,0.93,5,1,0
56,43,30,20.0,-10.0,4.0,5,3,0.6,1,mobile_app,0.18,3,0,0
16,37,60,58.0,-2.0,-4.0,2,1,0.5,1,paper,0.0,0,0,0
83,54,90,88.0,-2.0,-5.0,6,5,0.833,1,paper,0.0,1,0,1
58,1,60,41.0,-19.0,-24.0,5,4,0.8,1,paper,0.0,4,0,1
40,18,90,98.0,8.0,-6.0,2,1,0.5,0,paper,0.0,4,0,1
28,11,60,76.0,16.0,-2.0,3,2,0.667,1,mobile_app,0.62,1,0,0
68,35,30,30.0,0.0,-3.0,3,2,0.667,1,mobile_app,0.19,2,0,0
81,38,120,118.0,-2.0,-4.0,3,2,0.667,1,mobile_app,1.47,0,0,0
113,53,60,62.0,2.0,2.0,5,4,0.8,1,mobile_app,0.0,4,0,0
53,23,30,30.0,0.0,4.0,4,3,0.75,1,paper,0.0,3,0,0
20,14,60,47.0,-13.0,2.0,3,1,0.333,1,mobile_app,0.27,4,0,0
100,55,30,28.0,-2.0,2.0,5,4,0.8,1,mobile_app,0.26,2,0,0
76,40,30,28.0,-2.0,-4.0,3,2,0.667,1,paper,0.0,6,1,0
85,46,90,91.0,1.0,-5.0,2,2,1.0,1,mobile_app,0.21,0,0,0
12,27,60,60.0,0.0,-4.0,6,5,0.833,1,mobile_app,0.3,1,0,0
38,27,60,62.0,2.0,-4.0,3,2,0.667,1,paper,0.0,0,0,1
93,23,60,45.0,-15.0,-17.0,3,2,0.667,1,mobile_app,0.35,5,1,0
100,45,90,94.0,4.0,-2.0,5,5,1.0,1,mobile_app,0.01,2,0,0
53,13,30,30.0,0.0,11.0,5,4,0.8,1,mobile_app,0.74,0,0,0
97,58,30,39.0,9.0,2.0,2,1,0.5,1,mobile_app,0.05,5,1,0
102,11,90,85.0,-5.0,5.0,2,1,0.5,1,mobile_app,0.04,6,1,1
47,28,90,93.0,3.0,1.0,6,4,0.667,1,mobile_app,0.64,5,1,0
108,19,120,150.0,30.0,13.0,4,3,0.75,1,mobile_app,1.02,1,0,0
35,38,60,61.0,1.0,-6.0,4,3,0.75,1,mobile_app,0.66,0,0,0
29,41,30,30.0,0.0,-5.0,4,3,0.75,1,mobile_app,0.73,2,0,0
82,55,60,56.0,-4.0,3.0,4,3,0.75,1,paper,0.0,1,0,0
77,47,90,98.0,8.0,0.0,5,5,1.0,1,mobile_app,0.21,5,1,0
17,15,30,17.0,-13.0,-6.0,2,1,0.5,1,mobile_app,0.56,2,0,0
100,13,60,65.0,5.0,5.0,3,2,0.667,1,mobile_app,0.46,3,0,1
24,53,60,58.0,-2.0,-1.0,6,5,0.833,1,paper,0.0,4,0,0
97,29,90,88.0,-2.0,-6.0,2,1,0.5,1,mobile_app,0.31,3,0,1
1,6,90,71.0,-19.0,-10.0,6,5,0.833,1,paper,0.0,1,0,1
96,49,60,66.0,6.0,1.0,4,4,1.0,1,mobile_app,0.62,1,0,0
95,39,120,118.0,-2.0,1.0,2,1,0.5,1,paper,0.0,1,0,1
94,2,120,103.0,-17.0,18.0,4,2,0.5,1,mobile_app,0.18,0,0,1
80,47,30,36.0,6.0,-1.0,5,4,0.8,1,mobile_app,0.15,4,0,0
57,36,60,56.0,-4.0,-2.0,3,2,0.667,1,mobile_app,0.15,1,0,0
85,37,90,92.0,2.0,8.0,5,4,0.8,1,mobile_app,0.61,4,0,0
34,52,30,33.0,3.0,3.0,2,1,0.5,1,paper,0.0,2,0,1
94,30,60,64.0,4.0,1.0,2,1,0.5,1,mobile_app,0.84,3,0,0
67,28,60,41.0,-19.0,-11.0,5,3,0.6,1,paper,0.0,5,1,1
56,37,120,125.0,5.0,-5.0,4,3,0.75,1,mobile_app,0.24,4,0,0
61,12,60,59.0,-1.0,-11.0,5,3,0.6,1,mobile_app,0.24,2,0,0
69,9,90,86.0,-4.0,0.0,6,5,0.833,1,mobile_app,0.31,0,0,0
5,50,60,60.0,0.0,-2.0,6,6,1.0,1,mobile_app,0.98,5,1,0
17,13,30,11.0,-19.0,16.0,4,3,0.75,1,mobile_app,0.21,2,0,0
30,30,120,122.0,2.0,-11.0,4,3,0.75,1,mobile_app,0.11,0,0,0
14,16,30,15.0,-15.0,-11.0,6,4,0.667,1,mobile_app,0.41,4,0,1
53,14,30,27.0,-3.0,2.0,6,5,0.833,1,paper,0.0,5,1,0
81,36,60,61.0,1.0,3.0,2,1,0.5,1,mobile_app,0.75,4,0,0
79,48,90,95.0,5.0,-10.0,4,2,0.5,1,mobile_app,0.03,5,1,1
57,27,60,53.0,-7.0,-13.0,6,5,0.833,1,mobile_app,1.34,1,0,0
103,9,30,48.0,18.0,-3.0,2,1,0.5,1,mobile_app,0.99,5,1,1
68,15,60,71.0,11.0,13.0,6,5,0.833,1,paper,0.0,2,0,0
10,10,60,55.0,-5.0,20.0,5,3,0.6,1,paper,0.0,3,0,0
92,53,30,26.0,-4.0,-1.0,2,1,0.5,1,paper,0.0,1,0,1
69,19,60,45.0,-15.0,-2.0,5,4,0.8,1,mobile_app,0.21,4,0,0
77,23,30,33.0,3.0,-7.0,4,3,0.75,1,paper,0.0,6,1,0
68,5,60,50.0,-10.0,7.0,3,2,0.667,1,mobile_app,0.29,6,1,0
67,27,90,101.0,11.0,11.0,5,4,0.8,1,mobile_app,0.36,2,0,0
11,54,90,88.0,-2.0,4.0,5,4,0.8,1,paper,0.0,2,0,0
68,25,60,52.0,-8.0,-0.0,6,5,0.833,0,paper,0.0,6,1,1
96,39,60,62.0,2.0,-5.0,4,3,0.75,1,mobile_app,0.69,2,0,0
37,11,60,52.0,-8.0,0.0,2,1,0.5,1,paper,0.0,6,1,1
73,9,120,120.0,0.0,14.0,6,5,0.833,1,paper,0.0,3,0,0
4,44,60,66.0,6.0,-2.0,3,2,0.667,1,mobile_app,0.23,3,0,1
42,4,60,62.0,2.0,-21.0,5,3,0.6,1,mobile_app,0.78,6,1,1
53,27,60,61.0,1.0,-3.0,5,3,0.6,1,paper,0.0,6,1,0
118,19,60,62.0,2.0,-2.0,2,1,0.5,1,mobile_app,0.08,6,1,1
26,1,60,36.0,-24.0,-22.0,4,3,0.75,1,mobile_app,0.33,0,0,0
34,32,30,33.0,3.0,2.0,2,1,0.5,1,mobile_app,0.46,0,0,0
50,57,90,91.0,1.0,2.0,5,2,0.4,1,paper,0.0,0,0,1
120,5,90,102.0,12.0,21.0,5,4,0.8,1,paper,0.0,3,0,0
103,49,90,93.0,3.0,-5.0,4,3,0.75,1,mobile_app,0.05,2,0,0
5,32,90,88.0,-2.0,5.0,3,2,0.667,1,paper,0.0,1,0,1
29,43,60,66.0,6.0,5.0,6,5,0.833,1,mobile_app,0.5,4,0,0
99,6,120,116.0,-4.0,6.0,2,1,0.5,1,mobile_app,0.68,1,0,0
7,52,90,91.0,1.0,-3.0,2,1,0.5,1,mobile_app,0.02,6,1,1
103,1,90,86.0,-4.0,-13.0,3,2,0.667,1,mobile_app,0.83,2,0,1
34,54,90,92.0,2.0,0.0,6,5,0.833,1,mobile_app,0.32,3,0,0
111,39,60,58.0,-2.0,0.0,6,4,0.667,1,mobile_app,0.66,0,0,1
36,20,60,77.0,17.0,-5.0,4,3,0.75,1,mobile_app,0.05,0,0,0
53,1,60,89.0,29.0,15.0,6,5,0.833,1,mobile_app,0.48,1,0,0
80,37,30,36.0,6.0,-2.0,6,5,0.833,1,mobile_app,0.54,1,0,0
16,6,60,80.0,20.0,-21.0,4,3,0.75,1,mobile_app,0.18,0,0,0
67,36,30,19.0,-11.0,-1.0,2,1,0.5,1,mobile_app,0.03,3,0,0
61,46,30,23.0,-7.0,2.0,6,4,0.667,1,mobile_app,0.73,4,0,0
95,16,120,116.0,-4.0,3.0,5,4,0.8,1,paper,0.0,4,0,0
120,15,90,90.0,0.0,3.0,2,1,0.5,1,paper,0.0,5,1,0
80,14,60,58.0,-2.0,14.0,6,4,0.667,1,mobile_app,0.3,4,0,0
50,14,60,41.0,-19.0,-11.0,3,2,0.667,1,mobile_app,0.84,0,0,0
49,7,60,75.0,15.0,-5.0,5,4,0.8,1,mobile_app,0.42,6,1,0
51,15,120,145.0,25.0,15.0,3,2,0.667,1,mobile_app,0.25,5,1,0
98,39,90,98.0,8.0,-11.0,2,1,0.5,1,mobile_app,0.57,1,0,0
39,18,90,102.0,12.0,-0.0,4,3,0.75,1,mobile_app,0.18,6,1,0
21,47,60,61.0,1.0,5.0,4,3,0.75,1,mobile_app,0.18,3,0,0
41,49,60,56.0,-4.0,5.0,6,4,0.667,1,mobile_app,0.17,2,0,0
3,45,90,90.0,0.0,3.0,2,1,0.5,1,mobile_app,0.86,1,0,0
13,32,120,137.0,17.0,5.0,6,5,0.833,1,mobile_app,0.17,6,1,0
11,19,60,56.0,-4.0,-9.0,2,1,0.5,1,mobile_app,0.9,4,0,0
93,55,60,58.0,-2.0,4.0,6,6,1.0,1,mobile_app,0.39,3,0,0
87,13,60,73.0,13.0,-12.0,5,4,0.8,1,mobile_app,0.28,5,1,0
84,28,60,70.0,10.0,-8.0,3,2,0.667,1,paper,0.0,5,1,1
56,27,120,112.0,-8.0,3.0,6,5,0.833,1,mobile_app,0.32,3,0,0
87,44,90,89.0,-1.0,-2.0,3,2,0.667,1,paper,0.0,1,0,1
20,33,60,56.0,-4.0,1.0,5,3,0.6,1,mobile_app,0.62,3,0,1
109,48,60,60.0,0.0,2.0,2,2,1.0,1,paper,0.0,4,0,0
61,55,60,64.0,4.0,5.0,2,1,0.5,1,mobile_app,0.68,1,0,1
113,24,30,22.0,-8.0,3.0,3,1,0.333,1,mobile_app,0.49,0,0,1
19,52,60,64.0,4.0,-2.0,3,3,1.0,1,mobile_app,0.42,6,1,0
60,11,90,91.0,1.0,7.0,3,2,0.667,1,mobile_app,0.69,4,0,0
84,55,90,98.0,8.0,-2.0,3,2,0.667,1,mobile_app,0.5,4,0,0
60,11,60,64.0,4.0,9.0,5,4,0.8,1,mobile_app,0.44,3,0,0
54,51,90,90.0,0.0,0.0,2,1,0.5,1,mobile_app,1.33,5,1,1
20,24,90,96.0,6.0,3.0,5,3,0.6,1,paper,0.0,2,0,1
46,57,60,59.0,-1.0,-5.0,6,5,0.833,1,mobile_app,0.16,0,0,0
29,8,90,67.0,-23.0,-24.0,6,5,0.833,1,mobile_app,0.73,5,1,1
37,28,90,88.0,-2.0,-11.0,2,1,0.5,1,paper,0.0,1,0,1
83,54,90,89.0,-1.0,5.0,6,5,0.833,1,paper,0.0,5,1,0
76,3,30,10.0,-20.0,-13.0,2,1,0.5,1,mobile_app,0.79,3,0,1
73,16,60,59.0,-1.0,7.0,2,1,0.5,1,mobile_app,0.06,2,0,1
44,5,60,32.0,-28.0,-7.0,5,4,0.8,1,mobile_app,0.15,3,0,0
116,19,30,26.0,-4.0,-2.0,5,4,0.8,0,mobile_app,0.29,3,0,1
11,24,60,62.0,2.0,-0.0,2,1,0.5,1,paper,0.0,2,0,1
42,37,90,91.0,1.0,10.0,4,3,0.75,1,mobile_app,0.2,1,0,0
15,16,30,25.0,-5.0,5.0,4,3,0.75,1,mobile_app,0.2,2,0,0
41,10,60,59.0,-1.0,4.0,5,4,0.8,1,paper,0.0,2,0,0
116,11,120,110.0,-10.0,13.0,4,3,0.75,1,mobile_app,0.03,3,0,0
44,56,60,60.0,0.0,-2.0,5,4,0.8,1,paper,0.0,6,1,0
110,57,60,60.0,0.0,3.0,2,1,0.5,1,mobile_app,0.6,2,0,0
60,14,60,50.0,-10.0,9.0,6,5,0.833,1,mobile_app,0.12,4,0,0
84,12,60,63.0,3.0,9.0,4,3,0.75,1,paper,0.0,0,0,0
55,4,30,34.0,4.0,-2.0,5,4,0.8,1,mobile_app,0.22,0,0,0
32,57,90,89.0,-1.0,-1.0,4,3,0.75,1,mobile_app,0.51,4,0,0
92,42,60,75.0,15.0,-4.0,3,2,0.667,1,mobile_app,0.12,4,0,1
117,45,60,59.0,-1.0,-4.0,5,4,0.8,1,mobile_app,0.78,5,1,0
32,18,30,27.0,-3.0,-8.0,3,2,0.667,1,mobile_app,0.25,3,0,0
94,38,90,87.0,-3.0,2.0,3,2,0.667,1,paper,0.0,2,0,1
32,4,30,17.0,-13.0,-3.0,4,3,0.75,1,paper,0.0,0,0,0
87,40,90,94.0,4.0,2.0,3,2,0.667,1,mobile_app,0.29,6,1,1
95,35,60,55.0,-5.0,3.0,6,5,0.833,1,mobile_app,0.06,1,0,0
54,20,60,54.0,-6.0,-9.0,5,4,0.8,1,mobile_app,0.51,6,1,0
89,42,60,57.0,-3.0,-5.0,3,2,0.667,1,paper,0.0,1,0,1
33,39,60,53.0,-7.0,-1.0,2,1,0.5,1,mobile_app,0.76,3,0,0
10,26,60,44.0,-16.0,-6.0,3,2,0.667,1,paper,0.0,0,0,1
12,12,90,84.0,-6.0,-9.0,2,1,0.5,1,paper,0.0,5,1,1
54,2,60,72.0,12.0,20.0,3,2,0.667,1,mobile_app,0.29,2,0,1
109,56,60,61.0,1.0,-5.0,3,2,0.667,1,mobile_app,0.38,3,0,0
16,17,60,77.0,17.0,19.0,5,4,0.8,1,mobile_app,0.31,0,0,0
55,18,60,68.0,8.0,3.0,2,1,0.5,1,mobile_app,0.34,1,0,0
85,41,60,63.0,3.0,5.0,2,1,0.5,1,mobile_app,0.44,2,0,0
25,16,30,51.0,21.0,8.0,2,1,0.5,1,mobile_app,0.18,0,0,1
87,23,60,59.0,-1.0,5.0,6,5,0.833,1,mobile_app,0.38,5,1,0
37,42,30,30.0,0.0,8.0,6,5,0.833,1,paper,0.0,2,0,0
98,36,60,60.0,0.0,-6.0,3,2,0.667,1,mobile_app,0.31,5,1,0
70,39,60,70.0,10.0,-1.0,4,3,0.75,1,mobile_app,1.14,1,0,0
66,1,60,60.0,0.0,-10.0,3,2,0.667,1,mobile_app,1.44,0,0,1
22,27,60,54.0,-6.0,-13.0,4,3,0.75,1,mobile_app,0.29,6,1,0
56,29,120,125.0,5.0,-5.0,4,3,0.75,1,mobile_app,0.19,1,0,0
103,38,60,54.0,-6.0,11.0,3,2,0.667,1,mobile_app,0.1,6,1,0
3,9,90,97.0,7.0,-2.0,5,4,0.8,1,mobile_app,0.95,4,0,0
92,10,60,65.0,5.0,20.0,2,1,0.5,1,paper,0.0,3,0,0
60,45,60,59.0,-1.0,9.0,5,4,0.8,1,mobile_app,1.25,4,0,1
87,40,30,34.0,4.0,16.0,5,3,0.6,1,mobile_app,0.67,3,0,1
80,48,60,53.0,-7.0,8.0,2,1,0.5,1,paper,0.0,2,0,1
52,16,90,92.0,2.0,22.0,5,3,0.6,1,mobile_app,0.37,6,1,1
38,59,90,88.0,-2.0,1.0,5,4,0.8,1,paper,0.0,0,0,1
76,17,60,91.0,31.0,2.0,6,4,0.667,1,mobile_app,0.18,5,1,1
17,39,90,91.0,1.0,2.0,6,3,0.5,1,paper,0.0,4,0,0
71,10,60,53.0,-7.0,0.0,2,1,0.5,1,mobile_app,0.22,1,0,0
12,55,30,25.0,-5.0,0.0,2,1,0.5,1,paper,0.0,4,0,1
78,20,90,104.0,14.0,7.0,2,1,0.5,1,mobile_app,0.32,6,1,1
76,48,60,58.0,-2.0,-2.0,4,3,0.75,1,mobile_app,0.26,2,0,0
11,20,30,22.0,-8.0,-12.0,5,4,0.8,1,paper,0.0,3,0,0
91,47,120,122.0,2.0,2.0,5,3,0.6,1,mobile_app,1.91,2,0,1
50,27,120,126.0,6.0,-5.0,3,2,0.667,1,mobile_app,0.23,0,0,0
95,4,90,99.0,9.0,-7.0,3,2,0.667,1,mobile_app,0.14,0,0,0
5,12,60,60.0,0.0,-1.0,2,1,0.5,1,paper,0.0,1,0,1
22,41,90,91.0,1.0,-2.0,3,2,0.667,1,paper,0.0,4,0,1
60,12,60,63.0,3.0,11.0,3,2,0.667,1,paper,0.0,5,1,0
23,17,60,64.0,4.0,-2.0,3,2,0.667,1,mobile_app,0.19,0,0,0
40,32,60,63.0,3.0,8.0,2,1,0.5,1,paper,0.0,0,0,1
80,15,120,132.0,12.0,2.0,3,2,0.667,1,paper,0.0,6,1,1
18,8,120,121.0,1.0,-1.0,6,5,0.833,1,mobile_app,0.57,5,1,0
82,37,90,84.0,-6.0,1.0,3,2,0.667,1,mobile_app,0.28,3,0,1
13,41,30,29.0,-1.0,-7.0,6,5,0.833,1,mobile_app,0.56,5,1,0
22,44,60,64.0,4.0,2.0,2,1,0.5,1,mobile_app,0.06,1,0,0
71,56,60,54.0,-6.0,3.0,5,5,1.0,1,mobile_app,0.54,0,0,0
96,8,120,97.0,-23.0,11.0,2,1,0.5,1,mobile_app,0.7,6,1,0
21,26,30,38.0,8.0,-10.0,3,1,0.333,1,mobile_app,0.64,2,0,0
36,14,30,48.0,18.0,-15.0,6,4,0.667,1,mobile_app,0.11,2,0,0
112,54,90,85.0,-5.0,-2.0,5,3,0.6,1,mobile_app,0.33,3,0,0
119,32,60,61.0,1.0,9.0,4,3,0.75,1,paper,0.0,4,0,0
70,6,90,85.0,-5.0,2.0,5,3,0.6,1,mobile_app,0.28,0,0,1
54,41,30,28.0,-2.0,-4.0,5,4,0.8,1,mobile_app,0.16,4,0,0
42,3,90,94.0,4.0,-17.0,5,4,0.8,1,paper,0.0,4,0,0
74,17,30,16.0,-14.0,-6.0,4,3,0.75,1,mobile_app,0.16,5,1,0
71,43,30,24.0,-6.0,-4.0,4,3,0.75,1,mobile_app,0.62,6,1,0
36,30,60,57.0,-3.0,7.0,2,1,0.5,1,paper,0.0,5,1,1
3,45,60,59.0,-1.0,5.0,6,5,0.833,1,mobile_app,0.34,4,0,0
19,34,60,51.0,-9.0,-7.0,4,3,0.75,1,paper,0.0,6,1,1
116,50,30,33.0,3.0,3.0,3,3,1.0,1,paper,0.0,3,0,1
51,34,30,27.0,-3.0,4.0,2,1,0.5,1,mobile_app,0.7,0,0,1
58,4,90,84.0,-6.0,-13.0,5,4,0.8,1,paper,0.0,6,1,0
57,5,60,64.0,4.0,-1.0,5,4,0.8,1,mobile_app,0.05,6,1,0
94,46,90,89.0,-1.0,1.0,6,5,0.833,1,paper,0.0,6,1,0
8,3,90,102.0,12.0,2.0,6,5,0.833,1,mobile_app,0.31,6,1,0
10,23,30,21.0,-9.0,-14.0,6,5,0.833,1,paper,0.0,6,1,0
34,1,90,70.0,-20.0,2.0,5,4,0.8,1,mobile_app,1.21,4,0,0
59,18,60,57.0,-3.0,6.0,6,5,0.833,1,mobile_app,0.48,0,0,0
81,36,60,60.0,0.0,9.0,2,1,0.5,1,paper,0.0,5,1,1
59,11,30,15.0,-15.0,-7.0,3,1,0.333,1,paper,0.0,0,0,0
53,28,90,78.0,-12.0,-4.0,4,3,0.75,1,mobile_app,1.26,1,0,1
113,59,60,61.0,1.0,-1.0,5,4,0.8,1,mobile_app,0.59,4,0,0
20,5,60,50.0,-10.0,3.0,3,2,0.667,1,paper,0.0,6,1,0
69,4,120,100.0,-20.0,1.0,3,2,0.667,1,mobile_app,0.25,1,0,1
66,17,60,71.0,11.0,6.0,6,5,0.833,1,mobile_app,0.45,1,0,0
57,49,120,117.0,-3.0,-4.0,5,4,0.8,1,mobile_app,0.53,3,0,0
97,24,90,101.0,11.0,3.0,5,4,0.8,1,paper,0.0,2,0,0
33,38,120,120.0,0.0,-4.0,2,1,0.5,1,paper,0.0,5,1,1
115,2,120,124.0,4.0,-2.0,4,2,0.5,1,mobile_app,0.07,1,0,1
40,44,120,119.0,-1.0,8.0,4,2,0.5,1,paper,0.0,6,1,1
66,4,30,10.0,-20.0,-16.0,5,4,0.8,0,mobile_app,0.12,1,0,0
63,42,90,83.0,-7.0,-1.0,6,6,1.0,1,mobile_app,0.62,2,0,0
102,9,90,88.0,-2.0,-13.0,3,2,0.667,1,paper,0.0,4,0,1
53,51,90,92.0,2.0,1.0,6,5,0.833,1,mobile_app,0.88,5,1,0
35,18,60,41.0,-19.0,9.0,5,3,0.6,1,mobile_app,0.96,3,0,0
3,11,120,119.0,-1.0,2.0,4,3,0.75,1,mobile_app,0.14,3,0,0
44,20,60,48.0,-12.0,-1.0,6,5,0.833,1,mobile_app,0.47,4,0,0
100,1,60,63.0,3.0,16.0,2,1,0.5,1,mobile_app,0.04,4,0,0
2,10,60,60.0,0.0,3.0,5,4,0.8,1,paper,0.0,5,1,0
108,36,60,65.0,5.0,5.0,3,2,0.667,1,mobile_app,0.8,0,0,0
66,18,90,102.0,12.0,6.0,5,4,0.8,1,mobile_app,0.73,6,1,0
17,21,30,35.0,5.0,-24.0,2,1,0.5,1,mobile_app,0.09,0,0,1
37,48,90,94.0,4.0,-0.0,5,5,1.0,1,paper,0.0,1,0,0
67,8,90,86.0,-4.0,-11.0,2,1,0.5,1,mobile_app,0.07,5,1,0
38,24,60,87.0,27.0,-7.0,3,2,0.667,1,paper,0.0,1,0,1
14,11,90,75.0,-15.0,15.0,6,5,0.833,0,mobile_app,0.11,4,0,1
80,29,60,55.0,-5.0,-3.0,5,4,0.8,1,mobile_app,1.1,1,0,0
81,20,90,99.0,9.0,16.0,4,3,0.75,1,mobile_app,1.41,5,1,0
15,3,120,130.0,10.0,-16.0,3,2,0.667,1,mobile_app,0.58,2,0,1
34,5,60,67.0,7.0,-12.0,2,1,0.5,1,mobile_app,0.32,0,0,1
30,51,90,93.0,3.0,3.0,2,1,0.5,1,paper,0.0,0,0,1
80,4,60,32.0,-28.0,-4.0,5,3,0.6,0,mobile_app,0.3,1,0,1
88,47,60,68.0,8.0,1.0,3,3,1.0,1,mobile_app,0.32,5,1,0
88,55,90,89.0,-1.0,-0.0,2,2,1.0,1,mobile_app,0.04,0,0,0
113,28,60,71.0,11.0,-1.0,4,3,0.75,1,mobile_app,0.37,4,0,0
93,19,90,68.0,-22.0,-3.0,3,2,0.667,1,paper,0.0,4,0,0
39,46,60,61.0,1.0,1.0,6,4,0.667,1,mobile_app,0.26,2,0,1
13,58,60,58.0,-2.0,2.0,3,2,0.667,1,paper,0.0,4,0,1
74,8,120,127.0,7.0,17.0,3,2,0.667,0,paper,0.0,2,0,1
110,57,30,31.0,1.0,-1.0,2,1,0.5,1,paper,0.0,2,0,1
118,56,60,61.0,1.0,-1.0,2,1,0.5,1,mobile_app,0.67,0,0,1
28,9,60,47.0,-13.0,-5.0,4,3,0.75,1,paper,0.0,0,0,0
29,4,90,89.0,-1.0,17.0,3,2,0.667,1,paper,0.0,0,0,1
5,43,60,59.0,-1.0,3.0,5,4,0.8,1,mobile_app,0.34,0,0,0
17,5,60,67.0,7.0,-21.0,6,4,0.667,1,mobile_app,0.22,2,0,1
67,36,60,67.0,7.0,-12.0,4,3,0.75,1,paper,0.0,1,0,0
66,4,60,62.0,2.0,-9.0,3,2,0.667,1,mobile_app,0.54,1,0,0
45,41,120,112.0,-8.0,1.0,6,4,0.667,1,mobile_app,0.23,0,0,1
38,14,60,61.0,1.0,-0.0,6,5,0.833,1,mobile_app,0.03,5,1,0
100,6,60,94.0,34.0,6.0,6,5,0.833,1,paper,0.0,6,1,0
56,4,90,112.0,22.0,-2.0,6,5,0.833,1,mobile_app,0.27,5,1,0
97,12,60,24.0,-36.0,14.0,6,4,0.667,1,mobile_app,0.78,1,0,1
116,32,60,61.0,1.0,5.0,5,4,0.8,0,mobile_app,0.01,5,1,0
39,5,60,72.0,12.0,1.0,6,5,0.833,1,mobile_app,0.16,1,0,0
25,48,60,59.0,-1.0,5.0,3,2,0.667,1,mobile_app,0.25,2,0,0
115,36,90,87.0,-3.0,-10.0,6,4,0.667,1,mobile_app,0.07,5,1,0
77,18,120,117.0,-3.0,-1.0,2,1,0.5,1,paper,0.0,1,0,1
35,59,120,122.0,2.0,0.0,6,6,1.0,1,paper,0.0,6,1,0
75,39,120,112.0,-8.0,3.0,3,2,0.667,1,paper,0.0,5,1,1
62,40,60,68.0,8.0,-9.0,3,2,0.667,1,paper,0.0,4,0,1
109,11,60,59.0,-1.0,-3.0,5,3,0.6,1,mobile_app,0.02,3,0,1
31,42,90,84.0,-6.0,2.0,2,2,1.0,1,mobile_app,0.2,1,0,0
119,33,120,129.0,9.0,3.0,6,5,0.833,1,mobile_app,0.52,4,0,0
113,59,90,84.0,-6.0,4.0,5,3,0.6,1,mobile_app,0.09,3,0,0
22,29,60,55.0,-5.0,5.0,2,1,0.5,1,paper,0.0,4,0,1
20,41,90,86.0,-4.0,-0.0,6,5,0.833,1,mobile_app,0.13,0,0,0
64,21,90,112.0,22.0,6.0,2,1,0.5,1,mobile_app,0.33,2,0,1
6,3,120,111.0,-9.0,-2.0,6,3,0.5,1,mobile_app,0.31,0,0,0
36,8,90,62.0,-28.0,2.0,6,5,0.833,1,mobile_app,0.31,2,0,0
53,52,60,58.0,-2.0,3.0,5,5,1.0,1,paper,0.0,4,0,0
117,44,60,63.0,3.0,-0.0,5,2,0.4,1,mobile_app,0.0,0,0,0
120,22,60,68.0,8.0,3.0,6,5,0.833,1,mobile_app,0.72,5,1,0
19,42,60,74.0,14.0,5.0,6,6,1.0,1,paper,0.0,5,1,0
108,1,120,140.0,20.0,8.0,5,3,0.6,1,mobile_app,0.44,1,0,1
11,3,60,63.0,3.0,14.0,2,1,0.5,1,mobile_app,0.45,1,0,0
90,30,60,53.0,-7.0,16.0,5,3,0.6,1,paper,0.0,5,1,1
102,37,60,71.0,11.0,4.0,3,1,0.333,1,mobile_app,1.05,5,1,1
107,56,90,89.0,-1.0,-1.0,2,1,0.5,1,mobile_app,0.13,4,0,0
27,45,60,56.0,-4.0,2.0,2,1,0.5,1,mobile_app,0.37,1,0,1
108,16,30,25.0,-5.0,4.0,4,2,0.5,1,mobile_app,0.26,3,0,0
14,49,120,114.0,-6.0,2.0,6,6,1.0,0,mobile_app,0.8,1,0,1
63,29,60,56.0,-4.0,11.0,2,1,0.5,0,paper,0.0,2,0,1
57,49,60,59.0,-1.0,-6.0,2,1,0.5,1,mobile_app,0.53,4,0,0
38,11,60,69.0,9.0,15.0,2,1,0.5,1,paper,0.0,6,1,1
3,2,60,55.0,-5.0,22.0,2,1,0.5,1,mobile_app,0.86,1,0,1
93,4,90,73.0,-17.0,6.0,4,3,0.75,1,paper,0.0,1,0,0
41,59,120,114.0,-6.0,2.0,6,5,0.833,1,paper,0.0,1,0,1
80,5,30,33.0,3.0,-3.0,2,1,0.5,1,mobile_app,0.36,1,0,1
50,56,120,120.0,0.0,0.0,6,6,1.0,1,mobile_app,0.08,6,1,0
45,43,90,87.0,-3.0,3.0,6,5,0.833,1,paper,0.0,0,0,0
107,9,60,54.0,-6.0,7.0,2,1,0.5,1,mobile_app,0.56,1,0,1
12,51,60,62.0,2.0,3.0,4,3,0.75,1,paper,0.0,4,0,0
89,9,60,78.0,18.0,7.0,6,4,0.667,1,mobile_app,1.44,2,0,1
90,9,120,110.0,-10.0,9.0,5,3,0.6,1,paper,0.0,6,1,0
46,34,60,61.0,1.0,5.0,2,1,0.5,1,mobile_app,1.0,4,0,1
32,18,60,70.0,10.0,-9.0,2,1,0.5,1,mobile_app,0.99,0,0,1
1,18,90,82.0,-8.0,7.0,4,3,0.75,1,mobile_app,0.34,3,0,0
113,12,120,120.0,0.0,19.0,6,5,0.833,1,mobile_app,0.85,0,0,0
114,36,90,90.0,0.0,-0.0,6,5,0.833,1,mobile_app,0.97,2,0,0
29,2,90,72.0,-18.0,17.0,4,3,0.75,1,mobile_app,1.72,6,1,1
4,15,60,62.0,2.0,-9.0,4,2,0.5,1,paper,0.0,3,0,1
15,33,120,120.0,0.0,-0.0,4,3,0.75,0,mobile_app,0.64,4,0,1
9,29,60,65.0,5.0,-5.0,4,3,0.75,1,mobile_app,0.39,2,0,0
100,42,30,23.0,-7.0,7.0,5,4,0.8,1,paper,0.0,6,1,0
108,13,120,120.0,0.0,16.0,3,2,0.667,1,paper,0.0,4,0,1
19,39,60,69.0,9.0,-1.0,4,3,0.75,1,paper,0.0,4,0,0
90,45,30,41.0,11.0,5.0,5,4,0.8,0,mobile_app,0.17,5,1,1
22,23,90,103.0,13.0,13.0,4,3,0.75,1,paper,0.0,5,1,0
45,16,60,47.0,-13.0,-0.0,6,4,0.667,1,mobile_app,0.48,6,1,1
72,33,30,34.0,4.0,1.0,5,4,0.8,1,mobile_app,0.66,3,0,0
87,35,90,86.0,-4.0,5.0,5,4,0.8,1,paper,0.0,1,0,1
105,6,90,94.0,4.0,-9.0,6,4,0.667,1,mobile_app,0.24,1,0,1
6,34,90,84.0,-6.0,1.0,4,3,0.75,1,mobile_app,1.36,1,0,0
24,10,60,39.0,-21.0,22.0,3,2,0.667,1,mobile_app,0.16,3,0,1
34,34,60,57.0,-3.0,-3.0,4,3,0.75,1,mobile_app,0.48,0,0,0
38,55,90,93.0,3.0,3.0,6,5,0.833,1,mobile_app,0.03,2,0,0
120,32,60,62.0,2.0,3.0,6,4,0.667,1,paper,0.0,5,1,1
94,45,60,62.0,2.0,-1.0,3,2,0.667,1,paper,0.0,3,0,1
39,19,30,32.0,2.0,2.0,4,2,0.5,1,paper,0.0,2,0,1
117,55,60,61.0,1.0,5.0,3,2,0.667,1,mobile_app,0.49,3,0,0
60,48,60,63.0,3.0,2.0,2,1,0.5,1,mobile_app,0.43,0,0,0
61,55,90,89.0,-1.0,2.0,3,2,0.667,1,paper,0.0,0,0,1
53,44,120,120.0,0.0,7.0,2,2,1.0,1,mobile_app,0.11,5,1,0
18,39,60,72.0,12.0,-2.0,3,2,0.667,0,mobile_app,0.45,4,0,1
113,31,90,91.0,1.0,-7.0,2,1,0.5,1,mobile_app,0.73,4,0,1
2,55,60,60.0,0.0,5.0,3,2,0.667,1,mobile_app,0.72,2,0,1
21,51,30,30.0,0.0,0.0,5,4,0.8,1,mobile_app,0.49,1,0,0
28,25,90,88.0,-2.0,7.0,6,4,0.667,1,mobile_app,1.59,5,1,1
34,6,60,54.0,-6.0,-8.0,6,5,0.833,1,mobile_app,0.48,5,1,0
16,1,120,123.0,3.0,5.0,4,3,0.75,1,mobile_app,0.13,0,0,0
3,14,60,54.0,-6.0,-11.0,4,3,0.75,1,mobile_app,0.19,6,1,0
82,4,60,58.0,-2.0,1.0,6,4,0.667,1,mobile_app,0.32,3,0,1
117,13,60,51.0,-9.0,-6.0,4,3,0.75,1,mobile_app,0.84,2,0,0
15,7,60,61.0,1.0,-10.0,2,1,0.5,1,paper,0.0,2,0,1
36,58,120,122.0,2.0,-1.0,6,5,0.833,1,mobile_app,0.36,3,0,0
61,6,90,87.0,-3.0,-25.0,5,4,0.8,1,paper,0.0,0,0,0
112,37,60,46.0,-14.0,-7.0,5,4,0.8,1,mobile_app,0.33,0,0,0
84,21,60,66.0,6.0,7.0,2,1,0.5,1,mobile_app,0.58,2,0,0
92,11,90,91.0,1.0,4.0,4,3,0.75,1,paper,0.0,6,1,0
70,42,90,84.0,-6.0,-5.0,4,3,0.75,1,mobile_app,0.52,2,0,0
51,58,30,33.0,3.0,2.0,6,6,1.0,1,mobile_app,0.06,6,1,0
24,47,30,23.0,-7.0,-4.0,3,3,1.0,1,mobile_app,0.44,5,1,0
104,58,30,34.0,4.0,2.0,3,3,1.0,1,mobile_app,0.14,5,1,0
97,35,60,60.0,0.0,-1.0,5,4,0.8,1,paper,0.0,1,0,0
4,40,60,45.0,-15.0,-2.0,2,1,0.5,1,paper,0.0,6,1,1
86,9,30,32.0,2.0,-1.0,5,3,0.6,1,mobile_app,0.92,5,1,0
11,51,60,58.0,-2.0,9.0,2,1,0.5,1,mobile_app,0.51,6,1,0
89,45,60,57.0,-3.0,-3.0,3,2,0.667,1,mobile_app,0.12,0,0,0
100,15,30,22.0,-8.0,2.0,4,3,0.75,1,mobile_app,0.0,1,0,0
16,21,120,119.0,-1.0,7.0,2,1,0.5,0,mobile_app,0.51,3,0,1
53,37,60,57.0,-3.0,-6.0,2,1,0.5,1,mobile_app,0.6,4,0,0
15,1,60,34.0,-26.0,-19.0,4,3,0.75,1,paper,0.0,4,0,1
69,49,60,66.0,6.0,-2.0,5,5,1.0,1,paper,0.0,6,1,0
112,17,60,57.0,-3.0,7.0,3,2,0.667,1,mobile_app,0.07,0,0,1
10,5,120,110.0,-10.0,-4.0,3,2,0.667,1,mobile_app,0.64,1,0,1
48,20,60,48.0,-12.0,-2.0,5,3,0.6,1,paper,0.0,0,0,1
117,50,60,63.0,3.0,3.0,6,5,0.833,1,mobile_app,0.23,3,0,0
37,17,120,106.0,-14.0,-7.0,4,3,0.75,1,mobile_app,0.71,1,0,0
16,32,90,91.0,1.0,-1.0,4,3,0.75,1,mobile_app,0.08,4,0,0
59,48,90,87.0,-3.0,-6.0,6,4,0.667,0,mobile_app,0.29,2,0,1
62,2,60,53.0,-7.0,4.0,2,1,0.5,1,mobile_app,0.81,1,0,1
80,45,60,54.0,-6.0,1.0,6,4,0.667,1,mobile_app,0.71,2,0,0
38,18,90,83.0,-7.0,7.0,4,3,0.75,1,mobile_app,0.22,4,0,0
115,42,60,60.0,0.0,-6.0,3,2,0.667,1,paper,0.0,6,1,1
63,12,90,93.0,3.0,-2.0,5,4,0.8,1,mobile_app,0.6,1,0,0
35,9,90,80.0,-10.0,-13.0,6,5,0.833,1,paper,0.0,1,0,0
116,47,60,60.0,0.0,-1.0,6,5,0.833,1,mobile_app,0.88,6,1,0
111,48,60,64.0,4.0,6.0,5,4,0.8,1,mobile_app,0.37,6,1,0
60,58,60,54.0,-6.0,-1.0,4,4,1.0,1,paper,0.0,6,1,0
3,40,60,60.0,0.0,-7.0,2,1,0.5,1,mobile_app,0.29,6,1,0
72,28,90,82.0,-8.0,-5.0,2,1,0.5,1,mobile_app,0.13,1,0,1
67,12,90,77.0,-13.0,-16.0,6,4,0.667,1,mobile_app,1.08,1,0,0
18,18,60,63.0,3.0,-12.0,2,1,0.5,0,mobile_app,0.47,4,0,1
77,39,90,86.0,-4.0,4.0,4,3,0.75,1,mobile_app,0.48,5,1,0
101,21,60,48.0,-12.0,-12.0,4,3,0.75,1,paper,0.0,5,1,0
13,29,90,101.0,11.0,2.0,5,4,0.8,1,paper,0.0,6,1,0
87,10,60,71.0,11.0,0.0,3,2,0.667,1,mobile_app,0.64,6,1,1
17,26,90,72.0,-18.0,-4.0,5,4,0.8,1,mobile_app,0.71,1,0,0
90,15,90,73.0,-17.0,2.0,4,3,0.75,1,mobile_app,0.15,2,0,0
51,7,60,68.0,8.0,-10.0,6,4,0.667,1,mobile_app,0.49,3,0,0
1,8,60,56.0,-4.0,9.0,2,1,0.5,1,mobile_app,0.12,2,0,0
116,31,120,132.0,12.0,-5.0,5,3,0.6,1,mobile_app,0.31,5,1,1
20,22,60,66.0,6.0,-3.0,5,4,0.8,1,mobile_app,0.41,5,1,0
72,6,90,94.0,4.0,-6.0,6,5,0.833,1,mobile_app,1.04,5,1,0
22,31,120,112.0,-8.0,5.0,4,2,0.5,1,mobile_app,0.18,0,0,0
112,10,120,126.0,6.0,6.0,3,2,0.667,1,mobile_app,1.85,5,1,1
89,1,60,42.0,-18.0,-31.0,4,3,0.75,1,mobile_app,0.09,2,0,1
97,8,90,107.0,17.0,3.0,6,4,0.667,1,paper,0.0,2,0,1
52,27,120,124.0,4.0,-13.0,2,1,0.5,1,paper,0.0,3,0,1
57,57,60,57.0,-3.0,-1.0,5,4,0.8,1,mobile_app,0.74,0,0,0
77,15,30,39.0,9.0,-1.0,3,2,0.667,1,mobile_app,0.12,5,1,0
95,17,30,55.0,25.0,-3.0,5,4,0.8,1,mobile_app,0.49,4,0,0
102,15,90,88.0,-2.0,5.0,4,3,0.75,1,mobile_app,1.39,3,0,0
3,21,60,66.0,6.0,6.0,6,5,0.833,1,mobile_app,0.4,2,0,0
80,43,60,57.0,-3.0,-4.0,2,1,0.5,1,mobile_app,0.2,1,0,0
14,20,60,61.0,1.0,-7.0,2,1,0.5,1,mobile_app,0.74,4,0,0
35,39,90,80.0,-10.0,-0.0,6,4,0.667,1,mobile_app,0.48,6,1,1
100,53,60,60.0,0.0,-5.0,3,2,0.667,1,paper,0.0,3,0,0
31,56,120,120.0,0.0,-1.0,2,1,0.5,1,mobile_app,0.8,6,1,0
96,34,90,104.0,14.0,9.0,6,5,0.833,1,mobile_app,0.03,3,0,0
56,43,120,110.0,-10.0,-7.0,4,3,0.75,1,paper,0.0,0,0,0
28,55,120,119.0,-1.0,-1.0,6,4,0.667,1,mobile_app,0.3,6,1,1
41,47,60,66.0,6.0,-2.0,4,4,1.0,1,paper,0.0,2,0,0
64,18,90,87.0,-3.0,18.0,5,4,0.8,1,paper,0.0,4,0,0
92,8,30,28.0,-2.0,-6.0,4,3,0.75,1,mobile_app,0.91,3,0,0
73,7,120,109.0,-11.0,-5.0,4,3,0.75,1,mobile_app,0.34,4,0,0
112,53,60,56.0,-4.0,-3.0,4,4,1.0,1,paper,0.0,5,1,0
105,33,90,76.0,-14.0,0.0,3,2,0.667,1,mobile_app,0.33,6,1,1
91,18,90,83.0,-7.0,2.0,5,3,0.6,0,mobile_app,0.12,6,1,1
73,21,60,50.0,-10.0,-8.0,4,3,0.75,1,mobile_app,1.33,1,0,0
35,17,90,91.0,1.0,9.0,2,1,0.5,1,paper,0.0,0,0,1
50,48,30,26.0,-4.0,1.0,3,2,0.667,1,mobile_app,0.75,4,0,0
15,37,60,57.0,-3.0,5.0,4,3,0.75,1,paper,0.0,1,0,0
45,52,60,58.0,-2.0,-1.0,6,5,0.833,1,mobile_app,0.2,2,0,0
112,18,60,59.0,-1.0,2.0,4,3,0.75,1,mobile_app,0.01,5,1,0
52,28,60,55.0,-5.0,-2.0,4,3,0.75,1,paper,0.0,4,0,0
14,8,120,106.0,-14.0,16.0,2,1,0.5,1,mobile_app,0.14,4,0,1
79,58,60,60.0,0.0,0.0,3,3,1.0,1,mobile_app,0.12,5,1,0
116,31,60,69.0,9.0,0.0,3,2,0.667,1,mobile_app,0.19,4,0,1
105,33,120,121.0,1.0,-3.0,4,3,0.75,1,mobile_app,0.35,6,1,0
33,25,90,84.0,-6.0,-4.0,6,3,0.5,1,mobile_app,0.59,1,0,1
55,16,30,29.0,-1.0,2.0,6,5,0.833,1,mobile_app,0.55,2,0,0
64,56,120,113.0,-7.0,2.0,3,2,0.667,1,paper,0.0,3,0,0
30,29,30,29.0,-1.0,-5.0,5,4,0.8,1,mobile_app,0.73,5,1,0
33,40,60,57.0,-3.0,1.0,6,5,0.833,1,mobile_app,0.62,5,1,0
29,3,60,47.0,-13.0,2.0,3,2,0.667,1,paper,0.0,2,0,1
120,17,90,82.0,-8.0,3.0,4,3,0.75,1,paper,0.0,6,1,0
90,48,30,28.0,-2.0,-7.0,4,3,0.75,1,mobile_app,1.09,4,0,0
101,6,60,73.0,13.0,-10.0,2,1,0.5,1,mobile_app,0.37,1,0,0
98,6,90,104.0,14.0,-15.0,4,3,0.75,1,paper,0.0,6,1,0
116,48,30,26.0,-4.0,0.0,2,2,1.0,1,paper,0.0,1,0,0
13,19,60,55.0,-5.0,-8.0,3,2,0.667,1,paper,0.0,4,0,1
106,17,90,85.0,-5.0,-5.0,2,1,0.5,1,mobile_app,0.57,6,1,0
8,34,90,96.0,6.0,-8.0,5,4,0.8,1,mobile_app,0.85,4,0,0
58,12,60,62.0,2.0,-4.0,6,5,0.833,1,paper,0.0,3,0,0
72,3,60,61.0,1.0,-13.0,3,2,0.667,1,paper,0.0,5,1,1
43,1,120,128.0,8.0,9.0,2,1,0.5,1,mobile_app,0.18,1,0,1
18,5,60,52.0,-8.0,5.0,4,3,0.75,1,mobile_app,0.18,1,0,0
24,10,30,47.0,17.0,2.0,2,1,0.5,1,paper,0.0,4,0,0
99,42,60,60.0,0.0,-2.0,4,2,0.5,1,mobile_app,0.33,5,1,1
39,18,60,51.0,-9.0,-18.0,4,3,0.75,1,mobile_app,0.87,1,0,0
38,5,120,117.0,-3.0,-5.0,4,3,0.75,1,mobile_app,0.64,4,0,0
111,1,60,77.0,17.0,-9.0,4,3,0.75,1,mobile_app,0.29,5,1,0
18,29,30,26.0,-4.0,2.0,4,3,0.75,1,mobile_app,0.06,3,0,0
110,50,60,64.0,4.0,2.0,2,1,0.5,1,mobile_app,0.42,1,0,1
111,20,30,23.0,-7.0,3.0,5,3,0.6,1,mobile_app,0.02,6,1,1
72,4,60,50.0,-10.0,14.0,5,4,0.8,1,paper,0.0,2,0,1
20,14,120,128.0,8.0,-5.0,2,1,0.5,1,mobile_app,0.93,2,0,0
19,30,90,83.0,-7.0,-4.0,4,2,0.5,0,mobile_app,0.68,4,0,1
35,12,30,40.0,10.0,10.0,3,2,0.667,1,mobile_app,0.12,1,0,1
70,58,60,61.0,1.0,0.0,3,3,1.0,1,paper,0.0,0,0,0
19,46,60,55.0,-5.0,-1.0,5,4,0.8,1,mobile_app,0.21,5,1,0
55,21,30,29.0,-1.0,16.0,4,3,0.75,1,mobile_app,0.04,5,1,0
14,57,60,58.0,-2.0,2.0,6,4,0.667,1,mobile_app,1.41,1,0,1
65,20,60,64.0,4.0,-2.0,4,3,0.75,0,mobile_app,0.3,3,0,1
3,9,90,114.0,24.0,-7.0,2,1,0.5,1,mobile_app,0.83,5,1,0
86,56,120,119.0,-1.0,4.0,5,4,0.8,1,mobile_app,0.79,6,1,0
7,57,60,62.0,2.0,1.0,2,1,0.5,1,mobile_app,0.48,6,1,1
24,19,120,120.0,0.0,0.0,3,2,0.667,1,mobile_app,0.51,0,0,1
21,36,60,60.0,0.0,4.0,6,4,0.667,1,mobile_app,0.08,5,1,1
100,11,60,58.0,-2.0,9.0,6,5,0.833,1,paper,0.0,0,0,0
7,38,90,84.0,-6.0,3.0,2,1,0.5,1,mobile_app,1.21,4,0,1
52,41,30,32.0,2.0,5.0,6,4,0.667,1,paper,0.0,4,0,0
71,42,60,58.0,-2.0,2.0,6,6,1.0,1,paper,0.0,6,1,0
62,34,90,83.0,-7.0,4.0,6,4,0.667,1,mobile_app,1.07,4,0,0
82,42,60,66.0,6.0,-4.0,6,5,0.833,1,mobile_app,0.21,3,0,0
97,33,120,121.0,1.0,12.0,2,1,0.5,1,mobile_app,0.33,4,0,0
48,49,60,59.0,-1.0,-5.0,2,1,0.5,1,mobile_app,0.42,0,0,1
100,11,90,106.0,16.0,3.0,5,4,0.8,1,mobile_app,0.21,0,0,0
39,29,30,14.0,-16.0,-10.0,2,1,0.5,1,mobile_app,0.06,5,1,0
119,25,60,72.0,12.0,-1.0,3,2,0.667,1,mobile_app,0.5,3,0,0
61,32,60,53.0,-7.0,-4.0,6,3,0.5,1,mobile_app,0.38,5,1,1
89,9,120,123.0,3.0,1.0,6,4,0.667,1,mobile_app,0.67,3,0,0
106,20,30,24.0,-6.0,3.0,3,2,0.667,1,mobile_app,0.17,6,1,0
96,57,120,117.0,-3.0,-3.0,4,3,0.75,1,mobile_app,0.8,2,0,0
103,7,60,77.0,17.0,-0.0,4,2,0.5,1,mobile_app,0.63,2,0,0
65,38,60,73.0,13.0,8.0,3,2,0.667,1,mobile_app,0.33,1,0,0
6,40,60,59.0,-1.0,-7.0,3,2,0.667,1,paper,0.0,1,0,1
60,28,30,33.0,3.0,-6.0,4,3,0.75,1,mobile_app,0.66,0,0,0
22,2,120,121.0,1.0,10.0,5,4,0.8,1,paper,0.0,0,0,1
107,3,60,84.0,24.0,1.0,6,4,0.667,1,paper,0.0,0,0,1
29,17,90,67.0,-23.0,1.0,6,5,0.833,1,mobile_app,0.49,2,0,0
28,7,60,65.0,5.0,11.0,2,1,0.5,1,mobile_app,0.1,3,0,0
30,6,60,50.0,-10.0,-9.0,5,3,0.6,1,paper,0.0,5,1,1
78,10,90,61.0,-29.0,-5.0,5,4,0.8,1,mobile_app,0.42,5,1,0
69,12,120,116.0,-4.0,-6.0,2,1,0.5,1,mobile_app,0.93,3,0,0
114,50,90,98.0,8.0,-1.0,6,6,1.0,1,mobile_app,0.35,4,0,0
50,38,60,56.0,-4.0,8.0,4,3,0.75,1,paper,0.0,1,0,0
34,2,90,101.0,11.0,-20.0,5,4,0.8,1,paper,0.0,1,0,0
6,38,90,98.0,8.0,-7.0,5,4,0.8,1,mobile_app,0.73,1,0,0
1,9,60,60.0,0.0,-14.0,3,2,0.667,1,mobile_app,0.07,3,0,0
45,25,90,91.0,1.0,11.0,3,2,0.667,1,mobile_app,0.12,2,0,0
112,3,60,36.0,-24.0,-7.0,3,2,0.667,1,mobile_app,0.3,1,0,1
63,6,90,81.0,-9.0,-4.0,5,4,0.8,1,mobile_app,0.57,3,0,0
108,8,120,132.0,12.0,-17.0,5,4,0.8,1,paper,0.0,0,0,0
13,26,120,121.0,1.0,-2.0,5,4,0.8,1,mobile_app,0.36,5,1,0
12,28,90,93.0,3.0,6.0,2,1,0.5,1,mobile_app,0.26,5,1,0
101,21,90,91.0,1.0,2.0,2,1,0.5,1,mobile_app,0.03,6,1,0
13,37,90,105.0,15.0,-1.0,5,4,0.8,1,mobile_app,0.29,1,0,0
7,43,60,58.0,-2.0,-8.0,6,5,0.833,1,paper,0.0,4,0,0
49,43,60,69.0,9.0,-2.0,3,2,0.667,1,mobile_app,0.77,5,1,1
111,35,60,61.0,1.0,1.0,4,3,0.75,1,mobile_app,0.41,2,0,0
83,33,30,43.0,13.0,-6.0,6,5,0.833,1,paper,0.0,6,1,0
12,30,120,110.0,-10.0,5.0,3,2,0.667,1,mobile_app,0.46,1,0,1
101,15,120,122.0,2.0,8.0,4,3,0.75,1,paper,0.0,1,0,0
102,29,60,57.0,-3.0,-4.0,2,1,0.5,1,paper,0.0,3,0,1
97,1,60,62.0,2.0,9.0,3,2,0.667,0,paper,0.0,2,0,1
109,58,90,94.0,4.0,-0.0,3,2,0.667,1,mobile_app,0.32,4,0,0
29,22,60,64.0,4.0,10.0,5,4,0.8,1,mobile_app,0.45,5,1,0
118,45,90,97.0,7.0,9.0,3,3,1.0,1,mobile_app,0.47,2,0,0
39,57,120,118.0,-2.0,-3.0,4,3,0.75,1,mobile_app,0.38,5,1,0
97,30,60,53.0,-7.0,5.0,3,2,0.667,1,mobile_app,0.4,2,0,1
70,51,60,60.0,0.0,5.0,2,1,0.5,1,mobile_app,0.17,0,0,1
94,29,60,60.0,0.0,-7.0,5,4,0.8,1,paper,0.0,5,1,0
76,8,30,28.0,-2.0,-6.0,5,4,0.8,1,mobile_app,0.32,3,0,0
78,2,60,47.0,-13.0,-7.0,5,4,0.8,1,mobile_app,0.08,4,0,0
74,9,30,45.0,15.0,-1.0,4,3,0.75,1,mobile_app,0.05,2,0,0
94,56,30,29.0,-1.0,-1.0,2,2,1.0,1,mobile_app,0.63,3,0,0
89,29,60,72.0,12.0,-1.0,4,3,0.75,1,mobile_app,0.36,5,1,0
17,19,60,60.0,0.0,7.0,5,3,0.6,1,mobile_app,0.69,3,0,0
100,27,90,96.0,6.0,-14.0,4,3,0.75,1,mobile_app,0.52,1,0,0
65,16,30,36.0,6.0,-9.0,5,4,0.8,1,paper,0.0,3,0,0
39,52,120,117.0,-3.0,2.0,3,2,0.667,1,mobile_app,0.27,0,0,0
62,59,60,61.0,1.0,2.0,4,3,0.75,1,paper,0.0,1,0,0
117,6,30,55.0,25.0,-12.0,3,2,0.667,1,mobile_app,0.08,6,1,1
103,43,30,31.0,1.0,3.0,6,6,1.0,0,mobile_app,0.07,6,1,1
101,20,90,99.0,9.0,11.0,2,1,0.5,1,mobile_app,0.56,6,1,0
56,3,60,70.0,10.0,-1.0,3,2,0.667,1,mobile_app,0.06,0,0,1
95,55,60,61.0,1.0,-3.0,5,4,0.8,1,mobile_app,1.1,6,1,0
47,4,30,33.0,3.0,10.0,2,1,0.5,1,mobile_app,0.48,1,0,1
83,13,120,126.0,6.0,17.0,4,3,0.75,1,paper,0.0,1,0,0
77,2,30,41.0,11.0,-10.0,2,1,0.5,1,mobile_app,0.09,3,0,0
30,28,60,48.0,-12.0,0.0,4,3,0.75,1,mobile_app,0.7,2,0,0
32,36,120,122.0,2.0,7.0,3,2,0.667,1,mobile_app,0.5,3,0,0
8,19,60,58.0,-2.0,1.0,2,1,0.5,1,mobile_app,0.43,6,1,1
17,5,60,55.0,-5.0,-20.0,4,3,0.75,1,paper,0.0,4,0,0
53,7,90,107.0,17.0,5.0,3,2,0.667,1,mobile_app,0.29,2,0,1
58,56,60,57.0,-3.0,-3.0,2,1,0.5,1,mobile_app,0.71,6,1,0
20,48,30,23.0,-7.0,-5.0,4,3,0.75,1,mobile_app,1.29,4,0,0
51,56,60,63.0,3.0,-5.0,4,3,0.75,1,mobile_app,0.9,2,0,0
73,32,30,19.0,-11.0,8.0,5,3,0.6,1,mobile_app,0.17,0,0,0
28,33,120,105.0,-15.0,-5.0,6,5,0.833,1,mobile_app,0.02,1,0,0
41,47,90,95.0,5.0,1.0,5,4,0.8,1,paper,0.0,1,0,0
45,37,60,61.0,1.0,3.0,5,4,0.8,1,mobile_app,0.97,0,0,0
61,26,60,64.0,4.0,1.0,5,3,0.6,0,mobile_app,0.44,6,1,1
44,18,90,85.0,-5.0,3.0,5,4,0.8,1,mobile_app,0.15,0,0,0
89,29,90,78.0,-12.0,3.0,5,4,0.8,1,mobile_app,0.11,6,1,0
40,4,30,14.0,-16.0,2.0,5,4,0.8,1,mobile_app,0.16,5,1,0
53,12,120,117.0,-3.0,-8.0,4,3,0.75,1,paper,0.0,0,0,0
46,44,60,53.0,-7.0,-4.0,5,5,1.0,1,mobile_app,0.05,3,0,0
22,52,90,91.0,1.0,-0.0,6,6,1.0,1,mobile_app,0.13,0,0,0
83,7,60,54.0,-6.0,-1.0,4,3,0.75,1,mobile_app,0.13,1,0,0
29,6,30,32.0,2.0,5.0,3,2,0.667,1,mobile_app,0.86,1,0,1
36,6,90,92.0,2.0,12.0,4,3,0.75,1,mobile_app,0.48,4,0,0
96,47,90,92.0,2.0,1.0,2,1,0.5,1,mobile_app,0.58,1,0,0
114,19,60,65.0,5.0,-7.0,3,2,0.667,1,paper,0.0,5,1,1
81,20,30,26.0,-4.0,-19.0,6,5,0.833,1,mobile_app,0.14,4,0,0
110,1,90,93.0,3.0,-9.0,2,1,0.5,1,mobile_app,0.63,6,1,0
103,58,60,61.0,1.0,-4.0,6,5,0.833,1,mobile_app,0.34,3,0,0
58,26,60,38.0,-22.0,-6.0,4,3,0.75,1,mobile_app,0.19,2,0,0
93,48,90,93.0,3.0,1.0,3,2,0.667,1,mobile_app,0.17,5,1,1
40,42,30,31.0,1.0,0.0,4,4,1.0,1,mobile_app,0.99,4,0,0
56,9,30,37.0,7.0,20.0,6,5,0.833,1,paper,0.0,1,0,0
65,48,30,24.0,-6.0,2.0,2,1,0.5,1,mobile_app,0.34,1,0,0
116,33,120,118.0,-2.0,12.0,4,3,0.75,1,mobile_app,0.58,4,0,0
102,36,60,52.0,-8.0,4.0,3,1,0.333,1,mobile_app,0.23,6,1,0
59,12,90,99.0,9.0,11.0,4,3,0.75,1,mobile_app,1.04,3,0,0
79,50,120,114.0,-6.0,-1.0,5,4,0.8,1,mobile_app,1.24,6,1,0
25,55,90,87.0,-3.0,-3.0,6,4,0.667,1,mobile_app,0.66,3,0,0
97,24,60,65.0,5.0,-4.0,3,2,0.667,1,mobile_app,0.66,4,0,0
67,6,60,52.0,-8.0,-0.0,5,3,0.6,1,paper,0.0,2,0,1
64,51,60,56.0,-4.0,-2.0,4,3,0.75,1,mobile_app,0.79,4,0,0
92,53,60,63.0,3.0,-3.0,4,3,0.75,1,mobile_app,0.05,0,0,0
76,30,120,128.0,8.0,3.0,2,1,0.5,1,paper,0.0,4,0,0
9,35,90,95.0,5.0,-6.0,6,5,0.833,1,mobile_app,0.38,2,0,0
35,14,60,70.0,10.0,-15.0,2,1,0.5,1,mobile_app,1.71,4,0,1
22,4,60,57.0,-3.0,-13.0,2,1,0.5,1,mobile_app,0.37,6,1,1
89,56,120,119.0,-1.0,-1.0,5,5,1.0,1,mobile_app,0.11,3,0,0
5,29,30,24.0,-6.0,-7.0,4,2,0.5,1,mobile_app,0.33,4,0,1
25,17,90,92.0,2.0,-2.0,2,1,0.5,1,mobile_app,1.14,5,1,1
72,41,60,57.0,-3.0,3.0,5,3,0.6,1,mobile_app,0.18,1,0,1
84,2,90,84.0,-6.0,7.0,3,2,0.667,1,paper,0.0,6,1,1
61,5,90,98.0,8.0,-7.0,6,5,0.833,1,mobile_app,0.27,3,0,0
104,15,60,74.0,14.0,-12.0,6,4,0.667,1,mobile_app,0.23,5,1,0
111,27,60,64.0,4.0,-4.0,4,3,0.75,1,mobile_app,0.1,0,0,0
16,22,90,108.0,18.0,5.0,4,2,0.5,1,mobile_app,1.41,2,0,1
115,12,60,52.0,-8.0,9.0,4,2,0.5,1,mobile_app,0.13,6,1,1
74,21,60,41.0,-19.0,3.0,5,4,0.8,1,mobile_app,0.61,3,0,0
77,20,60,67.0,7.0,10.0,6,5,0.833,1,mobile_app,0.19,0,0,0
12,31,60,54.0,-6.0,12.0,5,4,0.8,1,mobile_app,0.76,4,0,0
75,34,90,88.0,-2.0,-3.0,2,1,0.5,1,mobile_app,0.2,5,1,0
88,53,30,23.0,-7.0,5.0,2,1,0.5,1,mobile_app,0.64,0,0,1
70,48,60,56.0,-4.0,-1.0,5,4,0.8,1,mobile_app,0.46,1,0,0
11,18,120,104.0,-16.0,9.0,3,2,0.667,1,mobile_app,0.18,3,0,0
63,54,30,28.0,-2.0,2.0,4,3,0.75,1,mobile_app,0.48,2,0,0
113,31,60,57.0,-3.0,-14.0,4,3,0.75,1,paper,0.0,0,0,1
87,12,90,91.0,1.0,-10.0,4,3,0.75,1,mobile_app,0.29,1,0,0
17,21,120,133.0,13.0,-10.0,3,2,0.667,1,mobile_app,0.96,3,0,0
116,44,60,64.0,4.0,-8.0,2,1,0.5,1,mobile_app,0.29,4,0,1
116,49,90,83.0,-7.0,3.0,3,2,0.667,1,mobile_app,0.42,0,0,1
21,23,60,66.0,6.0,17.0,5,3,0.6,1,mobile_app,0.3,5,1,1
97,10,60,61.0,1.0,-3.0,5,4,0.8,1,paper,0.0,2,0,0
49,12,120,119.0,-1.0,9.0,6,5,0.833,1,mobile_app,0.82,6,1,0
72,7,120,120.0,0.0,16.0,2,1,0.5,1,paper,0.0,6,1,1
54,42,60,61.0,1.0,1.0,2,1,0.5,1,paper,0.0,4,0,0
94,30,60,54.0,-6.0,-0.0,2,1,0.5,1,mobile_app,0.08,0,0,0
120,27,60,58.0,-2.0,-2.0,4,2,0.5,1,mobile_app,0.45,0,0,0
96,40,30,38.0,8.0,3.0,4,3,0.75,1,mobile_app,0.5,1,0,0
112,49,120,117.0,-3.0,3.0,2,2,1.0,1,paper,0.0,3,0,0
114,47,90,85.0,-5.0,2.0,4,3,0.75,1,paper,0.0,2,0,0
11,9,60,59.0,-1.0,4.0,2,1,0.5,1,mobile_app,1.38,5,1,1
31,35,60,52.0,-8.0,-0.0,5,4,0.8,1,mobile_app,0.14,4,0,0
87,53,60,53.0,-7.0,-5.0,4,3,0.75,1,mobile_app,0.09,2,0,0
71,46,30,28.0,-2.0,4.0,2,1,0.5,1,mobile_app,1.22,6,1,1
7,20,90,105.0,15.0,-11.0,2,1,0.5,1,mobile_app,0.77,6,1,0
12,24,60,60.0,0.0,5.0,5,3,0.6,1,mobile_app,0.48,4,0,0
63,53,60,61.0,1.0,2.0,6,5,0.833,1,paper,0.0,1,0,0
74,2,90,60.0,-30.0,-13.0,6,4,0.667,1,mobile_app,0.05,6,1,1
21,31,120,124.0,4.0,-4.0,4,3,0.75,1,mobile_app,0.39,5,1,0
21,7,30,31.0,1.0,23.0,4,3,0.75,1,mobile_app,0.65,1,0,0
16,53,60,57.0,-3.0,-0.0,6,5,0.833,1,mobile_app,0.74,1,0,0
68,3,60,62.0,2.0,-14.0,6,5,0.833,1,mobile_app,0.53,2,0,0
1,2,60,62.0,2.0,9.0,6,5,0.833,1,paper,0.0,4,0,1
69,20,60,49.0,-11.0,-7.0,3,2,0.667,1,mobile_app,0.92,6,1,1
58,12,90,94.0,4.0,-19.0,4,3,0.75,1,paper,0.0,0,0,0
56,30,60,70.0,10.0,4.0,2,1,0.5,1,mobile_app,0.64,0,0,1
82,18,60,58.0,-2.0,-8.0,2,1,0.5,1,mobile_app,0.51,4,0,0
63,22,120,111.0,-9.0,3.0,3,2,0.667,1,mobile_app,0.47,3,0,1
88,34,60,59.0,-1.0,-5.0,6,5,0.833,1,mobile_app,0.38,0,0,0
92,34,90,96.0,6.0,4.0,4,3,0.75,1,mobile_app,0.1,3,0,0
111,56,90,86.0,-4.0,1.0,4,3,0.75,1,mobile_app,0.85,0,0,0
96,29,90,95.0,5.0,-19.0,6,5,0.833,1,paper,0.0,6,1,0
63,34,90,85.0,-5.0,2.0,4,3,0.75,1,mobile_app,1.27,6,1,0
60,40,90,92.0,2.0,-2.0,3,2,0.667,1,mobile_app,0.32,3,0,1
29,11,90,83.0,-7.0,14.0,5,4,0.8,1,paper,0.0,5,1,0
72,40,60,56.0,-4.0,2.0,3,2,0.667,1,mobile_app,0.52,6,1,1
17,51,60,66.0,6.0,3.0,3,2,0.667,1,paper,0.0,0,0,0
112,19,60,45.0,-15.0,-6.0,6,5,0.833,1,mobile_app,0.36,4,0,0
102,11,60,66.0,6.0,-8.0,4,3,0.75,1,mobile_app,0.41,1,0,0
15,21,30,48.0,18.0,-0.0,3,2,0.667,1,mobile_app,0.28,2,0,1
95,17,60,68.0,8.0,-3.0,6,4,0.667,1,paper,0.0,4,0,1
15,35,60,50.0,-10.0,8.0,5,4,0.8,1,paper,0.0,1,0,0
87,51,30,25.0,-5.0,-1.0,5,4,0.8,1,paper,0.0,6,1,0
11,36,60,55.0,-5.0,-7.0,3,2,0.667,1,mobile_app,0.38,3,0,1
59,8,90,92.0,2.0,-9.0,5,3,0.6,1,mobile_app,0.0,6,1,0
79,19,60,62.0,2.0,9.0,6,5,0.833,1,mobile_app,0.8,0,0,0
88,41,90,82.0,-8.0,-1.0,2,1,0.5,1,mobile_app,0.67,5,1,1
51,20,60,51.0,-9.0,-2.0,2,1,0.5,1,mobile_app,0.36,2,0,1
111,35,120,114.0,-6.0,7.0,4,3,0.75,1,mobile_app,0.82,4,0,0
93,41,90,89.0,-1.0,-5.0,5,4,0.8,1,paper,0.0,3,0,0
25,20,30,51.0,21.0,-19.0,2,1,0.5,1,mobile_app,0.07,4,0,1
81,39,120,114.0,-6.0,-5.0,4,3,0.75,1,mobile_app,0.62,3,0,0
88,24,30,21.0,-9.0,2.0,2,1,0.5,1,mobile_app,1.0,3,0,1
41,8,60,45.0,-15.0,-3.0,6,4,0.667,1,mobile_app,0.7,3,0,0
89,22,90,96.0,6.0,-13.0,5,4,0.8,1,mobile_app,1.09,6,1,0
108,27,60,60.0,0.0,8.0,6,5,0.833,1,mobile_app,0.37,6,1,0
99,1,60,47.0,-13.0,2.0,3,2,0.667,1,mobile_app,0.24,4,0,1
92,53,60,59.0,-1.0,1.0,5,5,1.0,1,mobile_app,0.46,1,0,0
77,32,30,24.0,-6.0,3.0,3,2,0.667,1,mobile_app,0.82,0,0,1
33,3,30,34.0,4.0,-15.0,2,1,0.5,1,mobile_app,0.7,6,1,1
96,52,30,41.0,11.0,1.0,4,3,0.75,1,mobile_app,0.26,1,0,0
44,51,30,32.0,2.0,3.0,4,3,0.75,1,mobile_app,0.37,4,0,0
64,1,90,89.0,-1.0,13.0,4,3,0.75,1,mobile_app,0.71,4,0,0
38,10,60,52.0,-8.0,7.0,6,5,0.833,1,mobile_app,0.08,5,1,0
38,22,60,47.0,-13.0,4.0,3,2,0.667,1,paper,0.0,2,0,1
19,30,90,96.0,6.0,-12.0,5,4,0.8,1,mobile_app,0.63,4,0,0
116,43,30,34.0,4.0,-0.0,2,1,0.5,1,mobile_app,0.91,3,0,0
18,26,60,56.0,-4.0,-7.0,6,5,0.833,1,mobile_app,0.94,1,0,0
11,37,90,98.0,8.0,7.0,4,3,0.75,1,mobile_app,1.25,5,1,0
113,1,120,120.0,0.0,13.0,5,3,0.6,1,paper,0.0,5,1,1
67,39,60,65.0,5.0,-5.0,3,2,0.667,1,paper,0.0,3,0,1
53,55,30,31.0,1.0,-0.0,3,2,0.667,1,mobile_app,0.28,5,1,1
89,32,90,89.0,-1.0,2.0,6,5,0.833,1,mobile_app,0.01,4,0,0
46,27,120,111.0,-9.0,7.0,2,1,0.5,0,mobile_app,0.09,5,1,1
16,18,60,58.0,-2.0,-15.0,4,3,0.75,1,mobile_app,0.11,5,1,0
88,57,60,63.0,3.0,-7.0,3,2,0.667,1,mobile_app,0.29,6,1,0
22,2,30,23.0,-7.0,0.0,3,2,0.667,1,mobile_app,0.62,4,0,1
67,17,60,65.0,5.0,-23.0,5,4,0.8,1,paper,0.0,0,0,1
114,9,120,106.0,-14.0,2.0,5,3,0.6,1,mobile_app,1.38,6,1,1
113,52,90,93.0,3.0,2.0,4,3,0.75,1,mobile_app,1.12,6,1,0
44,29,60,63.0,3.0,9.0,5,4,0.8,1,mobile_app,0.78,5,1,0
94,55,90,86.0,-4.0,-2.0,2,1,0.5,1,mobile_app,0.51,6,1,1
74,40,90,89.0,-1.0,1.0,3,2,0.667,1,mobile_app,0.16,1,0,1
58,33,60,67.0,7.0,4.0,5,4,0.8,1,mobile_app,0.42,6,1,0
17,31,90,80.0,-10.0,-8.0,5,4,0.8,1,mobile_app,0.23,0,0,0
46,12,60,47.0,-13.0,9.0,2,1,0.5,1,paper,0.0,4,0,1
79,34,60,59.0,-1.0,2.0,6,5,0.833,1,mobile_app,0.57,3,0,0
119,41,60,73.0,13.0,-3.0,4,3,0.75,1,paper,0.0,5,1,0
1,57,60,58.0,-2.0,0.0,3,2,0.667,1,paper,0.0,3,0,1
87,33,120,124.0,4.0,-1.0,4,3,0.75,1,mobile_app,1.32,4,0,0
102,56,60,61.0,1.0,2.0,3,2,0.667,1,mobile_app,0.21,2,0,0
115,56,60,58.0,-2.0,-1.0,4,2,0.5,1,paper,0.0,3,0,1
51,31,60,61.0,1.0,2.0,2,1,0.5,1,mobile_app,0.07,2,0,0
15,26,60,56.0,-4.0,-5.0,2,1,0.5,1,mobile_app,0.42,6,1,1
33,9,60,55.0,-5.0,-10.0,6,5,0.833,1,mobile_app,0.52,3,0,0
103,16,90,71.0,-19.0,2.0,5,4,0.8,1,paper,0.0,1,0,0
106,52,60,60.0,0.0,-3.0,3,2,0.667,1,mobile_app,0.16,0,0,1
77,9,60,71.0,11.0,8.0,6,5,0.833,1,mobile_app,0.41,5,1,0
15,24,90,91.0,1.0,5.0,5,3,0.6,1,mobile_app,0.28,4,0,0
15,42,30,37.0,7.0,-4.0,5,3,0.6,1,mobile_app,0.17,3,0,1
58,15,90,97.0,7.0,2.0,5,3,0.6,1,mobile_app,1.33,1,0,1
71,58,60,60.0,0.0,-2.0,6,5,0.833,1,mobile_app,0.45,2,0,0
4,39,60,56.0,-4.0,-9.0,6,5,0.833,1,mobile_app,0.56,4,0,0
83,2,90,83.0,-7.0,-7.0,3,2,0.667,1,mobile_app,0.76,3,0,1
66,15,90,73.0,-17.0,-0.0,5,4,0.8,0,mobile_app,0.47,3,0,1
2,44,90,89.0,-1.0,2.0,2,1,0.5,1,mobile_app,0.56,4,0,1
12,51,60,61.0,1.0,1.0,4,3,0.75,1,mobile_app,0.27,6,1,0
55,55,60,66.0,6.0,3.0,2,2,1.0,1,mobile_app,0.6,1,0,0
87,51,90,92.0,2.0,-3.0,2,1,0.5,1,mobile_app,0.26,4,0,0
100,5,60,48.0,-12.0,-4.0,5,4,0.8,1,mobile_app,0.15,5,1,0
52,44,90,82.0,-8.0,8.0,3,2,0.667,1,mobile_app,0.08,3,0,1
36,7,60,57.0,-3.0,-21.0,2,1,0.5,1,mobile_app,0.07,2,0,0
117,5,90,101.0,11.0,-5.0,6,4,0.667,1,mobile_app,0.2,3,0,0
56,41,60,59.0,-1.0,-6.0,6,5,0.833,1,paper,0.0,4,0,0
38,29,60,65.0,5.0,-1.0,3,2,0.667,1,mobile_app,0.19,2,0,0
54,39,60,59.0,-1.0,-2.0,4,2,0.5,1,mobile_app,0.11,1,0,0
2,51,60,63.0,3.0,2.0,3,2,0.667,1,mobile_app,0.0,0,0,1
37,5,90,69.0,-21.0,3.0,6,5,0.833,1,mobile_app,1.07,0,0,0
62,32,60,73.0,13.0,-9.0,5,4,0.8,1,mobile_app,0.61,6,1,0
111,50,60,55.0,-5.0,-2.0,4,3,0.75,1,mobile_app,0.21,1,0,0
89,26,120,127.0,7.0,-0.0,6,5,0.833,1,mobile_app,0.37,4,0,0
94,31,90,88.0,-2.0,5.0,5,4,0.8,1,mobile_app,0.35,1,0,0
66,30,60,59.0,-1.0,17.0,2,1,0.5,1,paper,0.0,3,0,0
14,54,120,119.0,-1.0,2.0,4,4,1.0,1,mobile_app,0.3,5,1,0
47,3,60,64.0,4.0,-12.0,6,5,0.833,1,mobile_app,0.22,1,0,1
120,52,90,92.0,2.0,-0.0,4,4,1.0,1,paper,0.0,3,0,0
6,49,60,65.0,5.0,1.0,2,1,0.5,1,mobile_app,0.17,2,0,0
106,48,60,67.0,7.0,-2.0,5,4,0.8,1,paper,0.0,5,1,0
83,25,60,63.0,3.0,4.0,4,3,0.75,1,mobile_app,0.21,3,0,0
35,31,30,44.0,14.0,-16.0,3,2,0.667,0,mobile_app,0.51,5,1,1
94,22,60,61.0,1.0,5.0,6,4,0.667,1,mobile_app,0.24,4,0,1
101,15,60,72.0,12.0,-5.0,6,5,0.833,1,paper,0.0,1,0,0
6,52,90,92.0,2.0,-0.0,4,3,0.75,1,mobile_app,0.24,3,0,0
13,30,60,55.0,-5.0,10.0,5,4,0.8,1,mobile_app,0.46,6,1,0
80,43,30,31.0,1.0,-6.0,3,2,0.667,1,paper,0.0,2,0,1
120,6,120,127.0,7.0,3.0,5,4,0.8,1,mobile_app,0.81,5,1,0
3,47,90,90.0,0.0,3.0,6,4,0.667,1,paper,0.0,4,0,1
80,39,120,123.0,3.0,1.0,3,2,0.667,1,mobile_app,0.56,0,0,1
17,59,60,63.0,3.0,-5.0,6,4,0.667,1,paper,0.0,0,0,0
79,8,30,30.0,0.0,14.0,2,1,0.5,1,mobile_app,0.59,4,0,0
75,32,60,36.0,-24.0,-1.0,4,3,0.75,1,paper,0.0,1,0,0
11,31,60,74.0,14.0,-4.0,2,1,0.5,1,paper,0.0,2,0,1
82,32,30,28.0,-2.0,-2.0,4,3,0.75,1,mobile_app,0.53,3,0,0
108,4,120,109.0,-11.0,-4.0,5,4,0.8,1,mobile_app,0.28,3,0,0
104,28,90,80.0,-10.0,-9.0,6,5,0.833,1,paper,0.0,5,1,0
4,18,90,86.0,-4.0,1.0,2,1,0.5,1,paper,0.0,2,0,1
30,37,60,56.0,-4.0,-3.0,6,5,0.833,1,paper,0.0,0,0,0
29,14,90,81.0,-9.0,6.0,6,5,0.833,1,mobile_app,0.31,3,0,0
55,26,60,54.0,-6.0,4.0,2,1,0.5,1,mobile_app,0.27,6,1,0
18,37,120,124.0,4.0,9.0,6,5,0.833,1,paper,0.0,2,0,0
103,4,60,88.0,28.0,-2.0,6,5,0.833,1,mobile_app,0.08,5,1,0
94,47,60,64.0,4.0,-3.0,2,2,1.0,1,mobile_app,0.86,3,0,0
98,43,30,37.0,7.0,-7.0,2,1,0.5,1,mobile_app,0.03,1,0,1
24,4,90,85.0,-5.0,25.0,5,3,0.6,1,mobile_app,0.56,3,0,1
2,4,120,121.0,1.0,8.0,4,3,0.75,1,mobile_app,0.02,3,0,0
110,51,120,122.0,2.0,-2.0,3,2,0.667,1,paper,0.0,5,1,1
35,17,90,83.0,-7.0,16.0,4,3,0.75,1,paper,0.0,4,0,0
79,51,120,118.0,-2.0,5.0,3,2,0.667,1,mobile_app,0.54,1,0,1
110,30,90,97.0,7.0,-9.0,6,5,0.833,1,mobile_app,0.36,0,0,0
5,21,60,71.0,11.0,-6.0,3,2,0.667,1,mobile_app,0.56,0,0,1
1,17,90,91.0,1.0,-1.0,2,1,0.5,1,mobile_app,0.47,4,0,0
1,39,30,22.0,-8.0,-6.0,6,5,0.833,1,paper,0.0,3,0,0
19,7,60,56.0,-4.0,-1.0,6,4,0.667,1,paper,0.0,2,0,1
7,24,60,46.0,-14.0,6.0,6,5,0.833,1,mobile_app,0.28,3,0,0
99,21,60,61.0,1.0,-12.0,6,5,0.833,1,paper,0.0,0,0,0
73,10,120,123.0,3.0,3.0,2,1,0.5,1,mobile_app,0.2,3,0,1
118,21,120,117.0,-3.0,10.0,5,4,0.8,1,paper,0.0,1,0,0
97,32,60,62.0,2.0,3.0,3,2,0.667,1,paper,0.0,4,0,0
116,40,90,93.0,3.0,-0.0,4,2,0.5,1,mobile_app,0.59,1,0,1
29,6,60,63.0,3.0,-7.0,4,3,0.75,1,paper,0.0,1,0,1
35,52,30,25.0,-5.0,3.0,6,4,0.667,1,mobile_app,0.12,6,1,0
102,52,60,59.0,-1.0,-4.0,4,3,0.75,1,paper,0.0,4,0,0
30,41,60,63.0,3.0,1.0,3,2,0.667,1,paper,0.0,6,1,1
7,55,60,66.0,6.0,0.0,2,1,0.5,1,paper,0.0,3,0,1
81,26,60,57.0,-3.0,9.0,4,3,0.75,1,mobile_app,0.18,5,1,0
97,49,30,33.0,3.0,-2.0,6,6,1.0,1,paper,0.0,3,0,0
117,43,60,65.0,5.0,-2.0,5,4,0.8,1,mobile_app,0.46,4,0,0
112,34,120,119.0,-1.0,-8.0,6,5,0.833,1,paper,0.0,4,0,0
15,11,30,44.0,14.0,4.0,2,1,0.5,0,paper,0.0,0,0,1
93,33,60,69.0,9.0,-3.0,4,3,0.75,1,mobile_app,0.09,4,0,0
102,54,60,65.0,5.0,-3.0,5,4,0.8,1,mobile_app,0.15,0,0,0
84,59,60,62.0,2.0,-2.0,6,5,0.833,0,mobile_app,0.03,4,0,1
99,27,60,81.0,21.0,4.0,3,2,0.667,1,paper,0.0,0,0,1
101,15,30,23.0,-7.0,-10.0,5,4,0.8,1,mobile_app,0.04,5,1,0
54,45,90,101.0,11.0,-5.0,3,2,0.667,1,paper,0.0,4,0,1
5,5,60,70.0,10.0,10.0,4,3,0.75,1,paper,0.0,3,0,0
55,9,90,107.0,17.0,-2.0,5,4,0.8,1,mobile_app,0.47,6,1,0
25,34,60,58.0,-2.0,6.0,6,5,0.833,1,mobile_app,0.85,6,1,0
14,59,60,63.0,3.0,-1.0,4,3,0.75,1,mobile_app,0.2,1,0,0
15,20,60,75.0,15.0,-0.0,4,3,0.75,1,mobile_app,0.55,6,1,0
84,27,60,50.0,-10.0,1.0,6,5,0.833,1,paper,0.0,2,0,0
61,20,60,58.0,-2.0,12.0,4,3,0.75,1,mobile_app,0.46,2,0,0
65,26,30,10.0,-20.0,10.0,3,2,0.667,1,mobile_app,0.28,6,1,0
90,1,60,57.0,-3.0,14.0,3,2,0.667,1,mobile_app,1.35,6,1,1
66,36,90,84.0,-6.0,-4.0,5,3,0.6,1,mobile_app,0.1,5,1,1
76,36,30,28.0,-2.0,-6.0,5,4,0.8,1,mobile_app,0.03,2,0,0
11,19,30,61.0,31.0,7.0,4,3,0.75,1,mobile_app,0.58,4,0,0
103,16,90,109.0,19.0,13.0,2,1,0.5,1,mobile_app,0.11,6,1,1
54,45,60,52.0,-8.0,5.0,2,1,0.5,1,mobile_app,0.73,0,0,0
19,12,90,97.0,7.0,0.0,3,2,0.667,1,mobile_app,0.03,6,1,0
98,3,120,131.0,11.0,8.0,2,1,0.5,1,mobile_app,0.75,6,1,0
89,3,120,115.0,-5.0,9.0,4,3,0.75,1,mobile_app,1.23,3,0,0
7,53,60,61.0,1.0,0.0,4,3,0.75,1,mobile_app,0.52,0,0,0
24,22,60,63.0,3.0,2.0,3,2,0.667,0,mobile_app,0.15,2,0,1
2,7,90,72.0,-18.0,1.0,6,5,0.833,1,paper,0.0,0,0,1
33,52,90,86.0,-4.0,-3.0,3,3,1.0,1,mobile_app,0.17,4,0,0
12,9,90,92.0,2.0,-7.0,6,4,0.667,0,mobile_app,0.14,2,0,1
86,20,60,61.0,1.0,-6.0,2,1,0.5,1,mobile_app,0.15,2,0,1
63,2,30,20.0,-10.0,-19.0,5,4,0.8,1,mobile_app,0.24,3,0,0
118,41,60,55.0,-5.0,1.0,6,4,0.667,1,mobile_app,0.13,4,0,0
90,42,60,59.0,-1.0,-0.0,6,5,0.833,0,paper,0.0,0,0,1
74,45,30,35.0,5.0,3.0,4,3,0.75,1,mobile_app,0.1,2,0,0
62,16,120,119.0,-1.0,12.0,3,2,0.667,1,mobile_app,0.21,0,0,1
7,20,30,47.0,17.0,11.0,3,2,0.667,1,paper,0.0,3,0,0
9,56,90,87.0,-3.0,4.0,4,3,0.75,1,mobile_app,0.64,2,0,0
74,49,120,121.0,1.0,-3.0,6,4,0.667,1,paper,0.0,2,0,1
1,3,60,55.0,-5.0,-16.0,3,2,0.667,1,mobile_app,0.25,1,0,1
6,41,60,64.0,4.0,5.0,6,5,0.833,1,mobile_app,1.08,5,1,0
27,48,90,86.0,-4.0,6.0,6,6,1.0,1,paper,0.0,1,0,0
107,33,60,75.0,15.0,10.0,2,1,0.5,1,mobile_app,1.45,4,0,1
56,38,60,49.0,-11.0,3.0,6,5,0.833,1,mobile_app,0.05,4,0,0
86,1,90,114.0,24.0,-24.0,4,3,0.75,1,paper,0.0,4,0,1
50,2,90,91.0,1.0,4.0,5,4,0.8,1,mobile_app,0.02,0,0,0
21,3,90,98.0,8.0,6.0,3,2,0.667,1,paper,0.0,5,1,1
45,10,120,137.0,17.0,13.0,3,2,0.667,1,mobile_app,0.07,4,0,1
12,59,60,63.0,3.0,4.0,4,4,1.0,0,mobile_app,0.3,5,1,1
93,38,90,85.0,-5.0,5.0,2,1,0.5,1,mobile_app,0.59,5,1,0
23,47,90,93.0,3.0,-2.0,5,4,0.8,1,paper,0.0,3,0,0
46,18,90,110.0,20.0,-9.0,5,4,0.8,1,mobile_app,0.5,5,1,0
118,56,90,87.0,-3.0,2.0,2,1,0.5,1,mobile_app,0.54,1,0,1
72,12,90,115.0,25.0,-8.0,3,2,0.667,1,mobile_app,0.85,2,0,1
56,54,120,121.0,1.0,4.0,4,3,0.75,1,paper,0.0,2,0,0
66,2,60,54.0,-6.0,-20.0,5,4,0.8,1,mobile_app,0.91,2,0,0
95,2,90,77.0,-13.0,7.0,3,2,0.667,1,mobile_app,0.19,3,0,0
31,5,60,57.0,-3.0,4.0,6,5,0.833,1,mobile_app,0.02,5,1,0
77,47,60,50.0,-10.0,-1.0,4,3,0.75,1,mobile_app,0.01,1,0,0
105,16,90,85.0,-5.0,-9.0,4,3,0.75,1,mobile_app,0.79,2,0,0
69,27,90,88.0,-2.0,-15.0,2,1,0.5,1,mobile_app,0.68,5,1,0
54,28,60,51.0,-9.0,-4.0,5,4,0.8,1,mobile_app,0.09,5,1,0
18,47,60,64.0,4.0,-2.0,6,5,0.833,1,mobile_app,1.46,1,0,0
30,21,60,58.0,-2.0,9.0,3,2,0.667,0,mobile_app,0.21,0,0,1
114,1,60,51.0,-9.0,-9.0,4,1,0.25,1,paper,0.0,2,0,1
65,23,60,57.0,-3.0,4.0,2,1,0.5,1,paper,0.0,0,0,1
37,18,120,124.0,4.0,-12.0,3,2,0.667,1,mobile_app,0.94,4,0,0
51,44,60,60.0,0.0,2.0,2,1,0.5,1,paper,0.0,5,1,1
70,45,120,116.0,-4.0,-10.0,5,4,0.8,1,paper,0.0,4,0,0
65,6,60,62.0,2.0,23.0,6,5,0.833,1,mobile_app,0.44,2,0,0
84,47,90,90.0,0.0,-1.0,2,1,0.5,1,paper,0.0,2,0,1
31,5,60,45.0,-15.0,-31.0,5,4,0.8,1,mobile_app,0.06,3,0,0
78,37,90,88.0,-2.0,-4.0,4,3,0.75,1,paper,0.0,5,1,0
54,23,90,96.0,6.0,-7.0,5,4,0.8,1,mobile_app,1.22,6,1,0
113,18,90,96.0,6.0,-6.0,4,3,0.75,1,mobile_app,1.06,6,1,0
19,29,120,118.0,-2.0,-3.0,6,5,0.833,1,mobile_app,0.63,2,0,0
18,19,60,67.0,7.0,-6.0,2,1,0.5,1,mobile_app,0.49,1,0,1
56,47,30,25.0,-5.0,-3.0,2,1,0.5,1,mobile_app,0.72,0,0,0
62,58,60,57.0,-3.0,-3.0,3,3,1.0,1,mobile_app,1.22,6,1,0
83,49,90,89.0,-1.0,3.0,5,4,0.8,1,mobile_app,0.13,6,1,0
49,26,60,74.0,14.0,9.0,2,1,0.5,1,paper,0.0,3,0,1
110,30,60,61.0,1.0,-2.0,2,1,0.5,1,paper,0.0,0,0,0
57,27,60,58.0,-2.0,-0.0,5,4,0.8,1,mobile_app,0.45,3,0,0
16,47,60,68.0,8.0,-5.0,4,3,0.75,1,mobile_app,0.87,5,1,0
15,33,90,88.0,-2.0,0.0,5,4,0.8,1,mobile_app,0.42,5,1,0
117,28,90,110.0,20.0,2.0,3,1,0.333,1,mobile_app,0.15,5,1,1
17,25,90,85.0,-5.0,-2.0,2,1,0.5,0,mobile_app,0.35,5,1,1
114,23,90,80.0,-10.0,3.0,4,3,0.75,1,mobile_app,1.0,0,0,0
34,33,120,119.0,-1.0,2.0,2,1,0.5,1,mobile_app,0.29,4,0,0
12,41,60,58.0,-2.0,-5.0,4,3,0.75,1,mobile_app,0.45,6,1,0
37,26,120,113.0,-7.0,9.0,6,5,0.833,1,paper,0.0,2,0,0
74,48,30,42.0,12.0,-1.0,2,2,1.0,1,mobile_app,0.7,3,0,0
52,49,90,91.0,1.0,6.0,3,2,0.667,1,mobile_app,0.17,1,0,0
95,26,90,94.0,4.0,3.0,6,4,0.667,1,mobile_app,0.09,5,1,0
74,54,60,58.0,-2.0,6.0,3,2,0.667,1,mobile_app,1.1,2,0,0
49,11,60,53.0,-7.0,12.0,3,2,0.667,1,paper,0.0,6,1,0
77,55,60,64.0,4.0,1.0,5,3,0.6,1,mobile_app,0.84,4,0,0
117,18,60,42.0,-18.0,-7.0,2,1,0.5,1,mobile_app,0.79,2,0,0
50,34,120,111.0,-9.0,-4.0,2,1,0.5,1,mobile_app,0.51,3,0,1
19,17,60,57.0,-3.0,5.0,6,5,0.833,1,mobile_app,0.24,0,0,0
50,27,60,72.0,12.0,1.0,6,5,0.833,1,mobile_app,0.21,6,1,0
101,21,60,56.0,-4.0,-5.0,6,4,0.667,1,paper,0.0,3,0,0
27,42,60,62.0,2.0,4.0,2,1,0.5,1,paper,0.0,3,0,0
114,5,30,30.0,0.0,0.0,4,3,0.75,1,mobile_app,0.08,2,0,0
71,50,60,66.0,6.0,3.0,6,5,0.833,1,paper,0.0,4,0,0
73,54,60,54.0,-6.0,-3.0,6,5,0.833,1,paper,0.0,5,1,0
39,34,60,66.0,6.0,6.0,3,2,0.667,1,mobile_app,0.66,4,0,0
111,33,60,58.0,-2.0,3.0,4,3,0.75,1,mobile_app,0.39,0,0,0
5,42,60,66.0,6.0,6.0,2,1,0.5,1,mobile_app,0.98,5,1,0
36,12,90,80.0,-10.0,10.0,2,1,0.5,1,mobile_app,1.32,4,0,1
51,45,60,60.0,0.0,-0.0,3,2,0.667,1,mobile_app,0.62,6,1,0
58,13,60,59.0,-1.0,-2.0,3,2,0.667,1,mobile_app,0.51,1,0,0
57,40,120,114.0,-6.0,10.0,6,5,0.833,1,mobile_app,0.03,5,1,0
18,19,60,46.0,-14.0,-3.0,2,1,0.5,1,mobile_app,0.49,6,1,0
28,45,30,27.0,-3.0,3.0,4,3,0.75,1,mobile_app,0.06,0,0,0
12,47,90,91.0,1.0,-2.0,4,2,0.5,1,paper,0.0,6,1,0
69,13,60,51.0,-9.0,-18.0,2,1,0.5,1,mobile_app,0.39,5,1,0
43,37,90,88.0,-2.0,-7.0,4,3,0.75,1,mobile_app,0.99,5,1,0
68,30,90,74.0,-16.0,3.0,6,4,0.667,1,mobile_app,0.1,6,1,1
71,18,120,116.0,-4.0,6.0,2,1,0.5,1,mobile_app,0.68,1,0,0
85,35,120,128.0,8.0,3.0,2,1,0.5,1,mobile_app,0.27,0,0,0
66,59,60,63.0,3.0,3.0,2,1,0.5,1,mobile_app,0.18,4,0,1
78,1,90,89.0,-1.0,5.0,2,1,0.5,1,mobile_app,0.51,4,0,0
71,57,60,61.0,1.0,-2.0,6,5,0.833,1,mobile_app,0.05,5,1,0
79,51,90,87.0,-3.0,2.0,2,1,0.5,1,mobile_app,0.21,4,0,1
74,32,60,73.0,13.0,1.0,3,2,0.667,1,mobile_app,1.33,0,0,1
38,36,30,45.0,15.0,-3.0,6,5,0.833,1,mobile_app,0.47,3,0,0
30,22,30,32.0,2.0,4.0,6,5,0.833,0,mobile_app,0.24,2,0,0
95,8,30,63.0,33.0,1.0,2,1,0.5,1,mobile_app,0.47,6,1,1
42,34,30,25.0,-5.0,-4.0,3,2,0.667,1,mobile_app,0.17,4,0,1
66,49,60,54.0,-6.0,-1.0,2,1,0.5,1,paper,0.0,5,1,1
24,14,120,112.0,-8.0,14.0,2,1,0.5,1,mobile_app,0.5,5,1,0
52,43,60,59.0,-1.0,7.0,6,5,0.833,1,mobile_app,0.44,1,0,0
64,45,90,102.0,12.0,1.0,3,2,0.667,1,mobile_app,0.69,6,1,1
76,45,90,88.0,-2.0,0.0,5,3,0.6,1,mobile_app,0.04,0,0,1
64,21,90,81.0,-9.0,-12.0,2,1,0.5,1,mobile_app,0.72,1,0,1
44,24,60,51.0,-9.0,14.0,3,2,0.667,1,mobile_app,0.07,1,0,0
116,25,120,131.0,11.0,8.0,3,2,0.667,1,paper,0.0,0,0,1
62,51,90,94.0,4.0,3.0,4,3,0.75,1,mobile_app,0.54,6,1,0
97,54,90,88.0,-2.0,-7.0,6,4,0.667,1,paper,0.0,0,0,0
89,25,120,102.0,-18.0,0.0,3,2,0.667,1,mobile_app,0.1,0,0,1
67,58,60,56.0,-4.0,-0.0,5,4,0.8,1,mobile_app,0.72,0,0,0
107,34,60,73.0,13.0,4.0,4,3,0.75,1,mobile_app,0.25,4,0,0
16,23,120,127.0,7.0,-4.0,5,4,0.8,1,mobile_app,0.36,1,0,0
111,1,60,61.0,1.0,-3.0,3,2,0.667,1,paper,0.0,4,0,1
103,37,90,103.0,13.0,4.0,4,3,0.75,1,paper,0.0,1,0,0
61,39,30,43.0,13.0,-4.0,5,4,0.8,0,mobile_app,0.72,1,0,0
89,58,30,30.0,0.0,-2.0,4,3,0.75,1,mobile_app,0.01,1,0,0
63,43,60,60.0,0.0,1.0,5,4,0.8,1,mobile_app,0.65,1,0,0
33,2,30,22.0,-8.0,16.0,2,1,0.5,1,mobile_app,0.27,1,0,1
96,34,120,118.0,-2.0,5.0,3,2,0.667,1,paper,0.0,5,1,1
30,44,30,22.0,-8.0,5.0,2,1,0.5,1,mobile_app,0.95,3,0,0
38,30,90,77.0,-13.0,0.0,2,1,0.5,1,mobile_app,0.27,2,0,0
63,26,60,44.0,-16.0,11.0,2,1,0.5,1,mobile_app,1.64,6,1,1
101,48,120,125.0,5.0,-7.0,3,2,0.667,1,mobile_app,0.86,3,0,1
47,37,60,49.0,-11.0,12.0,3,2,0.667,1,mobile_app,0.78,6,1,0
60,41,30,42.0,12.0,11.0,5,4,0.8,1,mobile_app,0.13,2,0,0
5,28,30,24.0,-6.0,3.0,4,3,0.75,1,mobile_app,1.32,6,1,1
14,17,60,79.0,19.0,8.0,5,4,0.8,1,paper,0.0,1,0,0
7,31,120,117.0,-3.0,-0.0,6,4,0.667,1,paper,0.0,3,0,1
9,57,120,114.0,-6.0,-1.0,5,4,0.8,1,mobile_app,0.31,3,0,0
105,36,60,69.0,9.0,-4.0,4,3,0.75,1,paper,0.0,6,1,1
102,42,60,68.0,8.0,-0.0,6,5,0.833,1,mobile_app,0.11,1,0,0
99,8,30,18.0,-12.0,6.0,3,2,0.667,1,mobile_app,1.28,2,0,1
7,59,60,59.0,-1.0,1.0,6,5,0.833,1,mobile_app,1.15,2,0,0
10,15,60,50.0,-10.0,19.0,2,1,0.5,1,mobile_app,0.39,4,0,1
34,58,60,60.0,0.0,0.0,6,4,0.667,1,mobile_app,0.71,1,0,1
68,27,90,91.0,1.0,-11.0,3,2,0.667,1,paper,0.0,3,0,1
41,55,120,119.0,-1.0,5.0,5,4,0.8,1,mobile_app,0.66,4,0,0
59,53,30,23.0,-7.0,-4.0,3,2,0.667,1,paper,0.0,1,0,1
21,45,60,57.0,-3.0,-3.0,3,3,1.0,1,mobile_app,0.48,2,0,0
88,55,60,63.0,3.0,1.0,3,2,0.667,1,mobile_app,0.17,0,0,0
38,36,30,28.0,-2.0,3.0,5,4,0.8,1,paper,0.0,1,0,0
8,51,60,59.0,-1.0,-5.0,2,1,0.5,1,mobile_app,0.57,6,1,0
90,11,90,79.0,-11.0,-8.0,2,1,0.5,1,mobile_app,0.43,5,1,0
109,5,30,22.0,-8.0,-17.0,6,4,0.667,1,mobile_app,0.24,1,0,1
2,33,90,101.0,11.0,4.0,2,1,0.5,1,paper,0.0,4,0,1
53,48,120,115.0,-5.0,5.0,5,4,0.8,1,mobile_app,0.96,0,0,0
100,46,120,124.0,4.0,-5.0,3,2,0.667,1,paper,0.0,6,1,1
85,32,90,90.0,0.0,7.0,3,2,0.667,1,mobile_app,0.85,5,1,0
103,31,60,62.0,2.0,6.0,3,2,0.667,1,mobile_app,0.18,5,1,1
50,36,30,25.0,-5.0,-4.0,3,2,0.667,1,paper,0.0,2,0,1
45,52,60,59.0,-1.0,-7.0,5,4,0.8,1,mobile_app,0.73,2,0,0
86,50,120,120.0,0.0,-4.0,6,6,1.0,1,mobile_app,0.35,6,1,0
19,7,120,113.0,-7.0,-6.0,3,2,0.667,1,mobile_app,0.36,3,0,1
29,36,60,62.0,2.0,9.0,2,1,0.5,1,mobile_app,0.87,4,0,1
73,23,60,64.0,4.0,-1.0,2,1,0.5,1,mobile_app,0.15,6,1,1
81,48,60,70.0,10.0,-4.0,5,5,1.0,1,mobile_app,0.44,5,1,0
15,30,60,62.0,2.0,1.0,6,4,0.667,1,mobile_app,0.02,2,0,1
61,59,120,113.0,-7.0,-4.0,2,1,0.5,1,mobile_app,0.15,0,0,1
44,26,60,71.0,11.0,4.0,4,2,0.5,1,paper,0.0,1,0,0
61,41,60,59.0,-1.0,-5.0,3,2,0.667,1,paper,0.0,5,1,1
116,7,60,86.0,26.0,-9.0,3,2,0.667,1,mobile_app,0.14,1,0,1
10,56,30,35.0,5.0,1.0,6,5,0.833,1,mobile_app,0.11,2,0,0
120,10,60,54.0,-6.0,18.0,3,2,0.667,0,mobile_app,0.47,6,1,1
54,23,120,127.0,7.0,18.0,3,2,0.667,1,mobile_app,0.15,3,0,0
93,50,30,27.0,-3.0,-4.0,2,1,0.5,1,mobile_app,1.24,1,0,1
51,58,60,60.0,0.0,-2.0,6,5,0.833,1,mobile_app,0.96,3,0,0
38,29,60,66.0,6.0,4.0,6,5,0.833,1,mobile_app,0.05,6,1,0
93,29,60,70.0,10.0,8.0,6,5,0.833,0,mobile_app,0.07,1,0,1
83,3,30,42.0,12.0,-25.0,3,2,0.667,0,mobile_app,0.42,4,0,1
18,58,60,60.0,0.0,0.0,2,1,0.5,1,paper,0.0,5,1,1
85,1,30,65.0,35.0,-6.0,6,5,0.833,1,mobile_app,0.42,4,0,1
91,2,60,55.0,-5.0,-22.0,5,4,0.8,1,mobile_app,0.2,6,1,0
47,28,90,76.0,-14.0,-10.0,3,2,0.667,1,mobile_app,0.09,2,0,1
112,1,90,70.0,-20.0,-7.0,2,1,0.5,1,mobile_app,0.36,5,1,1
77,10,120,138.0,18.0,1.0,5,4,0.8,1,mobile_app,0.25,2,0,0
41,38,60,59.0,-1.0,6.0,6,5,0.833,1,mobile_app,1.33,0,0,0
2,42,90,91.0,1.0,2.0,2,1,0.5,1,mobile_app,0.19,2,0,0
81,18,90,84.0,-6.0,9.0,4,3,0.75,1,mobile_app,1.21,1,0,0
26,47,60,58.0,-2.0,0.0,4,3,0.75,1,mobile_app,0.19,5,1,0
91,36,60,54.0,-6.0,-4.0,4,3,0.75,1,mobile_app,0.56,2,0,0
64,14,60,65.0,5.0,-2.0,3,2,0.667,1,mobile_app,0.8,5,1,1
57,43,90,89.0,-1.0,3.0,3,3,1.0,1,mobile_app,0.08,5,1,0
20,35,60,63.0,3.0,6.0,3,2,0.667,1,mobile_app,0.03,3,0,0
86,48,60,62.0,2.0,-1.0,6,4,0.667,0,paper,0.0,6,1,1
20,10,120,115.0,-5.0,-10.0,6,4,0.667,1,mobile_app,0.49,3,0,0
51,14,30,13.0,-17.0,3.0,2,1,0.5,1,mobile_app,0.7,4,0,0
101,18,120,103.0,-17.0,4.0,5,3,0.6,1,mobile_app,0.44,4,0,0
111,21,90,121.0,31.0,10.0,4,3,0.75,1,paper,0.0,4,0,0
119,53,90,96.0,6.0,-2.0,3,2,0.667,1,mobile_app,0.61,3,0,1
115,44,90,98.0,8.0,-3.0,2,2,1.0,1,mobile_app,0.22,2,0,0
67,33,60,55.0,-5.0,5.0,5,4,0.8,1,mobile_app,0.06,5,1,0
25,32,90,90.0,0.0,-3.0,3,2,0.667,1,mobile_app,0.65,6,1,1
101,53,90,87.0,-3.0,-1.0,2,1,0.5,1,mobile_app,0.27,0,0,0
97,27,90,78.0,-12.0,9.0,6,5,0.833,1,mobile_app,0.35,6,1,0
119,14,60,53.0,-7.0,-13.0,6,5,0.833,1,mobile_app,0.12,6,1,0
79,9,60,77.0,17.0,22.0,4,3,0.75,1,mobile_app,0.12,4,0,0
17,20,60,69.0,9.0,-5.0,4,3,0.75,1,mobile_app,0.29,3,0,0
61,39,60,54.0,-6.0,5.0,4,3,0.75,1,mobile_app,0.02,3,0,0
54,28,60,57.0,-3.0,-1.0,2,1,0.5,1,paper,0.0,3,0,1
102,25,90,97.0,7.0,2.0,2,1,0.5,1,mobile_app,0.15,1,0,1
48,29,90,85.0,-5.0,-2.0,3,2,0.667,1,mobile_app,0.12,2,0,1
40,58,90,90.0,0.0,3.0,3,3,1.0,1,mobile_app,0.41,6,1,0
10,59,60,61.0,1.0,-1.0,2,1,0.5,1,mobile_app,1.65,3,0,0
101,10,60,65.0,5.0,-6.0,2,1,0.5,1,mobile_app,0.22,2,0,1
91,7,60,63.0,3.0,20.0,6,4,0.667,1,mobile_app,0.34,1,0,0
5,15,60,53.0,-7.0,0.0,6,4,0.667,1,paper,0.0,5,1,1
53,51,30,28.0,-2.0,-2.0,3,2,0.667,1,mobile_app,0.38,3,0,0
58,28,60,50.0,-10.0,-11.0,5,4,0.8,1,mobile_app,0.33,4,0,0
57,51,60,53.0,-7.0,7.0,2,1,0.5,1,mobile_app,0.44,2,0,0
111,39,60,59.0,-1.0,-3.0,6,5,0.833,1,paper,0.0,0,0,0
19,33,30,36.0,6.0,13.0,6,5,0.833,0,mobile_app,0.13,2,0,0
37,17,60,45.0,-15.0,4.0,2,1,0.5,1,mobile_app,0.77,4,0,0
22,21,30,33.0,3.0,1.0,3,2,0.667,1,mobile_app,0.29,1,0,0
30,9,90,100.0,10.0,2.0,3,2,0.667,0,mobile_app,0.28,3,0,1
109,31,60,45.0,-15.0,15.0,2,1,0.5,1,mobile_app,0.48,6,1,0
113,17,60,57.0,-3.0,-20.0,3,2,0.667,1,mobile_app,1.03,1,0,1
6,18,30,48.0,18.0,2.0,5,3,0.6,0,mobile_app,0.06,5,1,1
76,3,120,128.0,8.0,-3.0,5,4,0.8,1,mobile_app,0.69,0,0,0
28,48,60,51.0,-9.0,-1.0,2,1,0.5,1,paper,0.0,3,0,1
24,56,90,92.0,2.0,0.0,3,2,0.667,1,mobile_app,0.11,4,0,0
36,30,60,54.0,-6.0,-2.0,6,4,0.667,1,paper,0.0,1,0,1
24,32,90,96.0,6.0,1.0,6,5,0.833,1,mobile_app,0.24,1,0,0
59,55,120,118.0,-2.0,-0.0,4,3,0.75,1,mobile_app,0.86,3,0,0
120,31,60,60.0,0.0,-9.0,5,4,0.8,1,mobile_app,0.08,0,0,0
71,37,90,86.0,-4.0,2.0,3,2,0.667,1,paper,0.0,6,1,1
87,26,60,60.0,0.0,5.0,6,5,0.833,1,mobile_app,0.08,1,0,0
60,31,90,85.0,-5.0,-4.0,4,3,0.75,1,mobile_app,0.2,5,1,0
2,31,60,58.0,-2.0,13.0,5,4,0.8,1,mobile_app,0.26,2,0,0
11,42,30,23.0,-7.0,7.0,3,2,0.667,1,paper,0.0,5,1,1
33,36,120,124.0,4.0,5.0,2,1,0.5,1,mobile_app,0.4,1,0,0
30,30,120,121.0,1.0,6.0,4,3,0.75,1,mobile_app,0.37,4,0,0
101,5,60,38.0,-22.0,0.0,4,3,0.75,1,mobile_app,0.41,5,1,0
102,54,120,124.0,4.0,3.0,4,4,1.0,1,paper,0.0,5,1,1
103,53,60,59.0,-1.0,5.0,6,5,0.833,1,paper,0.0,0,0,0
77,11,60,62.0,2.0,8.0,5,4,0.8,0,mobile_app,0.86,1,0,0
67,18,120,128.0,8.0,-5.0,3,2,0.667,1,mobile_app,0.1,6,1,1
78,58,60,61.0,1.0,-0.0,4,3,0.75,1,mobile_app,0.81,2,0,0
49,19,60,72.0,12.0,5.0,2,1,0.5,0,mobile_app,0.68,5,1,1
81,48,90,89.0,-1.0,3.0,5,3,0.6,1,mobile_app,0.82,5,1,1
96,47,30,35.0,5.0,-0.0,2,1,0.5,1,paper,0.0,4,0,1
92,51,60,61.0,1.0,-2.0,2,1,0.5,1,mobile_app,0.37,1,0,0
74,1,60,67.0,7.0,19.0,4,2,0.5,1,mobile_app,0.05,2,0,1
7,29,90,93.0,3.0,-8.0,6,5,0.833,1,mobile_app,0.35,0,0,0
87,34,30,39.0,9.0,-6.0,3,2,0.667,1,mobile_app,0.1,0,0,0
44,50,60,63.0,3.0,-5.0,2,2,1.0,1,mobile_app,1.23,5,1,0
90,14,90,85.0,-5.0,-9.0,2,1,0.5,1,mobile_app,0.34,3,0,1
65,19,60,53.0,-7.0,11.0,6,4,0.667,1,mobile_app,1.35,5,1,0
106,11,60,59.0,-1.0,13.0,5,4,0.8,0,mobile_app,0.42,1,0,1
41,45,90,86.0,-4.0,-0.0,4,4,1.0,1,mobile_app,0.05,1,0,1
112,59,90,86.0,-4.0,1.0,6,6,1.0,1,mobile_app,0.27,3,0,0
102,9,30,10.0,-20.0,-0.0,2,1,0.5,0,mobile_app,0.14,3,0,1
40,14,120,102.0,-18.0,-12.0,5,4,0.8,1,mobile_app,0.03,2,0,0
58,19,90,111.0,21.0,20.0,3,2,0.667,1,mobile_app,0.87,0,0,1
64,53,60,58.0,-2.0,4.0,3,3,1.0,1,mobile_app,1.21,1,0,0
93,27,90,107.0,17.0,3.0,6,5,0.833,1,mobile_app,0.0,1,0,0
83,17,90,94.0,4.0,-8.0,6,5,0.833,1,mobile_app,0.06,1,0,0
103,20,90,89.0,-1.0,-2.0,6,5,0.833,1,mobile_app,0.1,1,0,0
45,36,60,49.0,-11.0,-4.0,2,1,0.5,1,paper,0.0,4,0,1
61,23,90,90.0,0.0,1.0,5,3,0.6,1,mobile_app,0.23,4,0,1
52,9,120,144.0,24.0,3.0,3,2,0.667,0,mobile_app,0.76,5,1,1
110,49,60,67.0,7.0,-1.0,3,3,1.0,1,mobile_app,1.49,2,0,0
37,25,90,93.0,3.0,-11.0,2,1,0.5,1,mobile_app,0.1,3,0,0
71,16,90,77.0,-13.0,20.0,4,3,0.75,1,mobile_app,0.89,5,1,0
15,43,120,114.0,-6.0,1.0,6,5,0.833,1,mobile_app,0.24,3,0,0
103,44,120,115.0,-5.0,2.0,3,2,0.667,1,mobile_app,0.25,0,0,0
47,10,60,76.0,16.0,-4.0,4,3,0.75,1,mobile_app,0.96,3,0,0
41,5,60,82.0,22.0,-17.0,5,4,0.8,1,paper,0.0,0,0,0
70,3,60,63.0,3.0,-1.0,5,3,0.6,1,paper,0.0,2,0,1
60,46,60,58.0,-2.0,-1.0,3,3,1.0,1,mobile_app,0.12,2,0,0
102,37,60,71.0,11.0,4.0,2,1,0.5,1,mobile_app,0.39,6,1,1
64,47,90,85.0,-5.0,4.0,6,5,0.833,1,mobile_app,0.27,5,1,0
63,37,120,120.0,0.0,4.0,4,3,0.75,1,paper,0.0,4,0,0
13,24,60,64.0,4.0,8.0,5,3,0.6,1,paper,0.0,6,1,1
3,35,90,84.0,-6.0,11.0,4,3,0.75,1,paper,0.0,6,1,0
48,43,60,56.0,-4.0,2.0,3,2,0.667,1,mobile_app,0.66,2,0,0
120,24,60,53.0,-7.0,9.0,3,2,0.667,1,paper,0.0,3,0,1
111,54,30,35.0,5.0,1.0,5,4,0.8,1,mobile_app,0.7,3,0,0
76,54,60,67.0,7.0,-6.0,6,4,0.667,1,mobile_app,0.53,0,0,1
76,48,60,61.0,1.0,-1.0,3,2,0.667,1,mobile_app,0.12,0,0,0
47,59,90,89.0,-1.0,-3.0,2,1,0.5,1,mobile_app,0.7,2,0,1
22,24,90,84.0,-6.0,2.0,2,1,0.5,1,paper,0.0,0,0,1
2,7,60,60.0,0.0,-9.0,4,3,0.75,0,mobile_app,0.28,4,0,1
41,29,30,25.0,-5.0,4.0,3,2,0.667,1,paper,0.0,0,0,0
38,45,30,29.0,-1.0,4.0,6,4,0.667,1,mobile_app,0.45,1,0,1
23,46,120,122.0,2.0,5.0,3,2,0.667,1,mobile_app,0.35,0,0,0
32,23,120,116.0,-4.0,13.0,4,3,0.75,1,paper,0.0,3,0,0
3,18,60,58.0,-2.0,-15.0,3,2,0.667,1,mobile_app,1.01,6,1,1
73,27,60,58.0,-2.0,-9.0,4,3,0.75,1,mobile_app,0.41,0,0,0
112,48,60,58.0,-2.0,12.0,5,4,0.8,1,mobile_app,0.09,4,0,0
83,4,90,84.0,-6.0,11.0,5,4,0.8,1,paper,0.0,3,0,0
54,20,60,68.0,8.0,2.0,5,4,0.8,1,paper,0.0,6,1,0
51,14,30,10.0,-20.0,0.0,4,3,0.75,1,paper,0.0,4,0,1
37,48,60,68.0,8.0,-0.0,4,3,0.75,1,mobile_app,0.43,5,1,0
18,28,60,61.0,1.0,-14.0,3,2,0.667,1,paper,0.0,4,0,0
72,6,60,68.0,8.0,-8.0,6,5,0.833,1,mobile_app,0.06,5,1,0
68,16,60,68.0,8.0,-1.0,5,4,0.8,1,mobile_app,0.45,3,0,0
1,3,90,80.0,-10.0,-8.0,6,5,0.833,1,mobile_app,0.92,2,0,0
50,29,60,52.0,-8.0,-4.0,5,4,0.8,1,paper,0.0,3,0,0
34,59,60,56.0,-4.0,8.0,2,1,0.5,1,mobile_app,0.46,0,0,0
21,34,60,58.0,-2.0,-2.0,3,2,0.667,1,paper,0.0,4,0,0
85,52,60,63.0,3.0,1.0,4,3,0.75,1,mobile_app,0.28,0,0,0
64,44,90,87.0,-3.0,1.0,3,2,0.667,1,mobile_app,0.04,6,1,0
77,53,120,122.0,2.0,2.0,6,4,0.667,1,mobile_app,0.01,0,0,0
86,19,30,10.0,-20.0,-4.0,4,3,0.75,1,mobile_app,0.08,0,0,0
118,57,120,119.0,-1.0,4.0,3,2,0.667,1,mobile_app,0.11,1,0,1
97,15,90,103.0,13.0,4.0,4,3,0.75,1,mobile_app,0.34,1,0,0
75,26,90,88.0,-2.0,-10.0,3,2,0.667,1,paper,0.0,0,0,1
106,41,60,55.0,-5.0,-1.0,2,1,0.5,1,mobile_app,0.31,6,1,0
58,17,60,53.0,-7.0,-2.0,6,5,0.833,1,paper,0.0,4,0,0
119,16,30,10.0,-20.0,-2.0,6,5,0.833,1,mobile_app,1.68,2,0,1
92,8,120,107.0,-13.0,5.0,5,3,0.6,1,paper,0.0,2,0,1
79,1,90,105.0,15.0,8.0,3,2,0.667,1,paper,0.0,1,0,1
109,30,60,55.0,-5.0,4.0,6,3,0.5,1,mobile_app,0.27,3,0,1
62,59,60,58.0,-2.0,1.0,3,3,1.0,1,mobile_app,1.12,2,0,0
87,13,30,10.0,-20.0,1.0,6,4,0.667,1,paper,0.0,3,0,0
35,26,60,45.0,-15.0,-16.0,6,4,0.667,0,paper,0.0,2,0,1
116,56,90,94.0,4.0,2.0,2,2,1.0,1,paper,0.0,1,0,0
75,46,60,63.0,3.0,2.0,3,2,0.667,1,mobile_app,0.72,3,0,0
94,1,90,72.0,-18.0,-12.0,5,4,0.8,1,paper,0.0,0,0,0
56,30,90,85.0,-5.0,2.0,3,2,0.667,1,mobile_app,0.22,3,0,1
105,9,90,90.0,0.0,7.0,6,5,0.833,1,mobile_app,0.14,3,0,0
9,15,90,76.0,-14.0,11.0,5,4,0.8,1,mobile_app,0.08,0,0,0
14,15,30,10.0,-20.0,5.0,3,2,0.667,1,mobile_app,0.46,6,1,0
61,37,90,89.0,-1.0,2.0,5,4,0.8,1,mobile_app,0.07,6,1,1
88,12,90,97.0,7.0,9.0,2,1,0.5,1,mobile_app,0.84,5,1,1
98,15,60,67.0,7.0,-3.0,3,2,0.667,1,mobile_app,0.18,6,1,1
53,14,60,70.0,10.0,4.0,2,1,0.5,1,mobile_app,0.42,6,1,1
78,22,60,44.0,-16.0,-5.0,2,1,0.5,1,mobile_app,0.44,5,1,1
67,39,60,60.0,0.0,6.0,5,4,0.8,1,mobile_app,0.98,2,0,0
116,24,60,57.0,-3.0,-13.0,2,1,0.5,1,mobile_app,0.26,1,0,0
79,20,30,29.0,-1.0,7.0,5,2,0.4,1,paper,0.0,5,1,1
51,31,90,88.0,-2.0,0.0,2,1,0.5,1,mobile_app,0.61,3,0,0
117,37,30,25.0,-5.0,6.0,6,5,0.833,1,mobile_app,0.25,5,1,0
13,1,30,10.0,-20.0,-9.0,6,5,0.833,1,paper,0.0,6,1,0
119,53,60,64.0,4.0,0.0,3,2,0.667,1,paper,0.0,6,1,0
19,55,60,61.0,1.0,0.0,4,3,0.75,1,mobile_app,0.02,4,0,0
35,36,120,109.0,-11.0,3.0,5,4,0.8,1,mobile_app,0.13,2,0,0
99,34,60,64.0,4.0,-7.0,4,3,0.75,1,mobile_app,0.62,0,0,0
89,41,60,57.0,-3.0,3.0,2,1,0.5,1,mobile_app,0.38,5,1,0
117,27,60,56.0,-4.0,-14.0,6,4,0.667,1,paper,0.0,0,0,1
90,22,60,52.0,-8.0,-6.0,6,5,0.833,1,paper,0.0,3,0,0
77,21,90,95.0,5.0,-13.0,4,2,0.5,1,mobile_app,0.02,2,0,1
42,10,90,80.0,-10.0,9.0,4,3,0.75,1,mobile_app,0.76,3,0,0
1,50,60,55.0,-5.0,1.0,2,2,1.0,1,paper,0.0,6,1,0
15,19,90,102.0,12.0,4.0,5,3,0.6,0,paper,0.0,3,0,1
36,17,60,58.0,-2.0,14.0,4,3,0.75,1,mobile_app,0.44,1,0,0
5,57,90,89.0,-1.0,-1.0,3,3,1.0,1,mobile_app,0.26,3,0,0
61,30,60,66.0,6.0,4.0,3,2,0.667,1,mobile_app,0.85,0,0,0
94,37,60,55.0,-5.0,0.0,2,1,0.5,1,mobile_app,0.78,6,1,0
116,15,90,85.0,-5.0,-1.0,5,4,0.8,1,mobile_app,0.78,0,0,0
59,17,90,93.0,3.0,12.0,2,1,0.5,0,mobile_app,0.34,6,1,1
106,43,60,51.0,-9.0,10.0,4,4,1.0,1,mobile_app,0.51,1,0,0
119,27,120,122.0,2.0,-3.0,6,4,0.667,1,mobile_app,1.88,4,0,1
104,9,120,110.0,-10.0,9.0,2,1,0.5,1,mobile_app,0.83,6,1,0
56,50,60,64.0,4.0,1.0,2,1,0.5,1,mobile_app,0.37,1,0,1
40,24,90,95.0,5.0,3.0,5,3,0.6,1,mobile_app,0.48,6,1,0
118,40,90,93.0,3.0,1.0,6,4,0.667,1,mobile_app,1.07,2,0,0
30,21,60,44.0,-16.0,-3.0,2,1,0.5,1,paper,0.0,3,0,1
50,34,60,59.0,-1.0,-23.0,3,2,0.667,1,mobile_app,0.17,2,0,1
9,46,120,114.0,-6.0,7.0,5,3,0.6,1,mobile_app,1.09,6,1,0
96,53,90,90.0,0.0,-2.0,4,3,0.75,1,mobile_app,1.25,4,0,0
78,13,60,33.0,-27.0,-2.0,4,3,0.75,1,mobile_app,0.37,2,0,0
11,40,30,20.0,-10.0,-1.0,3,2,0.667,1,mobile_app,0.29,0,0,1
27,54,60,64.0,4.0,-2.0,4,4,1.0,1,mobile_app,0.0,6,1,0
67,38,120,123.0,3.0,1.0,2,1,0.5,1,paper,0.0,4,0,1
65,9,90,86.0,-4.0,-0.0,6,4,0.667,1,mobile_app,1.34,0,0,1
97,12,30,19.0,-11.0,-7.0,4,3,0.75,1,paper,0.0,3,0,0
32,12,120,107.0,-13.0,1.0,3,2,0.667,1,mobile_app,0.16,1,0,0
111,7,90,93.0,3.0,-0.0,3,2,0.667,1,mobile_app,0.19,1,0,0
54,45,60,58.0,-2.0,4.0,3,2,0.667,1,paper,0.0,3,0,1
99,57,30,36.0,6.0,-4.0,4,3,0.75,1,mobile_app,0.39,0,0,0
29,31,60,58.0,-2.0,-6.0,2,1,0.5,1,mobile_app,0.52,1,0,0
5,36,30,30.0,0.0,4.0,5,4,0.8,1,paper,0.0,0,0,0
7,46,60,53.0,-7.0,-3.0,2,1,0.5,1,mobile_app,0.79,6,1,1
45,25,90,87.0,-3.0,-7.0,3,2,0.667,1,mobile_app,0.17,6,1,1
115,28,120,122.0,2.0,-4.0,6,5,0.833,1,paper,0.0,1,0,0
6,35,60,57.0,-3.0,-1.0,4,2,0.5,1,mobile_app,0.03,4,0,1
45,18,120,115.0,-5.0,-1.0,6,5,0.833,1,paper,0.0,1,0,0
14,4,120,124.0,4.0,-2.0,5,4,0.8,1,mobile_app,1.01,3,0,0
112,34,30,42.0,12.0,-7.0,5,4,0.8,1,mobile_app,0.76,3,0,0
82,49,60,61.0,1.0,3.0,2,2,1.0,1,mobile_app,0.08,0,0,0
92,5,90,105.0,15.0,15.0,4,2,0.5,1,mobile_app,0.2,5,1,0
86,13,90,97.0,7.0,-19.0,3,2,0.667,1,paper,0.0,5,1,1
79,16,60,72.0,12.0,-14.0,2,1,0.5,1,mobile_app,0.29,0,0,0
93,48,90,87.0,-3.0,4.0,2,1,0.5,1,mobile_app,0.52,1,0,0
1,30,90,88.0,-2.0,11.0,2,1,0.5,1,mobile_app,0.72,0,0,0
104,32,90,88.0,-2.0,-14.0,2,1,0.5,1,mobile_app,0.1,2,0,1
89,39,90,94.0,4.0,4.0,4,3,0.75,1,mobile_app,0.28,3,0,0
89,17,30,39.0,9.0,15.0,2,1,0.5,1,mobile_app,0.45,4,0,1
48,43,60,61.0,1.0,-4.0,6,5,0.833,1,mobile_app,0.22,4,0,0
97,2,30,42.0,12.0,18.0,4,3,0.75,1,mobile_app,0.07,0,0,1
46,7,120,113.0,-7.0,-2.0,6,4,0.667,1,paper,0.0,3,0,1
6,49,120,124.0,4.0,1.0,2,1,0.5,1,mobile_app,0.23,5,1,0
109,39,90,97.0,7.0,-4.0,2,1,0.5,1,paper,0.0,6,1,0
29,11,30,38.0,8.0,10.0,6,5,0.833,1,mobile_app,0.54,5,1,0
13,26,60,61.0,1.0,6.0,3,2,0.667,1,mobile_app,0.71,2,0,0
75,4,60,70.0,10.0,20.0,5,4,0.8,1,mobile_app,0.03,3,0,0
29,40,60,54.0,-6.0,8.0,2,1,0.5,1,mobile_app,0.72,1,0,0
103,45,60,61.0,1.0,-0.0,2,1,0.5,1,paper,0.0,2,0,1
54,17,90,93.0,3.0,28.0,4,3,0.75,1,mobile_app,0.53,1,0,0
1,21,30,16.0,-14.0,11.0,4,3,0.75,0,mobile_app,0.33,1,0,1
115,14,90,96.0,6.0,5.0,2,1,0.5,0,mobile_app,0.64,6,1,1
62,23,120,108.0,-12.0,-8.0,2,1,0.5,1,mobile_app,0.18,5,1,0
32,17,90,85.0,-5.0,-14.0,3,2,0.667,1,mobile_app,0.55,5,1,1
82,15,30,30.0,0.0,-14.0,2,1,0.5,1,mobile_app,0.42,2,0,1
64,26,120,113.0,-7.0,-7.0,6,5,0.833,1,paper,0.0,2,0,0
4,51,90,90.0,0.0,5.0,6,5,0.833,1,mobile_app,0.08,5,1,0
92,46,60,60.0,0.0,2.0,2,1,0.5,1,mobile_app,0.51,0,0,0
49,18,90,81.0,-9.0,-6.0,4,3,0.75,1,paper,0.0,5,1,1
84,56,120,122.0,2.0,-0.0,3,2,0.667,1,mobile_app,0.42,4,0,1
108,13,60,51.0,-9.0,-3.0,2,1,0.5,1,mobile_app,0.14,2,0,1
74,54,60,68.0,8.0,2.0,5,3,0.6,1,mobile_app,0.2,6,1,1
81,19,60,59.0,-1.0,-8.0,6,5,0.833,1,mobile_app,0.51,1,0,0
31,32,30,21.0,-9.0,2.0,5,4,0.8,1,mobile_app,0.23,2,0,0
29,12,90,78.0,-12.0,3.0,6,3,0.5,1,mobile_app,0.06,2,0,1
50,45,30,36.0,6.0,-4.0,5,5,1.0,1,mobile_app,0.2,2,0,0
103,19,60,56.0,-4.0,14.0,4,3,0.75,1,mobile_app,0.48,2,0,0
63,52,60,55.0,-5.0,-1.0,6,6,1.0,1,mobile_app,0.78,3,0,0
42,5,60,71.0,11.0,-11.0,5,4,0.8,1,mobile_app,1.28,6,1,1
94,30,60,57.0,-3.0,6.0,5,4,0.8,1,mobile_app,0.45,3,0,0
103,10,90,98.0,8.0,1.0,5,4,0.8,1,mobile_app,0.57,4,0,0
109,53,60,64.0,4.0,1.0,2,2,1.0,1,mobile_app,1.21,4,0,0
36,25,60,63.0,3.0,-9.0,5,4,0.8,1,mobile_app,0.05,4,0,0
86,40,120,135.0,15.0,4.0,5,3,0.6,1,mobile_app,0.23,2,0,0
71,52,120,113.0,-7.0,7.0,4,2,0.5,1,mobile_app,0.73,1,0,1
54,32,60,53.0,-7.0,-8.0,4,3,0.75,1,paper,0.0,2,0,0
48,4,60,57.0,-3.0,4.0,6,4,0.667,1,mobile_app,0.33,2,0,1
14,14,30,56.0,26.0,-8.0,2,1,0.5,1,mobile_app,0.26,5,1,1
33,13,30,51.0,21.0,26.0,4,3,0.75,1,mobile_app,0.41,3,0,1
66,54,60,65.0,5.0,4.0,5,4,0.8,1,paper,0.0,6,1,0
107,54,120,117.0,-3.0,1.0,3,2,0.667,1,mobile_app,0.65,6,1,1
104,29,90,84.0,-6.0,-9.0,3,2,0.667,1,mobile_app,0.76,4,0,0
23,53,60,57.0,-3.0,-3.0,2,1,0.5,1,mobile_app,0.69,4,0,0
82,15,120,111.0,-9.0,7.0,3,2,0.667,1,paper,0.0,0,0,1
11,41,60,69.0,9.0,-7.0,3,2,0.667,1,mobile_app,1.4,1,0,1
82,24,60,58.0,-2.0,-11.0,6,5,0.833,1,paper,0.0,4,0,0
42,15,60,59.0,-1.0,0.0,2,1,0.5,1,mobile_app,0.3,6,1,0
54,15,60,69.0,9.0,1.0,5,4,0.8,1,paper,0.0,5,1,0
87,25,120,104.0,-16.0,3.0,2,1,0.5,1,mobile_app,1.19,1,0,0
51,21,60,61.0,1.0,-4.0,5,4,0.8,1,mobile_app,0.3,4,0,0
97,13,90,77.0,-13.0,9.0,4,3,0.75,1,mobile_app,0.38,4,0,0
65,20,60,57.0,-3.0,-7.0,4,3,0.75,1,mobile_app,0.82,0,0,0
120,8,120,112.0,-8.0,7.0,6,4,0.667,1,mobile_app,0.01,6,1,0
77,58,90,88.0,-2.0,1.0,5,4,0.8,1,mobile_app,0.44,2,0,0
36,23,60,62.0,2.0,5.0,2,1,0.5,1,mobile_app,0.13,4,0,0
94,7,30,33.0,3.0,13.0,3,2,0.667,1,mobile_app,0.94,2,0,0
49,34,120,118.0,-2.0,-3.0,3,2,0.667,1,mobile_app,0.54,6,1,0
65,53,60,61.0,1.0,-2.0,5,4,0.8,1,mobile_app,0.05,3,0,0
17,22,60,51.0,-9.0,-14.0,6,5,0.833,1,mobile_app,0.94,5,1,0
15,50,120,123.0,3.0,-7.0,5,4,0.8,1,paper,0.0,6,1,0
69,37,30,29.0,-1.0,-1.0,4,3,0.75,1,mobile_app,0.67,0,0,0
23,44,60,57.0,-3.0,-1.0,5,4,0.8,1,mobile_app,0.52,2,0,0
120,18,60,51.0,-9.0,-10.0,5,4,0.8,1,mobile_app,0.07,4,0,0
103,3,60,57.0,-3.0,-10.0,2,1,0.5,1,mobile_app,0.89,5,1,0
85,21,60,79.0,19.0,13.0,4,3,0.75,1,mobile_app,0.05,5,1,0
89,55,60,60.0,0.0,3.0,5,4,0.8,1,mobile_app,0.41,4,0,0
72,47,30,24.0,-6.0,-5.0,5,4,0.8,1,mobile_app,0.55,2,0,0
8,47,30,35.0,5.0,-2.0,3,2,0.667,1,mobile_app,0.26,1,0,1
48,52,60,58.0,-2.0,1.0,2,1,0.5,1,mobile_app,0.27,6,1,0
60,23,120,123.0,3.0,-5.0,3,2,0.667,1,mobile_app,1.3,0,0,1
110,20,60,54.0,-6.0,-7.0,3,2,0.667,1,paper,0.0,5,1,1
27,55,60,65.0,5.0,-1.0,6,5,0.833,1,mobile_app,0.65,0,0,0
60,34,60,56.0,-4.0,7.0,5,4,0.8,1,mobile_app,0.31,2,0,0
42,18,90,105.0,15.0,11.0,6,5,0.833,1,mobile_app,0.66,6,1,0
17,17,30,18.0,-12.0,-7.0,2,1,0.5,1,mobile_app,0.64,1,0,0
13,52,60,59.0,-1.0,2.0,5,4,0.8,1,paper,0.0,1,0,0
44,4,90,109.0,19.0,-0.0,2,1,0.5,1,paper,0.0,1,0,1
10,4,60,62.0,2.0,-11.0,4,2,0.5,0,mobile_app,0.31,4,0,1
9,44,90,103.0,13.0,-1.0,3,2,0.667,1,paper,0.0,1,0,1
43,1,120,116.0,-4.0,-15.0,6,4,0.667,1,mobile_app,0.29,4,0,1
25,11,90,93.0,3.0,12.0,5,3,0.6,1,mobile_app,0.65,4,0,1
67,59,60,67.0,7.0,5.0,4,3,0.75,1,mobile_app,0.22,6,1,0
3,26,30,16.0,-14.0,-3.0,4,2,0.5,1,mobile_app,0.22,4,0,0
37,43,60,51.0,-9.0,-3.0,5,4,0.8,1,mobile_app,1.17,2,0,0
55,29,90,83.0,-7.0,8.0,5,4,0.8,1,mobile_app,0.57,1,0,0
116,6,120,131.0,11.0,13.0,4,3,0.75,0,mobile_app,0.9,3,0,0
77,11,120,100.0,-20.0,-11.0,5,3,0.6,1,mobile_app,0.3,3,0,1
106,45,60,63.0,3.0,-1.0,5,4,0.8,1,paper,0.0,6,1,0
42,6,90,97.0,7.0,-1.0,2,1,0.5,1,mobile_app,0.22,1,0,0
54,36,60,75.0,15.0,-5.0,3,2,0.667,1,mobile_app,0.16,2,0,0
51,21,90,101.0,11.0,3.0,6,4,0.667,1,paper,0.0,6,1,1
107,22,60,64.0,4.0,-6.0,3,2,0.667,1,mobile_app,0.19,6,1,0
116,57,30,35.0,5.0,-2.0,6,6,1.0,1,mobile_app,0.83,5,1,0
116,36,30,34.0,4.0,-1.0,4,3,0.75,1,paper,0.0,1,0,0
91,37,120,117.0,-3.0,-9.0,3,2,0.667,1,mobile_app,0.08,0,0,0
61,21,60,48.0,-12.0,-17.0,3,2,0.667,1,mobile_app,0.48,2,0,0
65,23,60,54.0,-6.0,7.0,4,2,0.5,1,paper,0.0,1,0,0
118,41,60,60.0,0.0,-4.0,2,1,0.5,1,mobile_app,0.55,2,0,1
35,3,60,62.0,2.0,25.0,3,2,0.667,1,mobile_app,1.05,6,1,1
42,15,120,96.0,-24.0,19.0,5,4,0.8,1,paper,0.0,3,0,0
108,36,30,28.0,-2.0,-3.0,6,4,0.667,1,mobile_app,0.14,2,0,1
47,37,30,30.0,0.0,14.0,6,4,0.667,1,mobile_app,1.11,5,1,0
29,6,90,97.0,7.0,10.0,3,2,0.667,0,paper,0.0,5,1,1
68,47,60,68.0,8.0,-3.0,5,4,0.8,1,paper,0.0,3,0,0
40,33,30,31.0,1.0,-17.0,3,2,0.667,1,paper,0.0,0,0,0
107,15,30,20.0,-10.0,7.0,6,5,0.833,1,mobile_app,0.18,3,0,0
110,45,60,50.0,-10.0,0.0,6,4,0.667,1,paper,0.0,2,0,1
37,59,60,62.0,2.0,1.0,4,2,0.5,1,mobile_app,0.5,1,0,1
64,25,30,22.0,-8.0,-2.0,5,3,0.6,1,mobile_app,0.65,4,0,1
119,17,60,70.0,10.0,-10.0,6,3,0.5,1,mobile_app,0.25,5,1,1
90,18,90,105.0,15.0,-4.0,2,1,0.5,1,mobile_app,0.51,2,0,0
26,35,120,109.0,-11.0,4.0,3,2,0.667,1,mobile_app,0.31,2,0,1
71,3,120,128.0,8.0,-4.0,5,3,0.6,1,paper,0.0,5,1,1
75,29,60,71.0,11.0,-3.0,2,1,0.5,1,mobile_app,0.42,1,0,0
79,2,60,74.0,14.0,-18.0,5,4,0.8,1,mobile_app,0.7,6,1,0
4,3,120,91.0,-29.0,1.0,3,2,0.667,0,mobile_app,0.54,2,0,1
36,26,90,82.0,-8.0,-9.0,3,2,0.667,1,mobile_app,1.4,3,0,1
103,44,60,53.0,-7.0,4.0,6,5,0.833,1,mobile_app,0.08,4,0,0
29,53,60,62.0,2.0,-2.0,4,3,0.75,1,paper,0.0,3,0,0
36,6,60,65.0,5.0,-3.0,5,4,0.8,1,mobile_app,1.25,0,0,1
39,15,60,29.0,-31.0,21.0,5,4,0.8,1,mobile_app,0.17,4,0,1
22,25,60,57.0,-3.0,-2.0,4,2,0.5,1,mobile_app,0.05,6,1,0
19,34,30,36.0,6.0,-3.0,4,3,0.75,1,mobile_app,0.74,5,1,0
42,59,120,121.0,1.0,2.0,6,5,0.833,1,mobile_app,0.58,4,0,0
105,41,60,61.0,1.0,-9.0,6,5,0.833,1,mobile_app,0.8,0,0,0
1,32,60,57.0,-3.0,8.0,2,1,0.5,1,mobile_app,2.15,5,1,1
34,4,60,46.0,-14.0,11.0,4,3,0.75,1,mobile_app,0.16,3,0,0
8,5,90,90.0,0.0,6.0,5,4,0.8,1,mobile_app,0.7,2,0,0
68,10,90,91.0,1.0,-35.0,5,4,0.8,1,mobile_app,0.02,3,0,0
31,39,30,34.0,4.0,-1.0,4,3,0.75,1,mobile_app,0.85,1,0,0
96,20,60,67.0,7.0,-11.0,5,4,0.8,1,mobile_app,0.26,2,0,0
71,15,90,91.0,1.0,11.0,4,2,0.5,1,mobile_app,0.54,5,1,0
95,40,90,97.0,7.0,6.0,2,1,0.5,1,mobile_app,0.01,5,1,0
77,49,60,58.0,-2.0,1.0,3,2,0.667,1,mobile_app,0.23,3,0,0
53,26,120,107.0,-13.0,-9.0,2,1,0.5,1,mobile_app,0.34,6,1,1
104,53,60,62.0,2.0,5.0,5,5,1.0,1,paper,0.0,1,0,0
58,44,30,31.0,1.0,-1.0,6,6,1.0,1,mobile_app,0.48,5,1,0
114,43,30,33.0,3.0,9.0,3,2,0.667,1,paper,0.0,3,0,1
120,52,60,55.0,-5.0,1.0,5,4,0.8,1,mobile_app,0.67,4,0,0
71,11,60,82.0,22.0,5.0,6,5,0.833,1,paper,0.0,5,1,1
81,45,60,64.0,4.0,-2.0,3,2,0.667,1,paper,0.0,5,1,1
31,57,90,89.0,-1.0,4.0,6,5,0.833,1,mobile_app,0.75,6,1,0
98,59,60,57.0,-3.0,2.0,2,1,0.5,1,mobile_app,0.64,1,0,0
81,35,120,128.0,8.0,9.0,5,4,0.8,1,mobile_app,0.12,1,0,0
109,45,60,54.0,-6.0,1.0,2,1,0.5,1,mobile_app,0.4,0,0,1
33,53,60,69.0,9.0,-0.0,5,5,1.0,1,paper,0.0,4,0,0
95,51,120,117.0,-3.0,2.0,2,2,1.0,1,mobile_app,0.13,3,0,0
57,53,90,97.0,7.0,5.0,6,5,0.833,1,paper,0.0,4,0,0
23,50,90,89.0,-1.0,4.0,3,2,0.667,1,paper,0.0,2,0,0
21,23,90,105.0,15.0,1.0,3,2,0.667,0,mobile_app,0.27,2,0,1
68,44,30,26.0,-4.0,-9.0,4,3,0.75,1,mobile_app,0.26,6,1,0
39,25,30,30.0,0.0,6.0,6,5,0.833,1,paper,0.0,1,0,0
13,48,60,64.0,4.0,-6.0,2,1,0.5,1,mobile_app,0.65,5,1,0
52,48,30,33.0,3.0,0.0,3,3,1.0,1,mobile_app,0.81,0,0,0
79,56,60,64.0,4.0,-0.0,5,4,0.8,1,mobile_app,0.08,2,0,0
39,35,60,56.0,-4.0,-9.0,2,1,0.5,1,mobile_app,0.63,0,0,0
115,29,120,121.0,1.0,3.0,6,5,0.833,1,mobile_app,0.66,0,0,0
94,10,120,135.0,15.0,22.0,4,3,0.75,1,mobile_app,0.24,0,0,0
62,38,90,85.0,-5.0,-2.0,6,5,0.833,1,mobile_app,0.83,1,0,0
113,34,90,94.0,4.0,5.0,4,3,0.75,1,mobile_app,0.39,6,1,0
52,31,60,58.0,-2.0,16.0,6,5,0.833,1,mobile_app,0.37,2,0,0
17,40,30,31.0,1.0,5.0,3,2,0.667,1,paper,0.0,4,0,1
5,51,90,90.0,0.0,-2.0,4,3,0.75,1,paper,0.0,4,0,0
113,9,90,80.0,-10.0,2.0,3,2,0.667,1,paper,0.0,6,1,1
116,26,60,58.0,-2.0,4.0,4,3,0.75,1,paper,0.0,6,1,0
89,43,60,61.0,1.0,7.0,3,2,0.667,0,paper,0.0,0,0,1
13,49,60,60.0,0.0,5.0,4,3,0.75,1,mobile_app,1.11,1,0,1
36,46,60,68.0,8.0,-12.0,6,4,0.667,1,mobile_app,0.58,5,1,0
5,48,60,65.0,5.0,-3.0,2,1,0.5,1,mobile_app,1.34,5,1,1
7,51,60,61.0,1.0,-0.0,5,3,0.6,1,mobile_app,0.3,6,1,0
30,57,90,87.0,-3.0,-3.0,6,4,0.667,1,paper,0.0,5,1,0
69,36,120,114.0,-6.0,-22.0,2,1,0.5,1,mobile_app,0.56,3,0,1
8,15,60,83.0,23.0,-7.0,5,4,0.8,1,paper,0.0,2,0,0
119,34,90,82.0,-8.0,-0.0,4,2,0.5,1,mobile_app,0.63,3,0,1
55,42,90,91.0,1.0,-3.0,5,3,0.6,1,paper,0.0,0,0,1
32,6,30,35.0,5.0,-11.0,3,1,0.333,1,mobile_app,0.15,4,0,1
62,45,90,88.0,-2.0,0.0,3,2,0.667,1,mobile_app,0.64,0,0,0
95,33,60,52.0,-8.0,2.0,3,2,0.667,1,paper,0.0,4,0,0
38,56,60,57.0,-3.0,-1.0,2,2,1.0,1,mobile_app,0.12,4,0,0
6,13,30,24.0,-6.0,13.0,4,3,0.75,1,mobile_app,0.32,6,1,1
7,54,120,117.0,-3.0,0.0,6,5,0.833,1,mobile_app,0.27,5,1,0
103,27,120,132.0,12.0,-7.0,5,4,0.8,1,paper,0.0,5,1,1
14,34,30,30.0,0.0,-7.0,2,1,0.5,1,mobile_app,0.36,4,0,0
77,39,60,57.0,-3.0,-1.0,4,3,0.75,1,paper,0.0,2,0,0
47,35,60,61.0,1.0,7.0,2,1,0.5,1,mobile_app,0.2,5,1,0
94,54,90,92.0,2.0,-2.0,2,1,0.5,1,mobile_app,1.14,3,0,0
8,10,60,56.0,-4.0,6.0,5,4,0.8,1,mobile_app,0.13,3,0,1
108,44,60,65.0,5.0,0.0,3,2,0.667,1,mobile_app,0.03,4,0,0
84,58,90,85.0,-5.0,6.0,5,4,0.8,1,mobile_app,0.66,1,0,0
54,13,60,74.0,14.0,4.0,2,1,0.5,1,mobile_app,0.15,1,0,1
25,16,60,60.0,0.0,-7.0,2,1,0.5,1,paper,0.0,0,0,1
118,29,60,60.0,0.0,5.0,5,4,0.8,1,mobile_app,0.5,2,0,0
37,43,60,56.0,-4.0,4.0,3,2,0.667,1,mobile_app,0.14,5,1,0
59,57,60,56.0,-4.0,-1.0,2,1,0.5,1,mobile_app,0.59,0,0,0
48,47,60,52.0,-8.0,-5.0,5,5,1.0,1,mobile_app,0.74,3,0,0
28,47,60,56.0,-4.0,2.0,5,4,0.8,1,mobile_app,0.37,5,1,0
50,27,120,125.0,5.0,0.0,6,4,0.667,1,paper,0.0,6,1,0
19,39,60,54.0,-6.0,-8.0,4,3,0.75,1,mobile_app,0.71,6,1,0
1,13,120,102.0,-18.0,3.0,4,2,0.5,0,paper,0.0,2,0,1
35,28,60,52.0,-8.0,-5.0,5,4,0.8,1,mobile_app,0.01,2,0,0
14,12,90,85.0,-5.0,-15.0,5,4,0.8,1,mobile_app,1.33,1,0,0
50,2,60,55.0,-5.0,-4.0,5,4,0.8,1,mobile_app,0.86,2,0,0
104,51,90,89.0,-1.0,4.0,3,2,0.667,1,mobile_app,0.36,4,0,1
20,48,60,65.0,5.0,5.0,6,5,0.833,1,paper,0.0,4,0,0
1,31,30,40.0,10.0,6.0,5,4,0.8,1,mobile_app,0.37,4,0,0
14,1,60,88.0,28.0,3.0,6,5,0.833,1,mobile_app,0.05,3,0,0
61,6,30,10.0,-20.0,7.0,4,3,0.75,1,mobile_app,0.27,4,0,0
33,7,120,109.0,-11.0,1.0,4,2,0.5,1,mobile_app,0.11,2,0,1
59,43,120,124.0,4.0,-5.0,6,5,0.833,1,mobile_app,0.94,0,0,0
4,13,90,85.0,-5.0,-9.0,5,4,0.8,1,mobile_app,0.49,6,1,0
40,15,30,40.0,10.0,-6.0,5,3,0.6,1,paper,0.0,0,0,1
50,51,120,121.0,1.0,5.0,6,4,0.667,1,mobile_app,0.27,5,1,0
52,52,90,96.0,6.0,4.0,3,2,0.667,1,mobile_app,0.43,3,0,0
67,46,60,65.0,5.0,-5.0,2,2,1.0,1,mobile_app,0.63,6,1,0
94,19,60,71.0,11.0,0.0,2,1,0.5,1,paper,0.0,3,0,1
57,35,90,87.0,-3.0,-2.0,4,3,0.75,1,paper,0.0,0,0,0
101,12,30,29.0,-1.0,-2.0,6,5,0.833,1,paper,0.0,0,0,0
64,51,60,59.0,-1.0,-2.0,6,5,0.833,1,mobile_app,0.05,0,0,0
32,6,90,70.0,-20.0,15.0,2,1,0.5,1,mobile_app,0.3,3,0,0
28,44,60,68.0,8.0,-0.0,2,1,0.5,1,paper,0.0,5,1,1
39,31,60,66.0,6.0,1.0,5,4,0.8,1,mobile_app,0.34,4,0,0
72,45,60,58.0,-2.0,1.0,3,2,0.667,1,mobile_app,0.05,5,1,1
30,27,90,102.0,12.0,-8.0,4,3,0.75,1,paper,0.0,3,0,0
110,10,120,112.0,-8.0,1.0,2,1,0.5,1,mobile_app,0.33,0,0,0
58,45,90,80.0,-10.0,5.0,2,1,0.5,1,mobile_app,1.31,1,0,0
104,38,90,97.0,7.0,8.0,4,3,0.75,1,mobile_app,0.51,1,0,0
82,28,60,49.0,-11.0,-8.0,5,4,0.8,1,mobile_app,0.23,6,1,0
41,22,90,88.0,-2.0,-13.0,6,5,0.833,1,paper,0.0,5,1,0
28,21,60,62.0,2.0,1.0,4,3,0.75,1,mobile_app,0.51,0,0,0
90,29,30,33.0,3.0,8.0,5,4,0.8,1,mobile_app,0.19,1,0,0
40,16,90,100.0,10.0,3.0,6,5,0.833,1,mobile_app,0.55,1,0,0
30,17,90,96.0,6.0,6.0,4,3,0.75,1,mobile_app,0.56,4,0,0
112,17,60,66.0,6.0,-12.0,3,2,0.667,1,paper,0.0,0,0,1
58,1,120,109.0,-11.0,-7.0,6,5,0.833,1,mobile_app,0.07,6,1,0
6,55,90,91.0,1.0,-7.0,2,2,1.0,1,mobile_app,0.21,1,0,0
60,14,60,43.0,-17.0,-1.0,3,2,0.667,1,mobile_app,0.13,5,1,1
56,10,30,49.0,19.0,-22.0,2,1,0.5,1,mobile_app,0.36,4,0,1
104,9,30,12.0,-18.0,14.0,5,3,0.6,1,mobile_app,0.58,2,0,0
86,59,60,59.0,-1.0,5.0,3,3,1.0,1,paper,0.0,0,0,0
23,29,60,49.0,-11.0,1.0,3,2,0.667,1,paper,0.0,3,0,1
19,20,60,52.0,-8.0,-13.0,5,3,0.6,1,mobile_app,0.65,0,0,1
73,24,60,60.0,0.0,3.0,3,2,0.667,1,paper,0.0,5,1,1
6,6,60,53.0,-7.0,20.0,3,2,0.667,1,paper,0.0,1,0,1
39,19,90,102.0,12.0,4.0,4,3,0.75,1,paper,0.0,6,1,0
17,15,90,93.0,3.0,11.0,2,1,0.5,1,paper,0.0,0,0,1
3,48,60,58.0,-2.0,-2.0,6,6,1.0,1,paper,0.0,2,0,0
111,4,60,58.0,-2.0,-10.0,6,5,0.833,0,mobile_app,0.16,2,0,1
11,26,30,41.0,11.0,-1.0,5,4,0.8,1,mobile_app,0.57,5,1,0
2,47,30,35.0,5.0,-8.0,2,2,1.0,1,paper,0.0,1,0,0
112,50,60,55.0,-5.0,8.0,4,3,0.75,1,mobile_app,0.39,5,1,0
23,31,30,24.0,-6.0,1.0,3,2,0.667,1,mobile_app,0.02,2,0,1
98,14,60,66.0,6.0,8.0,2,1,0.5,1,mobile_app,0.59,0,0,1
4,20,120,124.0,4.0,-4.0,6,3,0.5,1,mobile_app,1.29,5,1,1
19,14,60,48.0,-12.0,-15.0,4,2,0.5,1,paper,0.0,1,0,1
14,40,90,95.0,5.0,8.0,5,4,0.8,1,mobile_app,0.3,3,0,0
85,18,30,20.0,-10.0,-10.0,5,4,0.8,1,mobile_app,0.14,4,0,0
75,38,60,69.0,9.0,2.0,3,2,0.667,1,mobile_app,0.14,0,0,1
58,39,120,123.0,3.0,2.0,3,2,0.667,1,paper,0.0,4,0,0
29,56,60,56.0,-4.0,0.0,6,4,0.667,1,mobile_app,0.09,3,0,1
11,22,90,85.0,-5.0,-7.0,6,5,0.833,1,paper,0.0,5,1,0
69,57,120,118.0,-2.0,-0.0,4,3,0.75,1,mobile_app,0.72,0,0,0
28,24,60,62.0,2.0,-8.0,4,3,0.75,1,paper,0.0,6,1,0
71,41,60,59.0,-1.0,4.0,2,1,0.5,1,mobile_app,0.25,0,0,0
83,40,60,53.0,-7.0,3.0,3,2,0.667,1,paper,0.0,6,1,1
102,49,30,24.0,-6.0,-0.0,2,1,0.5,1,mobile_app,0.09,2,0,1
60,28,30,35.0,5.0,-4.0,6,5,0.833,1,mobile_app,0.58,0,0,0
1,47,30,31.0,1.0,9.0,6,4,0.667,1,mobile_app,0.33,1,0,0
34,21,120,121.0,1.0,-11.0,2,1,0.5,1,paper,0.0,3,0,1
103,29,90,92.0,2.0,-11.0,3,2,0.667,1,mobile_app,0.28,0,0,0
64,30,60,55.0,-5.0,-1.0,3,2,0.667,1,mobile_app,0.31,2,0,1
75,42,60,61.0,1.0,-1.0,6,5,0.833,1,mobile_app,0.19,2,0,0
55,37,90,108.0,18.0,6.0,4,3,0.75,0,paper,0.0,1,0,1
20,5,120,136.0,16.0,7.0,2,1,0.5,1,mobile_app,0.6,3,0,1
108,48,60,59.0,-1.0,0.0,4,3,0.75,1,mobile_app,0.1,0,0,0
93,45,60,57.0,-3.0,2.0,2,2,1.0,1,mobile_app,0.26,1,0,0
120,7,120,83.0,-37.0,5.0,5,3,0.6,1,mobile_app,0.18,1,0,1
103,57,120,124.0,4.0,6.0,6,5,0.833,1,mobile_app,1.02,0,0,0
35,39,120,125.0,5.0,1.0,2,1,0.5,1,mobile_app,0.1,3,0,1
31,6,60,53.0,-7.0,-7.0,6,5,0.833,1,paper,0.0,6,1,0
30,29,30,18.0,-12.0,1.0,5,4,0.8,1,mobile_app,1.14,2,0,0
111,50,60,55.0,-5.0,-10.0,2,1,0.5,1,mobile_app,0.48,4,0,0
67,17,60,65.0,5.0,-0.0,3,2,0.667,1,mobile_app,0.29,1,0,1
55,56,120,120.0,0.0,3.0,2,2,1.0,1,mobile_app,0.83,4,0,0
117,25,30,37.0,7.0,5.0,6,5,0.833,1,mobile_app,0.98,4,0,0
73,14,90,91.0,1.0,3.0,5,4,0.8,1,mobile_app,0.59,2,0,0
110,22,120,130.0,10.0,5.0,3,2,0.667,1,paper,0.0,1,0,1
119,31,120,123.0,3.0,8.0,4,2,0.5,1,mobile_app,0.84,4,0,1
10,41,90,95.0,5.0,7.0,3,2,0.667,1,paper,0.0,4,0,1
44,55,120,112.0,-8.0,1.0,4,3,0.75,1,paper,0.0,4,0,0
89,12,30,15.0,-15.0,-3.0,5,3,0.6,1,paper,0.0,1,0,0
98,57,60,59.0,-1.0,-7.0,2,1,0.5,1,mobile_app,0.58,2,0,1
18,32,30,39.0,9.0,7.0,5,3,0.6,1,mobile_app,0.31,5,1,1
39,8,120,144.0,24.0,5.0,6,4,0.667,0,paper,0.0,5,1,1
66,55,120,119.0,-1.0,0.0,6,5,0.833,1,paper,0.0,5,1,0
96,21,30,24.0,-6.0,-6.0,2,1,0.5,1,mobile_app,0.49,5,1,1
14,37,30,16.0,-14.0,6.0,4,3,0.75,1,paper,0.0,0,0,0
73,42,60,65.0,5.0,-1.0,3,3,1.0,1,paper,0.0,2,0,0
36,1,60,52.0,-8.0,-0.0,5,4,0.8,1,paper,0.0,1,0,0
26,14,90,124.0,34.0,-1.0,3,2,0.667,1,mobile_app,0.63,2,0,1
62,41,60,55.0,-5.0,2.0,3,2,0.667,0,mobile_app,0.54,3,0,1
50,20,90,112.0,22.0,-10.0,2,1,0.5,1,mobile_app,0.44,1,0,1
77,1,60,71.0,11.0,7.0,4,3,0.75,1,mobile_app,0.45,5,1,0
39,2,60,46.0,-14.0,-8.0,4,3,0.75,1,paper,0.0,3,0,0
99,49,30,31.0,1.0,-3.0,4,4,1.0,1,mobile_app,0.66,0,0,0
10,10,120,130.0,10.0,9.0,3,2,0.667,1,mobile_app,0.2,5,1,0
104,6,90,87.0,-3.0,-11.0,5,4,0.8,1,paper,0.0,2,0,0
4,34,60,66.0,6.0,6.0,5,4,0.8,1,mobile_app,0.18,3,0,0
89,8,60,70.0,10.0,1.0,2,1,0.5,1,mobile_app,0.62,2,0,0
42,39,120,124.0,4.0,-9.0,3,2,0.667,1,paper,0.0,2,0,0
47,33,90,90.0,0.0,9.0,5,4,0.8,1,paper,0.0,2,0,0
3,39,90,82.0,-8.0,2.0,2,1,0.5,1,paper,0.0,2,0,1
85,30,90,89.0,-1.0,3.0,3,2,0.667,1,mobile_app,0.05,0,0,1
20,46,120,121.0,1.0,4.0,6,4,0.667,1,mobile_app,0.12,4,0,0
80,39,60,48.0,-12.0,8.0,4,3,0.75,1,mobile_app,0.18,4,0,0
88,25,90,92.0,2.0,2.0,4,3,0.75,1,mobile_app,0.65,3,0,0
102,1,60,59.0,-1.0,7.0,5,3,0.6,1,mobile_app,0.36,6,1,0
85,17,60,46.0,-14.0,3.0,3,2,0.667,0,mobile_app,0.1,3,0,1
37,8,120,116.0,-4.0,-4.0,6,5,0.833,1,mobile_app,0.08,2,0,0
89,1,120,116.0,-4.0,-19.0,2,1,0.5,1,mobile_app,1.06,4,0,1
100,17,60,81.0,21.0,2.0,4,3,0.75,1,paper,0.0,5,1,0
39,13,60,63.0,3.0,14.0,4,3,0.75,1,paper,0.0,5,1,0
15,5,120,134.0,14.0,7.0,3,2,0.667,1,mobile_app,0.76,4,0,1
107,19,120,119.0,-1.0,-9.0,5,4,0.8,1,paper,0.0,4,0,0
18,30,90,74.0,-16.0,8.0,2,1,0.5,1,mobile_app,0.4,6,1,0
72,11,30,38.0,8.0,-3.0,5,4,0.8,1,mobile_app,0.58,4,0,0
29,17,60,53.0,-7.0,-19.0,5,4,0.8,1,mobile_app,0.77,4,0,0
16,2,120,115.0,-5.0,12.0,5,3,0.6,1,mobile_app,0.55,4,0,1
94,3,90,75.0,-15.0,-11.0,3,2,0.667,1,mobile_app,0.17,6,1,0
18,10,90,91.0,1.0,18.0,2,1,0.5,1,mobile_app,0.3,6,1,1
81,27,90,100.0,10.0,9.0,4,3,0.75,1,mobile_app,0.32,2,0,0
84,40,60,66.0,6.0,-1.0,6,5,0.833,1,mobile_app,0.38,5,1,0
8,47,60,68.0,8.0,2.0,5,3,0.6,1,mobile_app,0.14,4,0,1
21,38,90,102.0,12.0,14.0,3,2,0.667,1,mobile_app,0.23,3,0,1
96,37,60,46.0,-14.0,6.0,4,3,0.75,1,mobile_app,1.12,3,0,0
61,56,90,86.0,-4.0,1.0,3,3,1.0,1,mobile_app,0.46,6,1,0
15,16,90,70.0,-20.0,27.0,5,4,0.8,1,mobile_app,0.05,6,1,0
120,48,90,93.0,3.0,0.0,4,3,0.75,1,paper,0.0,6,1,0
32,56,60,58.0,-2.0,2.0,4,3,0.75,1,mobile_app,0.08,2,0,0
1,34,90,86.0,-4.0,-6.0,2,1,0.5,1,mobile_app,0.49,2,0,0
111,50,30,29.0,-1.0,-6.0,5,3,0.6,1,mobile_app,0.85,0,0,1
2,9,30,35.0,5.0,-3.0,4,3,0.75,1,mobile_app,0.25,5,1,0
67,52,60,54.0,-6.0,0.0,2,1,0.5,1,paper,0.0,4,0,1
120,34,30,20.0,-10.0,2.0,2,1,0.5,1,paper,0.0,6,1,1
70,14,120,120.0,0.0,-14.0,5,4,0.8,1,mobile_app,0.05,5,1,0
71,4,120,136.0,16.0,7.0,5,3,0.6,1,mobile_app,0.31,1,0,1
47,43,30,30.0,0.0,-4.0,4,3,0.75,1,mobile_app,0.33,2,0,0
16,26,90,83.0,-7.0,5.0,5,4,0.8,1,mobile_app,0.57,2,0,0
69,19,60,37.0,-23.0,8.0,5,4,0.8,1,paper,0.0,5,1,0
108,24,90,99.0,9.0,-3.0,5,4,0.8,1,mobile_app,0.99,2,0,0
11,59,120,117.0,-3.0,-3.0,3,2,0.667,1,mobile_app,0.24,6,1,1
106,26,60,49.0,-11.0,12.0,4,3,0.75,1,mobile_app,0.34,4,0,0
50,5,30,10.0,-20.0,10.0,6,3,0.5,1,mobile_app,0.96,2,0,1
65,17,30,14.0,-16.0,1.0,3,2,0.667,0,paper,0.0,6,1,1
20,9,60,48.0,-12.0,15.0,5,3,0.6,1,mobile_app,0.13,3,0,0
75,41,120,119.0,-1.0,0.0,6,5,0.833,1,mobile_app,0.89,2,0,0
22,48,60,54.0,-6.0,-2.0,4,4,1.0,1,mobile_app,0.79,2,0,0
33,50,60,61.0,1.0,-4.0,4,3,0.75,1,mobile_app,0.5,5,1,0
87,38,30,28.0,-2.0,-1.0,2,1,0.5,1,mobile_app,0.73,0,0,0
7,46,120,132.0,12.0,3.0,4,3,0.75,1,mobile_app,0.22,5,1,0
54,25,60,44.0,-16.0,11.0,2,1,0.5,1,mobile_app,0.16,0,0,1
72,38,90,91.0,1.0,0.0,2,1,0.5,1,paper,0.0,4,0,1
16,7,90,92.0,2.0,13.0,4,3,0.75,1,mobile_app,0.6,5,1,0
36,32,60,52.0,-8.0,-1.0,3,2,0.667,1,paper,0.0,4,0,1
42,33,30,31.0,1.0,-5.0,3,1,0.333,1,mobile_app,0.05,1,0,0
80,2,60,71.0,11.0,-15.0,3,2,0.667,1,mobile_app,0.12,4,0,1
118,33,60,61.0,1.0,-3.0,4,3,0.75,1,mobile_app,0.04,5,1,0
101,43,90,98.0,8.0,-6.0,5,4,0.8,1,paper,0.0,1,0,0
23,22,90,68.0,-22.0,17.0,4,3,0.75,1,mobile_app,0.53,6,1,0
3,33,60,53.0,-7.0,3.0,6,5,0.833,1,mobile_app,0.35,0,0,0
7,17,60,76.0,16.0,-1.0,4,3,0.75,1,mobile_app,0.77,6,1,0
72,16,30,40.0,10.0,16.0,6,3,0.5,1,mobile_app,0.41,2,0,0
19,8,60,67.0,7.0,-14.0,6,4,0.667,1,mobile_app,0.51,4,0,0
28,20,90,103.0,13.0,-1.0,4,3,0.75,1,mobile_app,0.21,1,0,0
102,48,90,81.0,-9.0,8.0,5,4,0.8,1,mobile_app,0.68,4,0,0
105,56,90,93.0,3.0,-0.0,4,3,0.75,1,mobile_app,0.08,4,0,0
101,38,30,37.0,7.0,14.0,6,5,0.833,1,paper,0.0,3,0,0
31,37,60,55.0,-5.0,5.0,5,4,0.8,1,mobile_app,0.64,5,1,0
75,37,60,78.0,18.0,8.0,3,2,0.667,1,mobile_app,0.46,6,1,1
74,29,120,122.0,2.0,10.0,3,2,0.667,1,paper,0.0,1,0,1
23,25,90,69.0,-21.0,0.0,6,5,0.833,1,mobile_app,0.71,5,1,0
67,37,120,123.0,3.0,-3.0,4,3,0.75,1,mobile_app,0.14,4,0,0
64,47,30,26.0,-4.0,-0.0,5,3,0.6,1,mobile_app,0.34,3,0,0
48,25,60,71.0,11.0,-8.0,5,4,0.8,1,mobile_app,0.12,0,0,0
91,34,90,94.0,4.0,-0.0,2,1,0.5,1,mobile_app,0.4,4,0,0
82,28,60,55.0,-5.0,-0.0,3,2,0.667,1,paper,0.0,2,0,1
64,17,90,107.0,17.0,15.0,6,4,0.667,1,mobile_app,0.43,0,0,0
88,18,60,70.0,10.0,5.0,3,2,0.667,1,mobile_app,1.15,1,0,0
92,5,120,109.0,-11.0,26.0,6,5,0.833,1,mobile_app,0.79,0,0,0
69,26,60,59.0,-1.0,-17.0,3,2,0.667,1,mobile_app,1.31,2,0,1
33,43,120,123.0,3.0,-6.0,6,6,1.0,1,mobile_app,0.1,1,0,0
92,41,60,58.0,-2.0,-2.0,4,3,0.75,1,mobile_app,0.5,6,1,0
87,59,60,59.0,-1.0,4.0,2,1,0.5,1,paper,0.0,2,0,1
119,3,60,61.0,1.0,-1.0,3,2,0.667,1,mobile_app,0.17,2,0,0
18,45,60,54.0,-6.0,-7.0,6,5,0.833,1,mobile_app,0.32,5,1,0
51,47,120,109.0,-11.0,-1.0,3,2,0.667,1,paper,0.0,0,0,1
111,26,120,122.0,2.0,-9.0,3,2,0.667,1,mobile_app,0.24,2,0,0
62,17,120,98.0,-22.0,-13.0,2,1,0.5,1,mobile_app,0.12,1,0,1
114,22,120,110.0,-10.0,17.0,5,4,0.8,1,paper,0.0,3,0,0
2,41,90,79.0,-11.0,-2.0,6,5,0.833,1,mobile_app,0.17,5,1,0
5,51,60,53.0,-7.0,1.0,6,6,1.0,1,mobile_app,0.27,3,0,0
96,38,120,123.0,3.0,-1.0,6,3,0.5,1,paper,0.0,2,0,1
44,31,30,28.0,-2.0,-2.0,6,4,0.667,1,mobile_app,0.51,0,0,1
63,39,90,88.0,-2.0,-5.0,6,5,0.833,1,mobile_app,0.12,6,1,0
52,5,60,42.0,-18.0,-3.0,4,3,0.75,1,mobile_app,1.1,3,0,0
49,36,90,85.0,-5.0,2.0,6,4,0.667,1,mobile_app,0.39,3,0,0
113,3,60,65.0,5.0,16.0,5,3,0.6,1,mobile_app,0.24,3,0,1
12,57,60,60.0,0.0,3.0,2,1,0.5,1,mobile_app,1.31,3,0,1
93,53,30,33.0,3.0,-4.0,2,1,0.5,1,mobile_app,0.63,0,0,1
107,30,60,68.0,8.0,7.0,2,1,0.5,1,mobile_app,0.45,3,0,0
79,23,60,58.0,-2.0,4.0,3,2,0.667,1,mobile_app,0.18,2,0,0
48,44,60,50.0,-10.0,-3.0,4,2,0.5,1,mobile_app,0.03,5,1,1
20,38,60,55.0,-5.0,1.0,5,4,0.8,1,paper,0.0,2,0,0
82,42,60,59.0,-1.0,3.0,4,3,0.75,1,mobile_app,0.34,5,1,0
57,31,60,54.0,-6.0,0.0,3,2,0.667,1,mobile_app,0.92,4,0,0
18,14,90,78.0,-12.0,5.0,5,3,0.6,1,mobile_app,0.38,0,0,1
44,5,30,31.0,1.0,-10.0,6,5,0.833,1,mobile_app,0.92,6,1,0
116,17,60,87.0,27.0,18.0,3,2,0.667,1,mobile_app,0.39,2,0,1
32,32,60,56.0,-4.0,-13.0,3,2,0.667,1,mobile_app,0.19,4,0,0
22,26,60,60.0,0.0,4.0,6,5,0.833,1,mobile_app,0.57,1,0,0
82,30,60,49.0,-11.0,3.0,6,4,0.667,1,mobile_app,0.84,5,1,0
24,17,90,104.0,14.0,6.0,3,2,0.667,1,mobile_app,0.87,6,1,0
111,56,60,63.0,3.0,-2.0,4,3,0.75,1,mobile_app,0.4,0,0,0
104,22,60,68.0,8.0,10.0,4,3,0.75,1,mobile_app,0.34,5,1,0
119,50,60,66.0,6.0,-0.0,5,5,1.0,1,mobile_app,0.09,5,1,0
110,24,60,56.0,-4.0,-9.0,6,5,0.833,1,mobile_app,0.37,2,0,0
30,27,60,57.0,-3.0,-8.0,2,1,0.5,0,mobile_app,0.88,2,0,1
26,36,90,102.0,12.0,1.0,4,3,0.75,1,mobile_app,0.82,2,0,0
42,16,60,67.0,7.0,-15.0,3,2,0.667,1,paper,0.0,3,0,1
57,13,90,64.0,-26.0,18.0,5,3,0.6,1,mobile_app,0.64,2,0,1
106,23,60,64.0,4.0,9.0,4,3,0.75,1,mobile_app,1.77,6,1,0
89,48,60,57.0,-3.0,7.0,5,3,0.6,1,mobile_app,0.66,6,1,0
78,9,60,71.0,11.0,18.0,6,5,0.833,0,mobile_app,0.07,6,1,1
106,26,30,34.0,4.0,-3.0,5,4,0.8,1,mobile_app,0.14,3,0,1
78,40,60,49.0,-11.0,-5.0,6,5,0.833,1,paper,0.0,4,0,0
46,42,90,92.0,2.0,-13.0,6,5,0.833,1,mobile_app,0.21,0,0,0
50,26,90,92.0,2.0,-3.0,5,4,0.8,1,mobile_app,0.44,0,0,0
63,5,60,65.0,5.0,20.0,3,2,0.667,1,mobile_app,0.43,5,1,1
11,1,60,68.0,8.0,-10.0,3,2,0.667,1,paper,0.0,4,0,1
90,28,120,133.0,13.0,-2.0,3,2,0.667,1,mobile_app,0.59,0,0,0
79,48,30,32.0,2.0,-2.0,5,5,1.0,1,paper,0.0,4,0,0
88,2,60,60.0,0.0,4.0,6,4,0.667,1,mobile_app,0.22,4,0,1
65,53,120,124.0,4.0,4.0,3,2,0.667,1,paper,0.0,5,1,1
94,40,60,74.0,14.0,-8.0,4,3,0.75,1,paper,0.0,3,0,0
114,1,30,43.0,13.0,-16.0,4,3,0.75,1,mobile_app,0.31,5,1,0
69,21,60,62.0,2.0,13.0,5,4,0.8,1,paper,0.0,5,1,0
54,14,90,95.0,5.0,7.0,6,4,0.667,1,paper,0.0,4,0,1
13,57,60,61.0,1.0,-1.0,4,3,0.75,1,mobile_app,0.56,3,0,0
94,33,90,90.0,0.0,11.0,3,2,0.667,1,mobile_app,0.7,5,1,0
109,20,60,83.0,23.0,-12.0,3,2,0.667,1,mobile_app,0.78,1,0,0
84,17,60,52.0,-8.0,9.0,4,3,0.75,1,paper,0.0,6,1,0
104,34,60,69.0,9.0,-0.0,4,3,0.75,1,mobile_app,0.54,6,1,0
104,1,90,88.0,-2.0,7.0,2,1,0.5,1,mobile_app,0.53,3,0,1
96,16,60,43.0,-17.0,-22.0,6,5,0.833,1,mobile_app,0.11,6,1,0
61,10,90,88.0,-2.0,-3.0,6,3,0.5,1,paper,0.0,5,1,1
12,37,60,56.0,-4.0,4.0,3,2,0.667,1,mobile_app,0.38,2,0,1
1,40,30,34.0,4.0,-0.0,6,5,0.833,1,mobile_app,0.36,3,0,0
25,28,60,61.0,1.0,9.0,3,2,0.667,1,mobile_app,0.42,4,0,0
52,9,60,47.0,-13.0,13.0,4,2,0.5,1,paper,0.0,1,0,1
90,22,60,75.0,15.0,-8.0,2,1,0.5,1,paper,0.0,3,0,1
55,50,90,95.0,5.0,3.0,5,4,0.8,1,mobile_app,0.62,2,0,0
3,13,120,139.0,19.0,-10.0,4,3,0.75,1,paper,0.0,3,0,0
26,10,90,93.0,3.0,1.0,3,2,0.667,1,paper,0.0,2,0,1
118,7,60,60.0,0.0,7.0,3,2,0.667,1,mobile_app,0.4,0,0,0
119,49,60,63.0,3.0,-3.0,6,5,0.833,1,mobile_app,0.0,5,1,0
46,8,90,83.0,-7.0,8.0,5,4,0.8,1,mobile_app,1.09,3,0,0
97,35,60,61.0,1.0,-3.0,2,1,0.5,1,mobile_app,0.42,1,0,0
87,59,90,89.0,-1.0,-2.0,2,2,1.0,1,paper,0.0,1,0,0
112,38,120,110.0,-10.0,4.0,2,1,0.5,1,mobile_app,0.79,3,0,0
107,25,60,61.0,1.0,-7.0,3,2,0.667,1,mobile_app,0.52,5,1,0
76,13,120,115.0,-5.0,-9.0,5,3,0.6,0,mobile_app,0.39,1,0,1
48,1,90,87.0,-3.0,12.0,2,1,0.5,1,mobile_app,1.38,5,1,1
76,10,60,65.0,5.0,1.0,3,2,0.667,1,mobile_app,0.58,5,1,1
39,57,120,125.0,5.0,-4.0,2,2,1.0,1,mobile_app,0.19,0,0,0
42,9,30,19.0,-11.0,9.0,5,4,0.8,1,paper,0.0,0,0,0
74,2,30,25.0,-5.0,-5.0,6,4,0.667,1,mobile_app,0.37,5,1,1
69,49,60,56.0,-4.0,-5.0,4,3,0.75,1,mobile_app,0.25,3,0,0
70,25,60,52.0,-8.0,-20.0,6,5,0.833,1,mobile_app,0.28,0,0,0
47,22,60,54.0,-6.0,8.0,5,3,0.6,1,mobile_app,0.62,6,1,1
50,43,120,119.0,-1.0,-4.0,5,4,0.8,1,mobile_app,0.04,0,0,0
2,31,60,65.0,5.0,-8.0,3,2,0.667,1,mobile_app,0.9,2,0,0
73,54,60,61.0,1.0,2.0,6,5,0.833,1,paper,0.0,0,0,0
70,28,90,81.0,-9.0,6.0,5,3,0.6,1,mobile_app,0.55,6,1,1
113,43,30,38.0,8.0,-4.0,2,2,1.0,1,paper,0.0,3,0,0
61,52,90,94.0,4.0,3.0,2,1,0.5,1,mobile_app,1.02,4,0,0
57,28,60,52.0,-8.0,15.0,6,5,0.833,1,mobile_app,1.0,5,1,0
9,17,120,133.0,13.0,12.0,3,2,0.667,1,mobile_app,0.26,1,0,0
24,58,90,91.0,1.0,4.0,4,3,0.75,1,mobile_app,0.92,2,0,0
41,14,30,28.0,-2.0,3.0,5,4,0.8,1,mobile_app,0.74,4,0,0
46,3,30,35.0,5.0,-5.0,5,3,0.6,1,mobile_app,0.12,6,1,1
44,35,30,30.0,0.0,-0.0,2,1,0.5,1,mobile_app,0.37,1,0,1
48,59,120,122.0,2.0,1.0,5,4,0.8,1,mobile_app,0.3,2,0,0
93,6,90,92.0,2.0,-14.0,6,4,0.667,0,mobile_app,0.49,1,0,1
16,51,60,59.0,-1.0,-3.0,3,3,1.0,1,paper,0.0,1,0,0
40,49,60,51.0,-9.0,-5.0,4,3,0.75,1,paper,0.0,1,0,0
20,55,120,122.0,2.0,1.0,3,2,0.667,1,mobile_app,0.3,3,0,0
37,25,60,56.0,-4.0,1.0,5,4,0.8,1,mobile_app,0.35,0,0,0
83,16,90,99.0,9.0,-6.0,2,1,0.5,1,mobile_app,0.19,4,0,0
6,31,90,94.0,4.0,6.0,4,3,0.75,1,paper,0.0,1,0,0
41,9,60,56.0,-4.0,-11.0,4,3,0.75,1,paper,0.0,3,0,0
3,50,60,65.0,5.0,-3.0,5,3,0.6,1,mobile_app,0.24,1,0,0
115,40,60,61.0,1.0,4.0,4,3,0.75,1,mobile_app,0.18,3,0,0
88,29,60,61.0,1.0,7.0,6,5,0.833,1,mobile_app,1.33,1,0,1
30,31,120,119.0,-1.0,-5.0,6,5,0.833,1,mobile_app,0.06,1,0,0
24,43,90,100.0,10.0,1.0,3,1,0.333,1,mobile_app,0.31,2,0,0
12,31,90,84.0,-6.0,-5.0,2,1,0.5,1,mobile_app,0.35,4,0,0
57,50,60,59.0,-1.0,-1.0,4,3,0.75,1,mobile_app,0.39,2,0,0
91,55,60,56.0,-4.0,0.0,4,4,1.0,1,mobile_app,0.49,2,0,0
71,57,90,93.0,3.0,2.0,5,4,0.8,1,mobile_app,0.31,4,0,0
106,37,60,56.0,-4.0,2.0,4,3,0.75,0,paper,0.0,6,1,1
42,44,60,57.0,-3.0,1.0,4,3,0.75,1,mobile_app,0.05,5,1,0
34,19,60,55.0,-5.0,-10.0,2,1,0.5,1,paper,0.0,2,0,1
58,3,90,91.0,1.0,4.0,5,4,0.8,1,mobile_app,0.04,3,0,0
25,24,90,78.0,-12.0,4.0,3,2,0.667,1,mobile_app,0.41,1,0,0
118,52,60,51.0,-9.0,2.0,3,3,1.0,1,mobile_app,1.0,5,1,1
23,8,120,126.0,6.0,-8.0,4,3,0.75,1,mobile_app,0.17,6,1,0
58,33,60,44.0,-16.0,6.0,2,1,0.5,1,mobile_app,0.18,6,1,1
63,12,60,70.0,10.0,-13.0,4,3,0.75,1,mobile_app,0.59,1,0,0
7,26,60,74.0,14.0,-3.0,3,2,0.667,1,paper,0.0,5,1,1
57,9,90,88.0,-2.0,-3.0,3,2,0.667,1,mobile_app,1.24,1,0,1
55,44,60,67.0,7.0,-6.0,3,2,0.667,1,mobile_app,0.35,0,0,0
32,48,60,60.0,0.0,-1.0,2,1,0.5,1,mobile_app,0.21,5,1,0
16,45,60,69.0,9.0,1.0,6,5,0.833,1,mobile_app,0.41,2,0,0
6,42,90,87.0,-3.0,-9.0,3,2,0.667,1,paper,0.0,2,0,1
2,14,90,63.0,-27.0,-4.0,6,5,0.833,1,mobile_app,0.56,3,0,1
58,32,60,59.0,-1.0,-12.0,6,4,0.667,1,mobile_app,0.55,2,0,1
11,7,120,142.0,22.0,22.0,4,3,0.75,1,mobile_app,0.44,1,0,0
116,23,30,35.0,5.0,2.0,6,4,0.667,1,paper,0.0,3,0,1
30,30,30,26.0,-4.0,1.0,3,2,0.667,1,mobile_app,0.72,0,0,0
79,40,60,62.0,2.0,1.0,2,1,0.5,1,mobile_app,0.93,5,1,0
81,6,90,103.0,13.0,7.0,6,3,0.5,1,mobile_app,0.81,6,1,0
60,48,60,60.0,0.0,4.0,5,4,0.8,1,mobile_app,0.14,4,0,0
107,28,60,83.0,23.0,-11.0,5,4,0.8,1,mobile_app,0.08,4,0,0
14,52,60,58.0,-2.0,4.0,6,5,0.833,0,mobile_app,0.18,5,1,1
29,32,60,68.0,8.0,8.0,2,1,0.5,1,mobile_app,0.29,3,0,0
31,33,90,96.0,6.0,-0.0,2,1,0.5,1,mobile_app,0.51,6,1,1
17,41,120,116.0,-4.0,-1.0,6,5,0.833,1,mobile_app,0.2,2,0,0
36,49,60,58.0,-2.0,-12.0,2,1,0.5,1,mobile_app,0.58,4,0,1
38,10,90,103.0,13.0,-13.0,4,2,0.5,1,paper,0.0,1,0,1
92,31,60,61.0,1.0,4.0,2,1,0.5,1,paper,0.0,1,0,1
37,2,60,65.0,5.0,14.0,3,2,0.667,1,mobile_app,0.25,3,0,1
106,28,60,46.0,-14.0,5.0,2,1,0.5,1,mobile_app,0.73,5,1,1
93,48,120,123.0,3.0,-0.0,3,3,1.0,1,mobile_app,0.57,2,0,0
109,52,60,61.0,1.0,6.0,6,4,0.667,1,paper,0.0,5,1,0
13,17,90,89.0,-1.0,9.0,3,2,0.667,1,mobile_app,0.52,2,0,1
119,23,30,34.0,4.0,-3.0,6,5,0.833,1,mobile_app,0.47,3,0,0
74,33,90,87.0,-3.0,14.0,6,5,0.833,1,mobile_app,0.86,3,0,0
118,24,60,54.0,-6.0,-9.0,4,3,0.75,1,mobile_app,0.87,4,0,0
43,11,120,117.0,-3.0,-15.0,4,3,0.75,1,mobile_app,0.08,3,0,0
115,18,90,85.0,-5.0,-4.0,3,2,0.667,0,mobile_app,0.35,3,0,1
71,24,30,51.0,21.0,-6.0,5,4,0.8,1,mobile_app,0.01,0,0,0
9,31,90,97.0,7.0,-2.0,6,5,0.833,1,mobile_app,0.82,0,0,0
50,55,90,87.0,-3.0,2.0,6,4,0.667,1,paper,0.0,0,0,0
17,33,60,76.0,16.0,-0.0,2,1,0.5,1,mobile_app,0.62,5,1,0
113,23,60,56.0,-4.0,-0.0,5,4,0.8,1,paper,0.0,2,0,0
37,39,90,90.0,0.0,0.0,2,1,0.5,1,mobile_app,0.19,3,0,1
27,46,90,95.0,5.0,-10.0,4,3,0.75,1,paper,0.0,3,0,0
67,26,60,42.0,-18.0,-12.0,2,1,0.5,1,mobile_app,0.08,2,0,1
52,29,120,118.0,-2.0,-3.0,4,3,0.75,1,mobile_app,0.44,0,0,0
12,13,60,53.0,-7.0,-8.0,6,5,0.833,1,paper,0.0,3,0,0
98,52,30,31.0,1.0,-1.0,6,5,0.833,1,mobile_app,0.01,2,0,0
102,52,60,61.0,1.0,5.0,5,5,1.0,1,mobile_app,0.06,4,0,0
90,11,30,29.0,-1.0,-1.0,4,3,0.75,1,paper,0.0,4,0,0
75,21,60,59.0,-1.0,-11.0,5,3,0.6,1,mobile_app,1.61,5,1,1
49,17,60,72.0,12.0,-7.0,2,1,0.5,1,mobile_app,0.44,3,0,1
66,55,60,61.0,1.0,5.0,5,4,0.8,1,paper,0.0,6,1,0
63,4,60,61.0,1.0,17.0,5,4,0.8,1,paper,0.0,6,1,0
20,13,90,92.0,2.0,6.0,2,1,0.5,1,mobile_app,0.29,4,0,0
10,19,60,79.0,19.0,-14.0,5,3,0.6,1,paper,0.0,6,1,0
31,34,90,91.0,1.0,2.0,3,2,0.667,1,paper,0.0,6,1,0
55,15,60,54.0,-6.0,4.0,4,3,0.75,1,mobile_app,0.71,5,1,0
20,32,60,45.0,-15.0,0.0,6,5,0.833,1,mobile_app,0.21,1,0,0
13,45,60,52.0,-8.0,-3.0,3,3,1.0,1,mobile_app,0.06,4,0,0
103,49,90,88.0,-2.0,-1.0,6,4,0.667,1,mobile_app,0.52,1,0,1
45,6,60,59.0,-1.0,-7.0,4,3,0.75,1,mobile_app,0.04,2,0,0
71,9,60,53.0,-7.0,-12.0,4,3,0.75,1,paper,0.0,5,1,0
63,6,90,95.0,5.0,15.0,2,1,0.5,1,mobile_app,0.02,3,0,1
89,54,90,88.0,-2.0,3.0,2,1,0.5,1,paper,0.0,4,0,1
89,39,90,84.0,-6.0,-2.0,3,2,0.667,1,mobile_app,0.33,2,0,0
36,32,30,35.0,5.0,2.0,6,5,0.833,1,mobile_app,0.45,6,1,0
102,47,30,37.0,7.0,2.0,3,2,0.667,1,mobile_app,0.3,2,0,1
45,35,60,52.0,-8.0,14.0,3,1,0.333,1,mobile_app,0.49,4,0,1
101,14,90,93.0,3.0,8.0,6,4,0.667,1,mobile_app,0.12,5,1,1
49,31,60,44.0,-16.0,6.0,3,2,0.667,1,mobile_app,0.96,0,0,0
14,42,30,21.0,-9.0,0.0,6,4,0.667,1,paper,0.0,5,1,1
92,3,60,52.0,-8.0,-5.0,2,1,0.5,1,mobile_app,0.33,4,0,1
4,36,60,68.0,8.0,8.0,2,1,0.5,1,mobile_app,0.11,1,0,0
93,30,90,83.0,-7.0,5.0,2,1,0.5,1,mobile_app,0.99,1,0,1
6,5,30,19.0,-11.0,-9.0,2,1,0.5,1,paper,0.0,0,0,1
25,16,30,30.0,0.0,4.0,5,3,0.6,1,mobile_app,0.26,3,0,0
73,27,60,60.0,0.0,6.0,2,1,0.5,1,mobile_app,0.28,0,0,0
113,21,30,22.0,-8.0,-18.0,5,4,0.8,1,paper,0.0,4,0,0
50,18,60,81.0,21.0,-8.0,4,3,0.75,1,paper,0.0,0,0,0
15,39,30,28.0,-2.0,2.0,3,1,0.333,1,mobile_app,0.39,4,0,1
28,24,90,91.0,1.0,-15.0,2,1,0.5,1,paper,0.0,5,1,1
108,30,90,87.0,-3.0,-12.0,2,1,0.5,1,paper,0.0,2,0,1
88,48,120,122.0,2.0,-1.0,2,2,1.0,1,mobile_app,0.76,2,0,0
13,6,120,136.0,16.0,5.0,4,3,0.75,1,paper,0.0,4,0,0
47,22,60,77.0,17.0,4.0,6,5,0.833,0,mobile_app,0.99,6,1,1
32,5,30,20.0,-10.0,18.0,4,3,0.75,1,paper,0.0,6,1,1
22,55,60,64.0,4.0,0.0,5,3,0.6,1,mobile_app,0.02,4,0,1
102,11,90,97.0,7.0,-4.0,3,2,0.667,1,mobile_app,0.74,1,0,1
75,49,30,34.0,4.0,-5.0,2,1,0.5,1,paper,0.0,2,0,1
22,12,60,59.0,-1.0,-4.0,3,2,0.667,1,mobile_app,0.37,0,0,1
79,20,60,58.0,-2.0,6.0,4,3,0.75,1,paper,0.0,0,0,0
50,36,60,67.0,7.0,5.0,6,5,0.833,0,mobile_app,0.49,0,0,0
8,50,90,94.0,4.0,1.0,3,2,0.667,1,mobile_app,0.22,5,1,0
54,11,90,109.0,19.0,6.0,6,4,0.667,1,paper,0.0,3,0,1
23,13,60,62.0,2.0,13.0,5,4,0.8,1,paper,0.0,3,0,0
30,53,120,120.0,0.0,0.0,3,2,0.667,1,mobile_app,0.89,2,0,1
106,19,30,10.0,-20.0,12.0,5,4,0.8,1,paper,0.0,0,0,0
86,13,30,11.0,-19.0,-7.0,5,4,0.8,1,mobile_app,0.55,3,0,0
17,44,60,58.0,-2.0,-0.0,5,4,0.8,1,mobile_app,0.5,3,0,0
103,6,90,75.0,-15.0,-5.0,6,5,0.833,1,paper,0.0,0,0,0
69,52,60,63.0,3.0,3.0,5,4,0.8,1,paper,0.0,4,0,0
105,52,30,25.0,-5.0,-3.0,2,2,1.0,1,mobile_app,0.48,1,0,0
90,51,120,118.0,-2.0,-1.0,3,2,0.667,1,mobile_app,0.58,3,0,0
41,18,60,55.0,-5.0,-17.0,6,5,0.833,1,mobile_app,0.23,2,0,0
65,7,60,76.0,16.0,6.0,3,2,0.667,1,mobile_app,0.02,0,0,0
64,26,90,84.0,-6.0,10.0,4,3,0.75,1,paper,0.0,6,1,0
87,20,120,125.0,5.0,8.0,4,3,0.75,1,mobile_app,0.89,4,0,1
30,57,90,91.0,1.0,2.0,4,2,0.5,1,mobile_app,0.38,2,0,0
40,38,120,126.0,6.0,5.0,6,5,0.833,1,mobile_app,0.32,1,0,0
30,56,60,63.0,3.0,2.0,4,3,0.75,1,mobile_app,0.18,0,0,0
36,45,90,90.0,0.0,3.0,2,1,0.5,1,paper,0.0,5,1,1
20,43,90,80.0,-10.0,3.0,3,2,0.667,1,mobile_app,0.25,2,0,0
5,7,60,57.0,-3.0,-7.0,5,3,0.6,1,paper,0.0,1,0,1
113,5,60,60.0,0.0,-2.0,5,4,0.8,1,mobile_app,0.38,6,1,0
9,3,120,124.0,4.0,1.0,5,3,0.6,1,mobile_app,0.43,6,1,1
107,36,30,25.0,-5.0,-2.0,5,3,0.6,0,paper,0.0,2,0,1
1,12,60,74.0,14.0,-16.0,3,2,0.667,1,mobile_app,0.26,4,0,1
94,59,120,120.0,0.0,-4.0,2,1,0.5,1,mobile_app,0.12,5,1,0
40,8,120,108.0,-12.0,2.0,6,5,0.833,0,mobile_app,0.47,4,0,1
63,56,120,118.0,-2.0,3.0,4,3,0.75,1,mobile_app,0.13,1,0,0
34,40,120,132.0,12.0,0.0,5,4,0.8,1,paper,0.0,5,1,0
59,7,30,39.0,9.0,30.0,6,4,0.667,1,mobile_app,0.3,0,0,1
55,4,120,134.0,14.0,-10.0,2,1,0.5,1,mobile_app,0.51,3,0,0
64,24,60,50.0,-10.0,4.0,6,5,0.833,1,mobile_app,0.92,3,0,0
48,20,90,83.0,-7.0,11.0,3,2,0.667,1,mobile_app,0.44,4,0,0
65,19,60,53.0,-7.0,9.0,5,4,0.8,1,mobile_app,1.04,4,0,0
100,32,90,91.0,1.0,4.0,3,2,0.667,1,mobile_app,0.35,0,0,0
53,8,60,58.0,-2.0,11.0,2,1,0.5,1,paper,0.0,5,1,1
44,8,90,84.0,-6.0,1.0,6,5,0.833,1,mobile_app,0.8,2,0,0
16,41,60,58.0,-2.0,9.0,3,2,0.667,1,mobile_app,0.81,1,0,0
44,59,60,57.0,-3.0,4.0,2,1,0.5,1,mobile_app,0.18,3,0,0
16,17,60,58.0,-2.0,-8.0,2,1,0.5,1,mobile_app,0.27,6,1,0
22,55,30,34.0,4.0,1.0,6,4,0.667,1,mobile_app,0.08,5,1,1
115,21,90,75.0,-15.0,-13.0,6,3,0.5,1,mobile_app,1.51,3,0,1
11,20,60,64.0,4.0,13.0,5,4,0.8,1,mobile_app,0.26,4,0,0
58,6,60,78.0,18.0,2.0,5,3,0.6,1,mobile_app,0.09,3,0,1
101,25,30,28.0,-2.0,11.0,5,4,0.8,1,paper,0.0,4,0,0
115,30,60,56.0,-4.0,-1.0,6,4,0.667,1,mobile_app,0.81,6,1,0
18,40,90,96.0,6.0,-10.0,2,1,0.5,1,mobile_app,0.42,0,0,1
20,10,60,48.0,-12.0,27.0,2,1,0.5,1,mobile_app,0.51,2,0,1
45,12,60,60.0,0.0,1.0,5,4,0.8,1,paper,0.0,3,0,0
67,26,60,50.0,-10.0,-8.0,6,5,0.833,1,mobile_app,0.88,5,1,0
116,5,60,35.0,-25.0,13.0,4,2,0.5,1,mobile_app,0.03,0,0,1
25,9,90,88.0,-2.0,21.0,6,4,0.667,1,mobile_app,0.91,3,0,1
20,38,60,51.0,-9.0,-1.0,4,3,0.75,1,mobile_app,0.12,5,1,0
31,57,60,60.0,0.0,-0.0,5,4,0.8,1,mobile_app,0.5,0,0,0
105,34,90,98.0,8.0,2.0,4,3,0.75,1,paper,0.0,1,0,0
4,9,60,83.0,23.0,-12.0,6,4,0.667,1,mobile_app,0.23,0,0,0
46,59,60,60.0,0.0,-2.0,5,5,1.0,1,paper,0.0,5,1,0
15,31,60,68.0,8.0,12.0,4,3,0.75,1,paper,0.0,6,1,0
19,43,120,122.0,2.0,-1.0,3,2,0.667,1,paper,0.0,3,0,0
111,12,60,55.0,-5.0,-8.0,3,2,0.667,1,mobile_app,0.75,6,1,1
1,35,60,46.0,-14.0,-3.0,2,1,0.5,1,mobile_app,1.18,4,0,0
39,5,120,142.0,22.0,12.0,2,1,0.5,1,paper,0.0,6,1,1
110,37,90,83.0,-7.0,-12.0,4,3,0.75,1,mobile_app,0.17,0,0,0
73,12,90,107.0,17.0,3.0,2,1,0.5,1,paper,0.0,4,0,0
9,54,120,122.0,2.0,7.0,4,3,0.75,1,mobile_app,0.45,5,1,0
56,4,30,17.0,-13.0,23.0,2,1,0.5,1,paper,0.0,4,0,1
117,39,90,92.0,2.0,3.0,2,1,0.5,1,mobile_app,0.04,3,0,1
49,9,90,117.0,27.0,14.0,5,3,0.6,1,mobile_app,0.4,1,0,1
64,41,60,70.0,10.0,7.0,2,1,0.5,1,mobile_app,0.11,1,0,0
64,30,60,56.0,-4.0,-1.0,3,2,0.667,1,mobile_app,0.85,4,0,1
80,58,30,27.0,-3.0,3.0,2,1,0.5,1,mobile_app,0.4,4,0,1
23,39,120,121.0,1.0,10.0,2,1,0.5,1,mobile_app,0.27,3,0,1
101,22,30,28.0,-2.0,-11.0,3,2,0.667,1,mobile_app,0.95,0,0,1
119,6,60,76.0,16.0,6.0,2,1,0.5,1,paper,0.0,2,0,1
18,36,90,95.0,5.0,2.0,2,1,0.5,0,paper,0.0,6,1,1
99,27,90,75.0,-15.0,1.0,5,4,0.8,1,paper,0.0,4,0,0
99,4,60,66.0,6.0,0.0,2,1,0.5,1,paper,0.0,5,1,0
89,35,90,89.0,-1.0,1.0,6,5,0.833,1,mobile_app,0.31,0,0,0
45,13,60,60.0,0.0,3.0,4,3,0.75,1,paper,0.0,3,0,0
57,14,90,93.0,3.0,11.0,4,3,0.75,1,mobile_app,0.16,3,0,0
101,1,30,47.0,17.0,6.0,6,4,0.667,1,mobile_app,0.57,5,1,1
19,22,30,40.0,10.0,-1.0,5,3,0.6,0,mobile_app,0.55,5,1,1
100,13,90,81.0,-9.0,-8.0,4,3,0.75,1,mobile_app,0.05,0,0,0
111,5,60,59.0,-1.0,-5.0,6,5,0.833,1,mobile_app,0.64,5,1,0
82,26,60,56.0,-4.0,2.0,4,3,0.75,1,mobile_app,0.09,0,0,0
41,13,30,10.0,-20.0,-7.0,5,4,0.8,1,paper,0.0,3,0,0
68,8,90,89.0,-1.0,10.0,6,5,0.833,1,mobile_app,0.25,1,0,0
7,28,120,136.0,16.0,3.0,5,4,0.8,1,paper,0.0,2,0,0
112,4,90,67.0,-23.0,13.0,4,3,0.75,0,paper,0.0,2,0,1
42,59,120,120.0,0.0,-2.0,5,4,0.8,1,paper,0.0,4,0,0
7,28,120,120.0,0.0,-6.0,5,4,0.8,1,paper,0.0,0,0,0
96,59,60,61.0,1.0,3.0,6,5,0.833,1,paper,0.0,0,0,0
79,53,60,56.0,-4.0,0.0,5,4,0.8,1,mobile_app,0.73,4,0,0
75,58,120,115.0,-5.0,-1.0,3,2,0.667,1,mobile_app,0.31,0,0,1
7,33,120,109.0,-11.0,5.0,2,1,0.5,1,mobile_app,0.49,1,0,1
91,25,120,133.0,13.0,5.0,5,4,0.8,1,mobile_app,0.58,5,1,0
77,43,90,84.0,-6.0,-6.0,4,3,0.75,1,mobile_app,0.67,1,0,0
96,5,60,53.0,-7.0,15.0,4,3,0.75,1,mobile_app,0.62,0,0,0
100,50,120,129.0,9.0,-2.0,6,4,0.667,1,paper,0.0,3,0,1
26,20,120,112.0,-8.0,15.0,2,1,0.5,1,mobile_app,0.07,2,0,0
26,1,90,95.0,5.0,-16.0,2,1,0.5,1,paper,0.0,0,0,0
111,15,120,132.0,12.0,3.0,5,4,0.8,1,mobile_app,0.21,2,0,0
64,15,60,72.0,12.0,-2.0,6,4,0.667,1,mobile_app,0.11,5,1,0
53,1,120,101.0,-19.0,-23.0,6,5,0.833,1,mobile_app,1.53,6,1,1
35,40,30,25.0,-5.0,4.0,6,5,0.833,1,paper,0.0,0,0,0
77,6,120,124.0,4.0,-21.0,6,4,0.667,1,mobile_app,0.88,4,0,1
91,50,30,38.0,8.0,-1.0,5,4,0.8,1,mobile_app,0.33,4,0,0
1,27,60,53.0,-7.0,8.0,6,5,0.833,1,paper,0.0,5,1,0
67,43,30,27.0,-3.0,-3.0,3,2,0.667,1,mobile_app,1.01,5,1,1
120,21,60,64.0,4.0,-8.0,5,3,0.6,1,paper,0.0,4,0,1
34,8,60,68.0,8.0,9.0,2,1,0.5,1,mobile_app,0.18,6,1,1
34,11,120,128.0,8.0,-3.0,4,2,0.5,1,mobile_app,1.11,1,0,1
106,39,60,54.0,-6.0,-2.0,3,2,0.667,1,mobile_app,1.22,0,0,1
8,43,120,117.0,-3.0,6.0,6,4,0.667,1,mobile_app,0.64,2,0,1
48,16,60,62.0,2.0,-11.0,4,3,0.75,1,paper,0.0,1,0,0
55,22,30,43.0,13.0,-4.0,3,2,0.667,1,mobile_app,0.54,1,0,0
96,56,90,89.0,-1.0,3.0,4,3,0.75,1,mobile_app,0.3,0,0,0
16,51,90,90.0,0.0,-4.0,2,1,0.5,1,mobile_app,0.42,3,0,0
53,25,60,50.0,-10.0,14.0,2,1,0.5,1,mobile_app,1.57,5,1,1
19,15,90,111.0,21.0,-2.0,4,3,0.75,1,mobile_app,1.17,0,0,0
95,18,90,92.0,2.0,8.0,5,3,0.6,1,mobile_app,1.07,4,0,1
76,32,60,69.0,9.0,6.0,4,2,0.5,1,mobile_app,0.46,6,1,0
60,34,120,120.0,0.0,-1.0,2,1,0.5,1,mobile_app,0.21,3,0,1
48,11,90,91.0,1.0,-5.0,5,4,0.8,0,mobile_app,0.75,1,0,1
19,4,90,70.0,-20.0,-0.0,2,1,0.5,0,mobile_app,0.25,4,0,1
111,30,60,42.0,-18.0,5.0,6,4,0.667,1,paper,0.0,1,0,0
78,48,30,36.0,6.0,-4.0,2,1,0.5,1,paper,0.0,0,0,1
39,9,60,61.0,1.0,-13.0,2,1,0.5,1,paper,0.0,3,0,1
50,25,90,92.0,2.0,12.0,4,3,0.75,1,paper,0.0,0,0,0
88,10,90,75.0,-15.0,-8.0,6,4,0.667,1,mobile_app,0.35,2,0,1
87,15,60,50.0,-10.0,3.0,5,4,0.8,1,paper,0.0,5,1,0
56,37,90,97.0,7.0,-1.0,5,4,0.8,1,mobile_app,0.59,1,0,0
37,17,60,79.0,19.0,-1.0,2,1,0.5,1,mobile_app,0.57,3,0,0
80,16,60,53.0,-7.0,13.0,6,4,0.667,1,paper,0.0,6,1,0
79,59,120,122.0,2.0,-0.0,2,1,0.5,1,paper,0.0,1,0,1
72,11,60,62.0,2.0,-4.0,3,2,0.667,1,mobile_app,0.7,1,0,1
9,12,60,59.0,-1.0,-3.0,5,3,0.6,1,paper,0.0,4,0,1
57,55,60,67.0,7.0,-2.0,5,3,0.6,1,mobile_app,0.08,5,1,0
74,33,60,56.0,-4.0,-4.0,5,4,0.8,1,mobile_app,0.47,3,0,0
115,3,90,107.0,17.0,-6.0,5,4,0.8,1,paper,0.0,5,1,0
64,26,120,124.0,4.0,13.0,6,5,0.833,1,mobile_app,0.16,4,0,0
42,34,60,60.0,0.0,5.0,4,3,0.75,1,paper,0.0,1,0,0
67,15,60,76.0,16.0,-3.0,6,5,0.833,1,paper,0.0,5,1,0
22,33,60,62.0,2.0,6.0,2,1,0.5,0,mobile_app,0.4,1,0,1
11,39,60,59.0,-1.0,-9.0,2,1,0.5,1,paper,0.0,4,0,0
82,15,60,76.0,16.0,13.0,2,1,0.5,1,mobile_app,0.03,3,0,1
119,48,30,36.0,6.0,5.0,3,2,0.667,1,paper,0.0,3,0,1
102,27,120,131.0,11.0,17.0,2,1,0.5,1,paper,0.0,6,1,1
71,57,60,46.0,-14.0,3.0,6,4,0.667,1,mobile_app,0.15,6,1,1
5,6,60,66.0,6.0,5.0,4,3,0.75,1,paper,0.0,5,1,0
119,20,30,32.0,2.0,11.0,4,3,0.75,1,mobile_app,0.9,4,0,0
54,43,90,90.0,0.0,-3.0,5,3,0.6,1,mobile_app,0.14,2,0,1
35,53,60,62.0,2.0,-1.0,3,3,1.0,1,mobile_app,0.32,5,1,0
108,14,60,63.0,3.0,-1.0,4,3,0.75,1,mobile_app,0.22,0,0,0
90,58,90,92.0,2.0,4.0,2,2,1.0,1,mobile_app,0.24,0,0,0
90,12,60,57.0,-3.0,-9.0,5,2,0.4,1,mobile_app,0.06,4,0,0
34,25,120,134.0,14.0,-8.0,6,5,0.833,1,mobile_app,0.17,1,0,0
120,19,60,68.0,8.0,2.0,2,1,0.5,1,paper,0.0,3,0,1
55,26,90,95.0,5.0,6.0,2,1,0.5,1,mobile_app,0.1,6,1,0
64,54,120,122.0,2.0,-2.0,2,1,0.5,1,paper,0.0,2,0,1
91,44,60,66.0,6.0,3.0,5,3,0.6,1,mobile_app,0.87,2,0,0
80,47,90,95.0,5.0,6.0,5,4,0.8,1,paper,0.0,4,0,1
21,15,60,59.0,-1.0,11.0,6,5,0.833,1,paper,0.0,5,1,0
37,56,90,94.0,4.0,1.0,5,4,0.8,1,mobile_app,0.57,6,1,0
44,26,120,122.0,2.0,-1.0,4,3,0.75,1,mobile_app,1.17,2,0,0
114,39,90,103.0,13.0,10.0,5,4,0.8,1,paper,0.0,6,1,1
86,42,120,127.0,7.0,0.0,3,2,0.667,1,paper,0.0,1,0,1
44,40,60,56.0,-4.0,5.0,5,4,0.8,1,mobile_app,0.14,4,0,0
89,36,60,77.0,17.0,12.0,2,1,0.5,1,paper,0.0,0,0,1
89,29,60,42.0,-18.0,6.0,6,4,0.667,1,paper,0.0,6,1,1
48,39,90,94.0,4.0,-5.0,2,1,0.5,1,mobile_app,0.37,5,1,1
49,54,120,117.0,-3.0,-4.0,6,4,0.667,1,mobile_app,0.82,2,0,0
108,23,90,108.0,18.0,-2.0,4,3,0.75,1,paper,0.0,6,1,0
68,31,60,62.0,2.0,5.0,5,4,0.8,1,mobile_app,0.06,0,0,0
18,11,60,50.0,-10.0,5.0,2,1,0.5,1,paper,0.0,2,0,1
87,21,90,87.0,-3.0,19.0,3,2,0.667,1,mobile_app,0.49,3,0,0
71,46,120,116.0,-4.0,2.0,6,5,0.833,1,mobile_app,1.35,4,0,0
62,38,60,58.0,-2.0,-2.0,2,1,0.5,1,mobile_app,0.36,4,0,0
88,13,30,26.0,-4.0,-11.0,2,1,0.5,1,mobile_app,0.91,0,0,0
109,33,60,54.0,-6.0,8.0,5,3,0.6,1,mobile_app,0.66,5,1,0
40,48,30,31.0,1.0,-0.0,6,6,1.0,1,mobile_app,0.71,1,0,0
51,8,120,125.0,5.0,-16.0,4,2,0.5,1,mobile_app,0.37,6,1,0
23,4,60,46.0,-14.0,0.0,2,1,0.5,1,mobile_app,0.41,2,0,0
78,24,60,44.0,-16.0,-8.0,2,1,0.5,1,paper,0.0,3,0,1
49,39,60,62.0,2.0,-2.0,6,4,0.667,1,mobile_app,0.47,2,0,1
42,19,60,66.0,6.0,0.0,3,2,0.667,0,mobile_app,0.26,2,0,1
84,49,120,123.0,3.0,-3.0,4,3,0.75,0,mobile_app,0.74,3,0,1
49,50,60,62.0,2.0,-2.0,6,4,0.667,1,mobile_app,1.27,1,0,1
56,32,30,43.0,13.0,-5.0,3,2,0.667,1,mobile_app,0.1,6,1,1
53,23,60,70.0,10.0,-6.0,2,1,0.5,1,mobile_app,0.65,4,0,1
32,3,120,157.0,37.0,-12.0,6,5,0.833,1,mobile_app,0.54,3,0,1
16,49,120,134.0,14.0,-2.0,5,3,0.6,1,mobile_app,0.85,4,0,0
100,53,60,53.0,-7.0,-3.0,5,4,0.8,1,mobile_app,0.1,0,0,0
12,27,90,70.0,-20.0,4.0,6,4,0.667,1,mobile_app,0.42,4,0,0
39,31,30,30.0,0.0,1.0,5,4,0.8,1,paper,0.0,1,0,0
81,45,60,63.0,3.0,5.0,5,4,0.8,1,mobile_app,1.17,1,0,0
16,42,30,30.0,0.0,9.0,3,2,0.667,1,mobile_app,0.79,4,0,1
79,8,90,99.0,9.0,7.0,2,1,0.5,1,paper,0.0,3,0,0
88,40,120,118.0,-2.0,2.0,5,4,0.8,1,mobile_app,0.39,1,0,0
80,55,60,58.0,-2.0,2.0,6,5,0.833,1,mobile_app,0.67,0,0,0
37,45,60,57.0,-3.0,2.0,5,4,0.8,1,paper,0.0,4,0,0
3,29,30,28.0,-2.0,0.0,5,4,0.8,1,paper,0.0,3,0,0
107,31,60,67.0,7.0,-0.0,5,4,0.8,1,mobile_app,1.2,1,0,0
40,16,30,25.0,-5.0,-10.0,3,2,0.667,1,mobile_app,0.03,1,0,1
97,39,60,58.0,-2.0,5.0,2,1,0.5,1,mobile_app,1.14,5,1,1
24,15,120,127.0,7.0,-0.0,5,4,0.8,1,mobile_app,0.56,6,1,0
20,21,30,28.0,-2.0,12.0,6,4,0.667,0,mobile_app,0.53,6,1,1
94,16,120,133.0,13.0,9.0,2,1,0.5,1,mobile_app,0.63,5,1,0
113,20,30,20.0,-10.0,-5.0,2,1,0.5,1,paper,0.0,1,0,1
104,22,60,49.0,-11.0,10.0,5,4,0.8,1,mobile_app,1.2,5,1,0
91,5,60,64.0,4.0,-29.0,4,3,0.75,1,mobile_app,0.57,2,0,0
30,43,120,122.0,2.0,9.0,6,5,0.833,1,mobile_app,1.08,0,0,0
110,27,60,52.0,-8.0,-10.0,4,3,0.75,1,mobile_app,0.69,1,0,0
81,57,60,65.0,5.0,1.0,4,3,0.75,1,mobile_app,0.45,3,0,0
21,11,90,113.0,23.0,4.0,2,1,0.5,1,mobile_app,0.91,1,0,0
16,40,90,86.0,-4.0,6.0,6,5,0.833,1,mobile_app,0.46,1,0,0
105,11,90,108.0,18.0,-3.0,3,2,0.667,1,mobile_app,2.09,5,1,1
34,33,30,11.0,-19.0,-14.0,4,3,0.75,1,paper,0.0,0,0,0
92,29,60,69.0,9.0,-2.0,5,3,0.6,1,paper,0.0,6,1,1
17,27,90,82.0,-8.0,-2.0,6,5,0.833,1,mobile_app,0.34,2,0,0
34,39,90,96.0,6.0,-11.0,5,4,0.8,1,mobile_app,0.34,2,0,0
35,49,90,86.0,-4.0,0.0,5,3,0.6,1,mobile_app,0.0,2,0,1
34,19,60,59.0,-1.0,-10.0,2,1,0.5,1,mobile_app,0.36,4,0,1
81,51,60,57.0,-3.0,2.0,2,1,0.5,1,mobile_app,0.08,6,1,0
110,11,120,117.0,-3.0,-3.0,6,4,0.667,1,mobile_app,0.04,1,0,0
110,18,90,110.0,20.0,18.0,6,5,0.833,1,paper,0.0,6,1,0
89,19,30,29.0,-1.0,-2.0,5,3,0.6,1,paper,0.0,6,1,1
25,57,120,128.0,8.0,1.0,6,5,0.833,1,mobile_app,0.83,6,1,0
116,7,60,55.0,-5.0,-2.0,3,2,0.667,1,mobile_app,0.69,4,0,0
66,24,60,74.0,14.0,-13.0,3,2,0.667,1,mobile_app,0.13,0,0,0
66,26,60,45.0,-15.0,-2.0,2,1,0.5,1,mobile_app,0.86,2,0,1
85,48,90,89.0,-1.0,3.0,5,3,0.6,1,paper,0.0,3,0,0
93,29,60,55.0,-5.0,4.0,5,4,0.8,1,mobile_app,0.62,5,1,0
115,58,60,66.0,6.0,-1.0,3,2,0.667,1,paper,0.0,0,0,0
70,44,90,91.0,1.0,-7.0,6,5,0.833,1,mobile_app,0.2,4,0,0
74,42,60,47.0,-13.0,3.0,2,1,0.5,1,mobile_app,1.1,4,0,0
90,45,120,113.0,-7.0,2.0,5,4,0.8,1,mobile_app,0.39,0,0,0
31,10,60,47.0,-13.0,9.0,3,2,0.667,1,mobile_app,0.14,3,0,0
37,27,60,68.0,8.0,-2.0,5,4,0.8,1,mobile_app,1.0,2,0,0
76,35,90,96.0,6.0,-10.0,4,3,0.75,1,paper,0.0,3,0,0
8,13,90,86.0,-4.0,5.0,3,2,0.667,1,mobile_app,0.55,5,1,1
39,8,60,53.0,-7.0,-0.0,2,1,0.5,1,mobile_app,0.21,0,0,1
87,9,90,99.0,9.0,15.0,5,4,0.8,1,mobile_app,0.43,5,1,0
118,47,120,114.0,-6.0,0.0,2,1,0.5,1,paper,0.0,0,0,1
63,39,90,93.0,3.0,-0.0,4,2,0.5,1,paper,0.0,4,0,1
48,17,90,94.0,4.0,4.0,6,4,0.667,1,mobile_app,0.76,2,0,1
53,44,60,58.0,-2.0,-3.0,6,5,0.833,1,paper,0.0,3,0,0
83,42,60,62.0,2.0,-3.0,4,3,0.75,1,paper,0.0,1,0,0
66,49,60,60.0,0.0,-0.0,5,4,0.8,1,paper,0.0,6,1,0
3,54,30,32.0,2.0,-3.0,6,5,0.833,1,mobile_app,0.19,1,0,0
65,53,90,85.0,-5.0,-1.0,5,4,0.8,1,paper,0.0,2,0,0
49,11,60,67.0,7.0,20.0,3,2,0.667,1,paper,0.0,5,1,1
85,46,60,65.0,5.0,5.0,6,5,0.833,1,mobile_app,0.58,2,0,0
106,24,60,63.0,3.0,2.0,2,1,0.5,1,mobile_app,0.17,0,0,0
116,24,60,66.0,6.0,12.0,4,2,0.5,1,mobile_app,0.06,1,0,0
74,39,60,59.0,-1.0,-5.0,5,3,0.6,1,mobile_app,0.55,1,0,1
44,36,90,96.0,6.0,15.0,4,2,0.5,1,paper,0.0,0,0,1
54,25,60,61.0,1.0,-4.0,3,2,0.667,1,paper,0.0,6,1,0
22,59,60,56.0,-4.0,6.0,4,4,1.0,1,paper,0.0,5,1,0
113,11,60,70.0,10.0,20.0,4,2,0.5,0,mobile_app,0.02,6,1,1
102,6,90,68.0,-22.0,-19.0,5,4,0.8,1,paper,0.0,3,0,0
103,2,30,34.0,4.0,17.0,6,5,0.833,0,paper,0.0,2,0,1
40,49,60,58.0,-2.0,-1.0,5,5,1.0,1,mobile_app,0.3,5,1,0
39,24,60,56.0,-4.0,-5.0,3,2,0.667,1,mobile_app,0.07,5,1,0
103,26,60,62.0,2.0,4.0,2,1,0.5,0,paper,0.0,5,1,1
66,39,120,115.0,-5.0,-6.0,4,3,0.75,1,mobile_app,0.05,1,0,0
85,26,90,95.0,5.0,4.0,6,5,0.833,1,mobile_app,0.32,5,1,0
59,34,120,120.0,0.0,-6.0,5,4,0.8,1,paper,0.0,4,0,0
54,4,120,112.0,-8.0,2.0,3,2,0.667,1,mobile_app,0.09,4,0,0
76,10,60,77.0,17.0,14.0,2,1,0.5,1,mobile_app,0.8,6,1,0
98,55,60,61.0,1.0,1.0,3,2,0.667,1,paper,0.0,1,0,1
41,27,60,66.0,6.0,-3.0,5,4,0.8,1,mobile_app,0.17,3,0,0
98,10,60,78.0,18.0,6.0,5,4,0.8,1,mobile_app,0.11,2,0,0
30,22,60,74.0,14.0,-12.0,4,2,0.5,1,mobile_app,0.89,1,0,1
49,20,60,66.0,6.0,-7.0,3,2,0.667,1,mobile_app,0.34,3,0,1
110,17,60,57.0,-3.0,-4.0,2,1,0.5,1,mobile_app,0.56,4,0,1
115,18,60,45.0,-15.0,7.0,6,5,0.833,1,mobile_app,0.82,1,0,0
111,44,90,91.0,1.0,2.0,4,2,0.5,1,mobile_app,0.15,5,1,1
38,7,90,104.0,14.0,6.0,5,3,0.6,1,paper,0.0,2,0,1
102,19,120,124.0,4.0,-0.0,4,3,0.75,1,mobile_app,0.04,6,1,0
113,28,60,30.0,-30.0,-6.0,4,3,0.75,1,mobile_app,0.38,5,1,0
118,32,60,67.0,7.0,10.0,5,3,0.6,1,mobile_app,0.27,2,0,1
3,52,120,124.0,4.0,-2.0,3,2,0.667,1,mobile_app,0.3,5,1,1
90,55,90,89.0,-1.0,1.0,6,5,0.833,1,mobile_app,0.16,1,0,0
120,18,60,71.0,11.0,-1.0,4,3,0.75,0,mobile_app,0.3,4,0,1
92,32,60,65.0,5.0,4.0,5,4,0.8,1,paper,0.0,4,0,0
28,2,30,20.0,-10.0,-7.0,6,5,0.833,0,paper,0.0,1,0,1
92,37,120,129.0,9.0,6.0,3,2,0.667,1,mobile_app,0.21,1,0,1
13,10,90,74.0,-16.0,14.0,3,2,0.667,1,paper,0.0,0,0,1
58,5,60,59.0,-1.0,11.0,6,5,0.833,1,mobile_app,0.19,1,0,1
76,40,60,59.0,-1.0,1.0,5,4,0.8,1,mobile_app,0.55,4,0,0
55,11,60,50.0,-10.0,-4.0,5,4,0.8,1,paper,0.0,1,0,0
84,29,60,63.0,3.0,20.0,6,5,0.833,1,mobile_app,0.55,6,1,0
29,6,90,107.0,17.0,-11.0,2,1,0.5,0,mobile_app,1.67,2,0,1
73,44,60,67.0,7.0,4.0,6,5,0.833,1,mobile_app,0.45,2,0,0
78,46,30,34.0,4.0,1.0,2,1,0.5,1,paper,0.0,3,0,1
77,34,60,47.0,-13.0,-0.0,2,1,0.5,1,mobile_app,0.66,4,0,1
35,50,120,114.0,-6.0,1.0,3,3,1.0,1,mobile_app,0.69,5,1,0
37,26,60,62.0,2.0,-4.0,2,1,0.5,1,mobile_app,0.25,4,0,1
31,12,60,60.0,0.0,4.0,2,1,0.5,1,mobile_app,0.21,0,0,0
56,9,90,84.0,-6.0,3.0,2,1,0.5,1,mobile_app,0.37,6,1,1
71,13,90,112.0,22.0,26.0,4,3,0.75,1,paper,0.0,2,0,0
44,12,90,91.0,1.0,11.0,3,2,0.667,0,mobile_app,0.27,6,1,1
50,20,120,126.0,6.0,4.0,3,2,0.667,1,mobile_app,0.51,4,0,1
35,13,30,42.0,12.0,6.0,2,1,0.5,1,mobile_app,0.3,0,0,1
27,35,120,120.0,0.0,11.0,6,5,0.833,1,mobile_app,0.26,3,0,0
79,9,120,153.0,33.0,-10.0,3,2,0.667,1,mobile_app,0.54,5,1,1
98,37,60,53.0,-7.0,-1.0,4,3,0.75,1,mobile_app,0.08,5,1,0
35,20,90,84.0,-6.0,-17.0,2,1,0.5,1,mobile_app,0.79,5,1,1
104,41,60,54.0,-6.0,3.0,3,2,0.667,1,paper,0.0,6,1,1
69,31,60,73.0,13.0,6.0,3,2,0.667,1,mobile_app,0.51,3,0,0
21,54,60,63.0,3.0,-3.0,6,5,0.833,1,mobile_app,1.04,1,0,0
44,26,30,25.0,-5.0,11.0,2,1,0.5,1,paper,0.0,0,0,1
1,18,120,111.0,-9.0,-6.0,4,3,0.75,1,mobile_app,0.17,6,1,0
5,35,60,70.0,10.0,-2.0,4,3,0.75,1,paper,0.0,4,0,0
41,39,60,62.0,2.0,1.0,2,1,0.5,1,mobile_app,0.36,6,1,0
55,26,60,73.0,13.0,12.0,3,2,0.667,1,mobile_app,0.07,5,1,0
96,34,60,60.0,0.0,-5.0,2,1,0.5,1,paper,0.0,2,0,1
17,28,60,65.0,5.0,2.0,2,1,0.5,1,mobile_app,0.35,1,0,1
101,19,60,63.0,3.0,7.0,5,3,0.6,1,paper,0.0,5,1,1
29,19,90,83.0,-7.0,5.0,4,2,0.5,1,mobile_app,0.24,5,1,1
17,54,120,119.0,-1.0,2.0,4,3,0.75,1,mobile_app,0.13,3,0,0
84,40,60,52.0,-8.0,4.0,3,2,0.667,1,mobile_app,0.27,1,0,1
93,6,120,127.0,7.0,-6.0,5,3,0.6,1,mobile_app,0.09,5,1,1
73,57,90,93.0,3.0,5.0,6,5,0.833,1,paper,0.0,5,1,1
14,43,90,96.0,6.0,-1.0,6,5,0.833,1,mobile_app,1.24,5,1,1
14,3,60,69.0,9.0,-3.0,2,1,0.5,0,mobile_app,0.17,3,0,1
47,43,30,29.0,-1.0,7.0,5,4,0.8,1,mobile_app,0.15,6,1,0
55,35,120,131.0,11.0,-4.0,3,1,0.333,1,mobile_app,0.08,6,1,0
120,55,60,63.0,3.0,1.0,6,4,0.667,1,mobile_app,0.65,1,0,1
35,29,60,72.0,12.0,-5.0,4,3,0.75,1,mobile_app,0.27,2,0,0
24,31,90,102.0,12.0,17.0,5,3,0.6,1,mobile_app,0.3,5,1,1
114,19,60,59.0,-1.0,20.0,4,3,0.75,1,mobile_app,0.14,1,0,0
19,19,90,94.0,4.0,-1.0,5,4,0.8,1,paper,0.0,0,0,0
4,37,60,65.0,5.0,3.0,6,5,0.833,1,mobile_app,0.08,3,0,0
51,49,120,115.0,-5.0,0.0,2,1,0.5,1,mobile_app,0.19,6,1,0
49,53,60,56.0,-4.0,-1.0,6,5,0.833,1,mobile_app,0.07,6,1,0
75,46,30,23.0,-7.0,1.0,4,3,0.75,1,mobile_app,0.59,1,0,0
106,36,90,89.0,-1.0,-0.0,2,1,0.5,1,mobile_app,0.96,1,0,1
112,30,60,57.0,-3.0,-11.0,4,3,0.75,1,mobile_app,0.46,2,0,0
35,21,120,105.0,-15.0,2.0,2,1,0.5,1,mobile_app,0.29,6,1,1
118,46,90,91.0,1.0,-0.0,4,4,1.0,1,mobile_app,0.51,5,1,0
76,19,60,59.0,-1.0,3.0,4,3,0.75,1,mobile_app,0.24,6,1,0
9,16,60,73.0,13.0,-1.0,3,2,0.667,1,paper,0.0,3,0,0
113,52,120,128.0,8.0,-1.0,4,3,0.75,1,paper,0.0,0,0,1
17,35,90,93.0,3.0,5.0,5,4,0.8,1,mobile_app,0.32,4,0,0
71,21,120,113.0,-7.0,5.0,6,5,0.833,0,mobile_app,0.17,6,1,1
95,52,30,33.0,3.0,5.0,3,2,0.667,1,mobile_app,0.55,2,0,0
30,57,120,120.0,0.0,1.0,2,1,0.5,1,mobile_app,0.07,1,0,1
33,19,60,57.0,-3.0,-2.0,4,2,0.5,1,mobile_app,0.31,3,0,1
58,31,90,83.0,-7.0,4.0,6,4,0.667,1,paper,0.0,1,0,1
107,29,60,56.0,-4.0,-14.0,3,2,0.667,1,mobile_app,0.08,5,1,0
27,42,30,29.0,-1.0,11.0,2,2,1.0,1,mobile_app,0.61,2,0,0
80,57,120,123.0,3.0,1.0,6,6,1.0,1,mobile_app,1.35,6,1,0
55,33,120,124.0,4.0,14.0,4,3,0.75,1,mobile_app,0.12,4,0,0
14,48,60,69.0,9.0,-3.0,3,3,1.0,1,mobile_app,0.82,3,0,0
86,36,120,125.0,5.0,-7.0,3,2,0.667,1,mobile_app,0.65,3,0,1
100,53,60,62.0,2.0,1.0,5,3,0.6,1,mobile_app,0.21,5,1,1
70,24,60,57.0,-3.0,3.0,2,1,0.5,1,mobile_app,1.17,1,0,0
22,23,30,20.0,-10.0,3.0,5,3,0.6,1,paper,0.0,3,0,1
19,25,60,55.0,-5.0,1.0,3,2,0.667,1,paper,0.0,6,1,1
51,59,30,27.0,-3.0,-2.0,3,2,0.667,1,mobile_app,0.51,6,1,1
61,37,60,42.0,-18.0,-9.0,3,2,0.667,1,mobile_app,0.55,0,0,1
67,10,30,17.0,-13.0,3.0,6,5,0.833,1,mobile_app,0.4,5,1,0
30,3,90,112.0,22.0,-15.0,4,3,0.75,1,mobile_app,0.12,5,1,0
61,31,90,93.0,3.0,-9.0,6,5,0.833,1,mobile_app,0.66,3,0,0
36,48,90,88.0,-2.0,-2.0,6,4,0.667,1,mobile_app,0.45,1,0,1
83,29,60,63.0,3.0,3.0,5,4,0.8,1,paper,0.0,3,0,0
96,34,90,75.0,-15.0,13.0,4,3,0.75,1,mobile_app,0.13,6,1,0
79,48,60,61.0,1.0,4.0,6,6,1.0,1,mobile_app,0.25,1,0,0
1,31,90,100.0,10.0,10.0,4,3,0.75,1,paper,0.0,2,0,0
120,54,60,60.0,0.0,2.0,4,3,0.75,1,mobile_app,0.17,6,1,0
3,38,60,48.0,-12.0,2.0,3,2,0.667,1,mobile_app,0.39,4,0,0
120,44,30,28.0,-2.0,12.0,6,5,0.833,1,paper,0.0,1,0,0
4,47,90,96.0,6.0,-6.0,3,2,0.667,1,mobile_app,0.29,4,0,1
62,37,120,122.0,2.0,-2.0,6,3,0.5,1,mobile_app,0.02,1,0,0
13,3,90,70.0,-20.0,-4.0,3,2,0.667,1,mobile_app,0.22,5,1,1
12,26,120,142.0,22.0,7.0,5,3,0.6,1,mobile_app,0.81,3,0,0
83,9,120,104.0,-16.0,-10.0,3,2,0.667,1,paper,0.0,6,1,1
88,31,60,58.0,-2.0,5.0,6,5,0.833,1,mobile_app,0.16,5,1,0
15,9,90,77.0,-13.0,6.0,6,5,0.833,1,mobile_app,0.25,0,0,0
118,31,60,52.0,-8.0,6.0,5,3,0.6,1,paper,0.0,4,0,0
39,21,60,55.0,-5.0,7.0,6,5,0.833,1,mobile_app,0.22,4,0,0
39,2,60,69.0,9.0,18.0,4,3,0.75,1,paper,0.0,1,0,0
36,8,120,137.0,17.0,-1.0,6,4,0.667,1,mobile_app,0.27,3,0,0
56,30,90,87.0,-3.0,4.0,4,3,0.75,1,mobile_app,0.69,1,0,0
22,5,60,46.0,-14.0,-8.0,2,1,0.5,1,paper,0.0,5,1,1
51,51,60,62.0,2.0,-3.0,4,3,0.75,1,mobile_app,0.28,1,0,0
26,45,60,63.0,3.0,8.0,2,1,0.5,1,mobile_app,0.38,2,0,1
7,42,90,91.0,1.0,-4.0,5,4,0.8,1,mobile_app,0.33,4,0,0
45,11,120,123.0,3.0,7.0,2,1,0.5,1,mobile_app,0.43,0,0,0
81,47,60,59.0,-1.0,2.0,3,2,0.667,1,mobile_app,0.25,6,1,0
92,38,60,61.0,1.0,7.0,6,5,0.833,1,mobile_app,0.26,0,0,0
43,24,60,58.0,-2.0,-13.0,5,4,0.8,1,mobile_app,0.73,6,1,0
39,1,60,75.0,15.0,11.0,3,2,0.667,0,mobile_app,0.28,4,0,1
95,32,60,78.0,18.0,-0.0,4,3,0.75,1,mobile_app,0.49,3,0,0
82,47,30,31.0,1.0,-2.0,4,4,1.0,1,mobile_app,0.0,3,0,0
100,2,60,60.0,0.0,-3.0,3,2,0.667,1,mobile_app,0.26,2,0,0
109,4,60,63.0,3.0,12.0,5,4,0.8,1,mobile_app,0.19,5,1,0
99,23,120,114.0,-6.0,6.0,2,1,0.5,1,mobile_app,0.32,2,0,0
113,31,60,66.0,6.0,-1.0,4,3,0.75,1,paper,0.0,3,0,0
50,28,60,64.0,4.0,-8.0,3,2,0.667,1,paper,0.0,5,1,1
48,26,90,86.0,-4.0,-8.0,5,3,0.6,1,paper,0.0,4,0,1
39,16,120,130.0,10.0,7.0,5,3,0.6,1,paper,0.0,4,0,1
29,4,60,60.0,0.0,-14.0,6,5,0.833,1,mobile_app,0.02,3,0,0
90,2,30,16.0,-14.0,-1.0,3,2,0.667,1,mobile_app,0.42,0,0,1
86,6,90,95.0,5.0,29.0,3,2,0.667,0,paper,0.0,0,0,1
97,41,60,61.0,1.0,2.0,2,1,0.5,1,paper,0.0,0,0,1
21,47,90,95.0,5.0,3.0,6,5,0.833,1,mobile_app,0.12,1,0,0
59,26,60,68.0,8.0,-8.0,3,2,0.667,1,mobile_app,0.28,3,0,1
27,5,30,29.0,-1.0,-14.0,5,4,0.8,1,mobile_app,0.32,1,0,0
108,25,60,56.0,-4.0,6.0,3,2,0.667,1,mobile_app,0.53,3,0,1
33,59,90,90.0,0.0,-1.0,3,2,0.667,1,paper,0.0,6,1,1
18,15,60,64.0,4.0,11.0,3,2,0.667,1,mobile_app,0.66,6,1,1
69,29,60,64.0,4.0,1.0,5,4,0.8,1,mobile_app,0.66,4,0,0
106,32,60,62.0,2.0,24.0,3,2,0.667,1,mobile_app,0.29,0,0,1
110,20,90,89.0,-1.0,-4.0,3,2,0.667,1,mobile_app,0.3,5,1,1
12,26,30,39.0,9.0,3.0,5,4,0.8,1,mobile_app,0.01,5,1,0
40,28,90,84.0,-6.0,-6.0,4,3,0.75,1,mobile_app,0.77,5,1,0
19,28,90,112.0,22.0,8.0,5,4,0.8,1,mobile_app,0.11,6,1,0
37,43,60,64.0,4.0,3.0,2,1,0.5,1,paper,0.0,0,0,1
65,35,120,112.0,-8.0,-5.0,6,4,0.667,1,mobile_app,0.96,2,0,1
34,4,120,123.0,3.0,-2.0,3,2,0.667,1,mobile_app,0.55,4,0,0
9,1,60,71.0,11.0,17.0,2,1,0.5,1,mobile_app,0.19,1,0,1
62,25,30,27.0,-3.0,11.0,2,1,0.5,1,mobile_app,0.82,2,0,0
7,54,60,55.0,-5.0,-4.0,3,2,0.667,1,mobile_app,0.4,1,0,0
28,3,60,46.0,-14.0,-4.0,4,3,0.75,1,mobile_app,0.46,1,0,0
1,5,60,67.0,7.0,21.0,2,1,0.5,1,mobile_app,0.49,4,0,1
11,41,120,109.0,-11.0,-0.0,5,3,0.6,1,paper,0.0,4,0,1
53,27,120,107.0,-13.0,2.0,5,4,0.8,1,mobile_app,0.89,0,0,0
103,14,60,66.0,6.0,11.0,5,3,0.6,1,mobile_app,0.68,4,0,1
93,13,60,57.0,-3.0,-12.0,2,1,0.5,1,mobile_app,0.43,6,1,1
12,40,30,26.0,-4.0,-4.0,2,1,0.5,1,mobile_app,0.86,0,0,0
5,31,60,56.0,-4.0,-2.0,3,2,0.667,1,paper,0.0,5,1,1
41,38,30,20.0,-10.0,7.0,4,3,0.75,1,mobile_app,0.81,4,0,0
79,17,120,125.0,5.0,10.0,4,2,0.5,1,mobile_app,0.03,5,1,1
90,32,120,114.0,-6.0,5.0,3,2,0.667,1,paper,0.0,6,1,1
99,51,60,58.0,-2.0,-0.0,3,2,0.667,1,mobile_app,0.42,5,1,0
42,19,90,94.0,4.0,11.0,4,3,0.75,1,mobile_app,0.34,2,0,0
21,24,60,58.0,-2.0,-0.0,4,3,0.75,1,mobile_app,0.17,0,0,0
4,10,90,81.0,-9.0,7.0,4,3,0.75,1,mobile_app,0.23,6,1,0
18,38,60,46.0,-14.0,6.0,5,3,0.6,1,paper,0.0,5,1,1
8,2,60,65.0,5.0,21.0,5,3,0.6,1,paper,0.0,3,0,1
104,15,90,91.0,1.0,0.0,6,5,0.833,1,paper,0.0,4,0,0
33,43,30,27.0,-3.0,-1.0,6,5,0.833,1,paper,0.0,3,0,0
99,2,60,45.0,-15.0,16.0,3,2,0.667,1,mobile_app,1.17,0,0,0
67,59,60,60.0,0.0,4.0,3,2,0.667,1,mobile_app,0.5,1,0,1
65,24,90,95.0,5.0,-4.0,3,2,0.667,1,mobile_app,0.39,1,0,0
55,24,90,91.0,1.0,-8.0,3,2,0.667,1,paper,0.0,4,0,0
99,32,30,43.0,13.0,9.0,4,3,0.75,1,mobile_app,0.73,2,0,0
6,38,60,65.0,5.0,-9.0,5,4,0.8,1,mobile_app,0.56,2,0,0
12,28,90,89.0,-1.0,-12.0,2,1,0.5,1,mobile_app,0.05,3,0,0
51,53,60,63.0,3.0,-1.0,6,4,0.667,1,mobile_app,0.69,6,1,1
48,57,60,60.0,0.0,0.0,2,1,0.5,1,paper,0.0,1,0,0
66,12,90,91.0,1.0,-11.0,4,3,0.75,1,paper,0.0,0,0,0
89,42,60,68.0,8.0,1.0,4,2,0.5,1,mobile_app,0.55,3,0,0
71,18,90,80.0,-10.0,2.0,3,2,0.667,1,mobile_app,0.27,5,1,0
31,59,60,60.0,0.0,-1.0,3,2,0.667,1,paper,0.0,6,1,1
40,15,90,104.0,14.0,19.0,4,3,0.75,1,mobile_app,0.22,2,0,0
91,18,30,33.0,3.0,4.0,2,1,0.5,1,mobile_app,0.14,2,0,1
25,43,30,28.0,-2.0,5.0,5,4,0.8,1,paper,0.0,5,1,0
61,47,30,21.0,-9.0,-6.0,5,3,0.6,1,mobile_app,0.14,1,0,0
65,8,120,91.0,-29.0,-16.0,5,4,0.8,1,mobile_app,0.51,2,0,0
91,33,120,136.0,16.0,3.0,6,5,0.833,1,mobile_app,0.2,3,0,0
86,21,90,93.0,3.0,16.0,6,4,0.667,1,mobile_app,1.01,2,0,0
56,37,60,56.0,-4.0,-6.0,2,1,0.5,1,mobile_app,0.73,3,0,0
38,33,60,63.0,3.0,1.0,6,4,0.667,1,mobile_app,0.48,6,1,1
45,59,90,87.0,-3.0,-4.0,4,3,0.75,1,mobile_app,0.46,6,1,0
50,56,90,89.0,-1.0,-2.0,2,1,0.5,1,mobile_app,1.33,2,0,1
27,39,30,24.0,-6.0,1.0,6,5,0.833,1,paper,0.0,3,0,0
76,41,120,111.0,-9.0,-3.0,6,5,0.833,1,mobile_app,1.02,6,1,0
26,54,60,52.0,-8.0,-4.0,3,2,0.667,1,mobile_app,0.56,1,0,0
78,11,60,41.0,-19.0,-14.0,6,4,0.667,1,mobile_app,0.41,3,0,1
91,43,120,126.0,6.0,-9.0,5,4,0.8,1,mobile_app,0.39,1,0,0
116,46,60,55.0,-5.0,2.0,4,3,0.75,1,mobile_app,0.35,4,0,0
15,8,60,67.0,7.0,6.0,2,1,0.5,1,paper,0.0,0,0,1
92,52,60,64.0,4.0,2.0,5,4,0.8,1,mobile_app,0.19,1,0,0
11,42,120,120.0,0.0,-5.0,6,5,0.833,1,mobile_app,0.65,5,1,0
41,21,30,27.0,-3.0,9.0,2,1,0.5,0,paper,0.0,4,0,1
22,29,90,91.0,1.0,5.0,2,1,0.5,1,mobile_app,0.03,1,0,1
20,29,60,56.0,-4.0,0.0,3,2,0.667,1,paper,0.0,1,0,1
22,55,30,34.0,4.0,-0.0,3,2,0.667,1,paper,0.0,5,1,1
6,58,60,67.0,7.0,-2.0,3,1,0.333,1,mobile_app,0.28,6,1,1
99,48,60,67.0,7.0,1.0,6,6,1.0,1,mobile_app,0.44,3,0,0
8,39,60,46.0,-14.0,9.0,6,5,0.833,1,mobile_app,0.33,5,1,0
48,7,60,54.0,-6.0,12.0,5,3,0.6,1,mobile_app,0.89,4,0,0
84,54,90,90.0,0.0,-1.0,3,2,0.667,1,mobile_app,0.26,6,1,1
119,8,60,66.0,6.0,6.0,3,2,0.667,1,mobile_app,0.38,1,0,1
103,10,90,69.0,-21.0,-11.0,2,1,0.5,1,paper,0.0,3,0,1
17,5,90,67.0,-23.0,8.0,5,3,0.6,0,mobile_app,0.1,1,0,1
119,56,60,65.0,5.0,-2.0,3,3,1.0,1,mobile_app,0.3,2,0,0
79,30,60,55.0,-5.0,5.0,6,5,0.833,1,paper,0.0,2,0,1
22,14,60,43.0,-17.0,29.0,5,4,0.8,0,mobile_app,0.22,6,1,1
54,5,60,45.0,-15.0,-6.0,4,3,0.75,1,mobile_app,0.42,2,0,0
111,25,30,34.0,4.0,23.0,6,5,0.833,1,mobile_app,0.43,0,0,0
48,43,60,55.0,-5.0,2.0,2,1,0.5,1,paper,0.0,3,0,1
23,59,60,61.0,1.0,-2.0,4,3,0.75,1,mobile_app,0.75,2,0,0
106,33,60,52.0,-8.0,-5.0,3,2,0.667,1,mobile_app,0.53,5,1,0
115,36,120,107.0,-13.0,14.0,2,1,0.5,1,mobile_app,0.77,0,0,0
118,50,60,66.0,6.0,2.0,6,5,0.833,1,mobile_app,0.3,6,1,0
115,54,60,61.0,1.0,-2.0,5,4,0.8,1,mobile_app,0.08,5,1,0
105,17,60,56.0,-4.0,-2.0,2,1,0.5,1,mobile_app,0.34,4,0,0
55,59,90,88.0,-2.0,1.0,2,1,0.5,1,mobile_app,1.04,6,1,1
24,31,60,72.0,12.0,-0.0,3,2,0.667,1,mobile_app,0.52,1,0,0
75,55,60,62.0,2.0,1.0,6,4,0.667,1,mobile_app,0.08,2,0,0
27,7,90,105.0,15.0,19.0,2,1,0.5,1,mobile_app,0.3,2,0,0
57,6,30,22.0,-8.0,-12.0,5,4,0.8,1,paper,0.0,1,0,0
79,53,60,60.0,0.0,2.0,2,1,0.5,1,mobile_app,0.46,6,1,1
114,40,60,63.0,3.0,-0.0,3,2,0.667,1,mobile_app,0.27,6,1,1
35,11,90,83.0,-7.0,-5.0,4,3,0.75,1,mobile_app,0.52,1,0,0
31,53,120,120.0,0.0,3.0,2,1,0.5,1,mobile_app,0.26,1,0,1
89,7,90,82.0,-8.0,-16.0,3,2,0.667,1,mobile_app,0.86,0,0,0
1,41,60,62.0,2.0,-12.0,3,2,0.667,1,paper,0.0,1,0,1
68,13,60,44.0,-16.0,2.0,2,1,0.5,1,mobile_app,0.46,6,1,0
90,5,60,68.0,8.0,-2.0,2,1,0.5,1,mobile_app,0.89,1,0,0
67,48,90,91.0,1.0,-5.0,2,1,0.5,1,mobile_app,0.46,0,0,0
47,50,120,119.0,-1.0,-6.0,5,4,0.8,1,paper,0.0,6,1,0
100,7,90,96.0,6.0,21.0,2,1,0.5,1,mobile_app,0.0,5,1,1
45,6,60,55.0,-5.0,5.0,4,3,0.75,1,mobile_app,0.16,4,0,0
86,37,90,85.0,-5.0,0.0,2,1,0.5,1,mobile_app,0.44,1,0,0
56,2,120,128.0,8.0,26.0,3,2,0.667,1,mobile_app,0.42,0,0,1
4,45,90,93.0,3.0,5.0,2,2,1.0,1,mobile_app,0.59,4,0,0
64,55,90,88.0,-2.0,5.0,3,2,0.667,0,mobile_app,0.51,3,0,1
6,45,60,57.0,-3.0,-5.0,5,5,1.0,1,paper,0.0,1,0,0
112,14,90,88.0,-2.0,-12.0,4,3,0.75,1,paper,0.0,3,0,0
73,12,60,53.0,-7.0,6.0,2,1,0.5,1,mobile_app,0.36,6,1,1
45,41,30,39.0,9.0,2.0,2,1,0.5,1,mobile_app,0.54,6,1,0
59,4,90,94.0,4.0,14.0,3,2,0.667,1,mobile_app,0.45,0,0,1
75,32,120,120.0,0.0,-11.0,3,2,0.667,1,paper,0.0,0,0,1
32,27,120,112.0,-8.0,5.0,4,3,0.75,1,mobile_app,0.41,2,0,0
35,44,60,64.0,4.0,5.0,3,2,0.667,1,mobile_app,0.91,5,1,0
51,12,30,23.0,-7.0,9.0,5,4,0.8,0,mobile_app,0.4,5,1,0
32,45,60,56.0,-4.0,-2.0,3,2,0.667,1,mobile_app,0.12,3,0,0
91,42,90,95.0,5.0,3.0,5,4,0.8,1,mobile_app,1.02,3,0,0
13,15,90,94.0,4.0,-7.0,2,1,0.5,1,paper,0.0,3,0,1
100,22,120,95.0,-25.0,-2.0,6,5,0.833,1,mobile_app,0.04,2,0,0
42,4,60,58.0,-2.0,-12.0,6,5,0.833,1,mobile_app,1.23,0,0,1
68,27,60,61.0,1.0,-6.0,3,2,0.667,1,mobile_app,0.66,3,0,1
19,16,90,86.0,-4.0,-2.0,3,2,0.667,1,mobile_app,0.4,6,1,1
47,7,60,62.0,2.0,-5.0,2,1,0.5,1,mobile_app,0.43,3,0,1
91,34,120,106.0,-14.0,-5.0,6,5,0.833,1,mobile_app,0.24,4,0,0
33,34,60,38.0,-22.0,-8.0,2,1,0.5,1,mobile_app,1.4,6,1,1
16,6,30,17.0,-13.0,22.0,2,1,0.5,1,paper,0.0,0,0,1
63,11,30,33.0,3.0,-5.0,2,1,0.5,0,mobile_app,0.09,4,0,1
20,5,120,77.0,-43.0,4.0,3,2,0.667,1,mobile_app,0.57,1,0,1
38,41,90,85.0,-5.0,-9.0,6,4,0.667,1,paper,0.0,3,0,0
55,20,90,70.0,-20.0,12.0,2,1,0.5,1,mobile_app,0.34,0,0,1
68,5,90,87.0,-3.0,2.0,4,3,0.75,1,mobile_app,0.87,2,0,0
77,12,60,83.0,23.0,-4.0,5,4,0.8,1,mobile_app,1.28,3,0,0
82,58,90,89.0,-1.0,-1.0,5,4,0.8,1,mobile_app,0.5,3,0,0
102,16,120,119.0,-1.0,8.0,5,4,0.8,1,paper,0.0,2,0,0
8,41,60,65.0,5.0,-15.0,6,5,0.833,1,mobile_app,0.67,6,1,0
44,28,90,90.0,0.0,-6.0,5,4,0.8,1,paper,0.0,1,0,0
1,11,60,57.0,-3.0,-1.0,6,5,0.833,1,mobile_app,0.11,1,0,0
2,19,60,70.0,10.0,-1.0,3,2,0.667,1,paper,0.0,4,0,1
26,1,60,67.0,7.0,30.0,4,3,0.75,1,mobile_app,0.48,2,0,0
72,45,120,122.0,2.0,-2.0,5,5,1.0,1,mobile_app,1.47,1,0,0
108,20,30,29.0,-1.0,9.0,6,5,0.833,1,mobile_app,1.34,0,0,1
93,30,60,57.0,-3.0,13.0,2,1,0.5,1,paper,0.0,3,0,1
78,10,90,101.0,11.0,7.0,4,3,0.75,1,mobile_app,0.1,4,0,0
94,49,30,28.0,-2.0,-3.0,6,6,1.0,1,mobile_app,0.32,3,0,0
21,13,90,105.0,15.0,-13.0,2,1,0.5,1,mobile_app,1.52,5,1,0
101,34,120,112.0,-8.0,5.0,3,2,0.667,1,mobile_app,0.26,4,0,1
107,52,30,36.0,6.0,5.0,4,3,0.75,1,mobile_app,0.59,4,0,0
12,43,60,63.0,3.0,3.0,2,1,0.5,1,mobile_app,1.2,2,0,1
57,36,120,113.0,-7.0,7.0,6,5,0.833,1,mobile_app,0.74,5,1,0
100,53,60,62.0,2.0,8.0,3,2,0.667,1,mobile_app,0.78,6,1,0
58,11,30,22.0,-8.0,9.0,5,4,0.8,1,mobile_app,0.04,5,1,0
101,57,120,120.0,0.0,-3.0,4,3,0.75,1,mobile_app,0.26,0,0,0
113,33,120,116.0,-4.0,0.0,4,3,0.75,1,mobile_app,0.86,6,1,0
57,25,90,89.0,-1.0,11.0,6,4,0.667,1,mobile_app,1.56,3,0,1
8,16,60,71.0,11.0,-2.0,6,5,0.833,1,paper,0.0,3,0,0
41,44,120,123.0,3.0,7.0,4,3,0.75,0,mobile_app,0.42,1,0,1
26,58,90,86.0,-4.0,-0.0,4,4,1.0,1,mobile_app,0.33,0,0,0
57,41,90,83.0,-7.0,2.0,5,4,0.8,1,mobile_app,0.39,5,1,0
71,2,90,94.0,4.0,-4.0,5,4,0.8,0,mobile_app,0.25,3,0,1
56,28,90,93.0,3.0,1.0,6,5,0.833,1,paper,0.0,6,1,0
24,44,60,56.0,-4.0,1.0,3,2,0.667,1,paper,0.0,5,1,1
37,24,60,75.0,15.0,-13.0,2,1,0.5,1,mobile_app,0.36,5,1,1
82,46,60,64.0,4.0,-2.0,2,1,0.5,1,mobile_app,0.47,2,0,1
4,42,60,56.0,-4.0,-6.0,4,3,0.75,1,mobile_app,0.56,2,0,0
26,4,60,50.0,-10.0,-5.0,3,2,0.667,1,mobile_app,0.53,3,0,1
108,33,60,58.0,-2.0,-5.0,6,5,0.833,1,mobile_app,0.21,0,0,0
12,11,90,86.0,-4.0,10.0,6,4,0.667,0,mobile_app,0.11,5,1,1
50,29,60,71.0,11.0,7.0,2,1,0.5,1,paper,0.0,6,1,1
25,23,30,40.0,10.0,5.0,6,5,0.833,1,paper,0.0,0,0,0
13,48,60,60.0,0.0,-5.0,5,4,0.8,1,mobile_app,0.55,6,1,0
51,52,60,63.0,3.0,-0.0,3,2,0.667,1,mobile_app,0.13,4,0,0
63,28,90,97.0,7.0,-10.0,3,1,0.333,0,paper,0.0,3,0,1
22,32,60,60.0,0.0,-1.0,2,1,0.5,1,mobile_app,0.13,4,0,0
10,37,60,63.0,3.0,4.0,4,3,0.75,1,paper,0.0,0,0,0
17,39,90,94.0,4.0,5.0,2,1,0.5,1,mobile_app,1.41,6,1,1
79,38,30,33.0,3.0,3.0,2,1,0.5,1,mobile_app,0.55,6,1,0
104,47,60,56.0,-4.0,5.0,5,4,0.8,1,mobile_app,0.14,5,1,0
22,58,90,88.0,-2.0,1.0,4,4,1.0,1,mobile_app,0.23,2,0,0
39,49,60,59.0,-1.0,-1.0,4,3,0.75,1,mobile_app,0.73,0,0,0
42,8,90,81.0,-9.0,9.0,3,2,0.667,1,mobile_app,1.02,2,0,0
44,29,90,77.0,-13.0,6.0,4,3,0.75,1,mobile_app,0.85,3,0,0
30,28,120,126.0,6.0,-4.0,3,2,0.667,1,mobile_app,0.31,6,1,0
7,31,30,33.0,3.0,3.0,2,1,0.5,1,mobile_app,0.14,2,0,1
64,32,90,79.0,-11.0,-2.0,4,2,0.5,1,paper,0.0,5,1,0
43,43,90,89.0,-1.0,-10.0,2,1,0.5,1,mobile_app,0.34,2,0,0
42,25,60,58.0,-2.0,3.0,5,4,0.8,1,mobile_app,0.62,0,0,0
32,16,120,122.0,2.0,-12.0,6,5,0.833,1,mobile_app,0.02,5,1,0
112,27,60,50.0,-10.0,2.0,5,4,0.8,1,mobile_app,0.11,2,0,0
74,51,120,114.0,-6.0,-5.0,4,3,0.75,1,paper,0.0,4,0,0
51,19,90,96.0,6.0,-6.0,6,5,0.833,1,mobile_app,0.44,2,0,0
25,2,60,39.0,-21.0,-5.0,3,2,0.667,1,paper,0.0,5,1,1
97,58,60,59.0,-1.0,4.0,5,5,1.0,1,mobile_app,0.14,5,1,0
107,12,120,116.0,-4.0,-5.0,3,2,0.667,1,mobile_app,0.06,5,1,1
4,36,60,59.0,-1.0,-6.0,2,1,0.5,1,mobile_app,0.39,6,1,0
112,48,30,31.0,1.0,1.0,3,2,0.667,1,paper,0.0,4,0,0
84,17,30,48.0,18.0,-2.0,4,3,0.75,1,paper,0.0,3,0,0
12,21,90,74.0,-16.0,7.0,2,1,0.5,1,mobile_app,0.37,5,1,0
91,17,60,70.0,10.0,-9.0,3,2,0.667,1,mobile_app,1.08,4,0,1
13,9,60,28.0,-32.0,2.0,2,1,0.5,1,mobile_app,0.29,1,0,0
7,10,90,107.0,17.0,26.0,3,2,0.667,0,mobile_app,0.4,2,0,1
14,12,60,35.0,-25.0,-2.0,5,4,0.8,1,mobile_app,0.24,0,0,0
56,28,60,81.0,21.0,1.0,2,1,0.5,1,paper,0.0,5,1,1
75,32,60,57.0,-3.0,-11.0,3,2,0.667,1,paper,0.0,1,0,1
49,1,120,138.0,18.0,-10.0,2,1,0.5,1,mobile_app,0.71,0,0,1
15,50,120,125.0,5.0,2.0,3,2,0.667,1,mobile_app,0.13,5,1,1
24,40,60,57.0,-3.0,-2.0,5,4,0.8,1,mobile_app,1.13,0,0,0
103,5,60,55.0,-5.0,7.0,4,2,0.5,1,paper,0.0,6,1,1
116,50,60,56.0,-4.0,2.0,3,2,0.667,1,paper,0.0,1,0,1
91,2,120,131.0,11.0,-15.0,3,2,0.667,1,paper,0.0,6,1,0
13,34,60,57.0,-3.0,6.0,5,4,0.8,1,paper,0.0,4,0,0
99,28,60,53.0,-7.0,-9.0,4,3,0.75,1,mobile_app,0.12,0,0,0
84,30,120,125.0,5.0,-5.0,4,3,0.75,1,mobile_app,0.86,5,1,0
64,57,60,57.0,-3.0,1.0,6,5,0.833,1,paper,0.0,6,1,0
18,55,60,59.0,-1.0,5.0,6,5,0.833,1,mobile_app,0.1,6,1,0
120,17,30,31.0,1.0,-9.0,3,2,0.667,1,paper,0.0,6,1,1
54,35,90,85.0,-5.0,1.0,5,4,0.8,1,mobile_app,0.7,1,0,0
6,57,60,58.0,-2.0,0.0,5,4,0.8,1,mobile_app,0.38,1,0,0
26,44,120,129.0,9.0,3.0,6,4,0.667,1,mobile_app,0.19,2,0,1
49,53,60,59.0,-1.0,4.0,3,2,0.667,1,paper,0.0,3,0,0
8,26,30,27.0,-3.0,-3.0,5,4,0.8,1,mobile_app,0.37,5,1,0
39,17,90,88.0,-2.0,9.0,2,1,0.5,1,mobile_app,0.68,6,1,0
57,31,90,94.0,4.0,9.0,4,3,0.75,1,mobile_app,0.47,3,0,0
114,49,90,85.0,-5.0,7.0,2,1,0.5,1,mobile_app,0.35,3,0,1
11,55,90,92.0,2.0,2.0,5,5,1.0,1,mobile_app,0.97,5,1,0
70,41,60,62.0,2.0,1.0,5,4,0.8,1,mobile_app,0.86,6,1,0
110,42,90,79.0,-11.0,-2.0,4,2,0.5,1,mobile_app,0.32,3,0,0
97,31,30,45.0,15.0,-10.0,4,2,0.5,1,paper,0.0,3,0,0
111,19,60,75.0,15.0,-2.0,3,2,0.667,1,mobile_app,0.45,1,0,1
21,25,120,112.0,-8.0,1.0,5,4,0.8,1,paper,0.0,2,0,0
97,30,90,81.0,-9.0,-1.0,6,4,0.667,1,paper,0.0,5,1,0
118,49,60,61.0,1.0,2.0,2,1,0.5,1,paper,0.0,1,0,1
40,33,30,19.0,-11.0,-9.0,3,2,0.667,1,paper,0.0,2,0,1
60,47,120,127.0,7.0,-1.0,5,4,0.8,1,mobile_app,0.42,0,0,0
64,2,30,23.0,-7.0,23.0,3,2,0.667,1,mobile_app,0.76,1,0,1
60,45,60,69.0,9.0,4.0,2,1,0.5,1,mobile_app,0.07,4,0,1
35,30,60,53.0,-7.0,4.0,2,1,0.5,1,mobile_app,0.52,6,1,1
117,59,30,30.0,0.0,1.0,3,2,0.667,1,mobile_app,0.25,2,0,1
115,28,60,71.0,11.0,-3.0,6,5,0.833,1,mobile_app,1.32,6,1,0
46,29,120,117.0,-3.0,-13.0,5,4,0.8,1,paper,0.0,2,0,0
97,8,60,63.0,3.0,5.0,3,2,0.667,1,paper,0.0,1,0,1
48,48,60,65.0,5.0,-10.0,2,1,0.5,1,mobile_app,0.12,6,1,0
96,42,90,87.0,-3.0,-2.0,5,4,0.8,1,mobile_app,0.43,3,0,0
71,51,60,55.0,-5.0,-0.0,3,2,0.667,1,paper,0.0,1,0,0
57,6,90,71.0,-19.0,-5.0,3,2,0.667,0,paper,0.0,1,0,1
16,13,90,97.0,7.0,21.0,4,3,0.75,1,mobile_app,0.21,2,0,0
79,52,90,92.0,2.0,6.0,3,2,0.667,1,mobile_app,0.41,0,0,1
39,3,90,105.0,15.0,12.0,5,4,0.8,1,paper,0.0,6,1,0
27,30,90,88.0,-2.0,-6.0,3,2,0.667,1,mobile_app,0.13,4,0,1
24,24,90,76.0,-14.0,15.0,5,3,0.6,1,mobile_app,0.54,6,1,1
118,56,90,82.0,-8.0,2.0,4,4,1.0,1,mobile_app,0.23,1,0,0
13,51,30,42.0,12.0,-3.0,2,1,0.5,1,mobile_app,0.09,5,1,0
96,53,90,92.0,2.0,0.0,5,3,0.6,1,mobile_app,1.25,4,0,1
104,18,90,91.0,1.0,9.0,2,1,0.5,1,mobile_app,0.05,2,0,0
4,35,60,62.0,2.0,-4.0,5,4,0.8,1,mobile_app,1.2,2,0,0
71,42,120,111.0,-9.0,1.0,3,2,0.667,1,paper,0.0,0,0,0
70,58,60,57.0,-3.0,1.0,5,5,1.0,1,mobile_app,0.4,5,1,0
44,1,60,85.0,25.0,-13.0,3,2,0.667,1,paper,0.0,5,1,1
81,58,120,122.0,2.0,-1.0,4,3,0.75,1,mobile_app,0.53,3,0,0
50,21,60,52.0,-8.0,-9.0,3,2,0.667,1,mobile_app,0.26,5,1,0
53,8,60,44.0,-16.0,9.0,3,2,0.667,1,paper,0.0,4,0,1
52,37,60,56.0,-4.0,-5.0,3,2,0.667,1,mobile_app,1.1,5,1,0
97,47,120,118.0,-2.0,1.0,2,1,0.5,1,mobile_app,0.61,6,1,1
76,8,60,86.0,26.0,-15.0,3,2,0.667,1,mobile_app,0.89,2,0,1
46,3,90,87.0,-3.0,-13.0,2,1,0.5,1,mobile_app,1.11,4,0,1
112,53,90,85.0,-5.0,-4.0,4,2,0.5,1,paper,0.0,4,0,1
97,56,90,90.0,0.0,-1.0,2,2,1.0,1,paper,0.0,6,1,0
112,10,120,123.0,3.0,2.0,2,1,0.5,1,mobile_app,1.08,4,0,0
88,54,90,85.0,-5.0,1.0,4,3,0.75,1,mobile_app,0.28,1,0,0
47,54,60,61.0,1.0,-5.0,3,1,0.333,1,mobile_app,0.51,6,1,0
93,59,120,124.0,4.0,-1.0,6,4,0.667,1,paper,0.0,5,1,1
40,13,60,62.0,2.0,-7.0,3,2,0.667,1,mobile_app,0.25,0,0,0
33,35,30,24.0,-6.0,3.0,3,2,0.667,1,mobile_app,0.27,5,1,0
55,59,60,58.0,-2.0,-1.0,3,2,0.667,1,mobile_app,0.25,1,0,0
117,54,90,84.0,-6.0,-0.0,6,6,1.0,1,mobile_app,0.94,1,0,0
69,36,60,59.0,-1.0,-4.0,5,4,0.8,1,mobile_app,0.04,2,0,0
47,12,60,64.0,4.0,17.0,2,1,0.5,1,mobile_app,0.28,2,0,1
56,5,60,48.0,-12.0,-14.0,3,2,0.667,1,mobile_app,0.17,5,1,0
35,16,60,82.0,22.0,-4.0,2,1,0.5,1,mobile_app,0.39,1,0,0
80,4,30,41.0,11.0,1.0,2,1,0.5,1,mobile_app,0.8,6,1,1
43,12,90,68.0,-22.0,-3.0,3,2,0.667,1,mobile_app,0.01,0,0,0
67,5,60,36.0,-24.0,-9.0,6,5,0.833,1,mobile_app,0.56,1,0,0
45,45,30,25.0,-5.0,-8.0,4,3,0.75,1,mobile_app,0.72,3,0,0
39,35,60,72.0,12.0,-4.0,3,2,0.667,1,mobile_app,1.17,3,0,1
117,31,60,67.0,7.0,-7.0,2,1,0.5,1,paper,0.0,6,1,1
42,48,90,98.0,8.0,7.0,2,1,0.5,1,mobile_app,0.65,4,0,0
9,25,60,60.0,0.0,18.0,4,3,0.75,1,mobile_app,1.19,3,0,0
46,24,30,28.0,-2.0,-0.0,5,3,0.6,0,mobile_app,0.33,1,0,1
64,13,120,105.0,-15.0,-14.0,4,3,0.75,1,mobile_app,0.39,0,0,0
12,27,60,63.0,3.0,6.0,5,4,0.8,1,mobile_app,0.64,5,1,0
37,11,30,28.0,-2.0,-10.0,3,2,0.667,1,mobile_app,0.21,4,0,1
20,35,90,88.0,-2.0,-3.0,6,4,0.667,1,mobile_app,0.79,3,0,0
61,59,90,96.0,6.0,-2.0,6,4,0.667,1,mobile_app,0.9,3,0,0
87,32,90,89.0,-1.0,-3.0,6,5,0.833,1,mobile_app,0.17,6,1,0
117,18,60,74.0,14.0,-3.0,5,4,0.8,1,mobile_app,0.04,3,0,0
47,41,60,50.0,-10.0,-7.0,5,4,0.8,1,paper,0.0,3,0,0
104,49,60,72.0,12.0,-3.0,2,2,1.0,1,paper,0.0,3,0,0
26,28,30,27.0,-3.0,7.0,2,1,0.5,1,mobile_app,0.18,5,1,1
94,15,60,68.0,8.0,-0.0,2,1,0.5,1,mobile_app,0.68,1,0,0
68,43,120,125.0,5.0,1.0,4,4,1.0,1,mobile_app,0.36,0,0,0
91,12,90,84.0,-6.0,-22.0,4,3,0.75,1,paper,0.0,6,1,1
91,59,60,63.0,3.0,3.0,2,1,0.5,1,mobile_app,1.06,3,0,0
64,19,60,69.0,9.0,-6.0,5,4,0.8,1,mobile_app,0.0,4,0,0
31,21,90,83.0,-7.0,10.0,4,3,0.75,1,paper,0.0,2,0,0
64,43,60,56.0,-4.0,1.0,4,4,1.0,1,mobile_app,0.33,2,0,0
100,1,60,61.0,1.0,-7.0,6,4,0.667,1,paper,0.0,1,0,0
117,12,60,59.0,-1.0,-17.0,4,3,0.75,1,mobile_app,0.26,4,0,0
112,8,90,108.0,18.0,23.0,2,1,0.5,1,mobile_app,0.39,3,0,1
22,24,90,97.0,7.0,6.0,5,4,0.8,1,mobile_app,0.2,4,0,0
72,33,30,29.0,-1.0,6.0,6,5,0.833,1,paper,0.0,5,1,0
13,11,30,37.0,7.0,18.0,2,1,0.5,1,mobile_app,0.36,2,0,0
81,21,90,69.0,-21.0,2.0,4,3,0.75,1,mobile_app,1.22,3,0,0
120,46,60,57.0,-3.0,6.0,4,4,1.0,1,paper,0.0,4,0,0
7,56,90,91.0,1.0,-1.0,2,1,0.5,1,mobile_app,0.06,5,1,0
79,1,60,76.0,16.0,9.0,3,2,0.667,1,mobile_app,0.81,0,0,0
114,38,90,91.0,1.0,-4.0,6,5,0.833,1,mobile_app,0.52,2,0,0
102,2,120,140.0,20.0,-6.0,3,2,0.667,1,mobile_app,0.31,1,0,1
48,31,90,97.0,7.0,1.0,4,3,0.75,1,mobile_app,0.17,2,0,0
13,52,60,58.0,-2.0,-4.0,5,4,0.8,1,paper,0.0,6,1,0
111,48,90,89.0,-1.0,1.0,4,3,0.75,1,mobile_app,0.14,1,0,0
111,14,60,65.0,5.0,-3.0,6,5,0.833,1,mobile_app,1.23,5,1,0
70,16,30,25.0,-5.0,-19.0,4,3,0.75,1,mobile_app,1.1,5,1,0
118,47,60,68.0,8.0,-2.0,6,5,0.833,0,mobile_app,0.54,5,1,0
1,49,120,115.0,-5.0,-1.0,2,1,0.5,1,mobile_app,0.71,1,0,0
74,17,60,63.0,3.0,8.0,6,5,0.833,1,mobile_app,0.3,0,0,0
5,1,120,130.0,10.0,3.0,2,1,0.5,1,paper,0.0,1,0,1
113,27,60,57.0,-3.0,11.0,6,5,0.833,1,paper,0.0,5,1,0
82,37,60,56.0,-4.0,3.0,5,4,0.8,1,mobile_app,0.57,0,0,0
110,27,30,29.0,-1.0,-4.0,4,3,0.75,1,mobile_app,0.58,5,1,0
68,56,90,93.0,3.0,-0.0,6,4,0.667,1,mobile_app,0.31,2,0,0
10,49,30,28.0,-2.0,-1.0,5,4,0.8,1,mobile_app,0.27,6,1,0
4,47,60,55.0,-5.0,2.0,5,4,0.8,1,mobile_app,0.32,3,0,0
41,2,60,76.0,16.0,1.0,5,4,0.8,1,paper,0.0,3,0,0
90,51,60,62.0,2.0,-2.0,6,5,0.833,1,paper,0.0,3,0,0
19,45,60,65.0,5.0,0.0,3,2,0.667,1,mobile_app,0.2,5,1,0
103,24,30,37.0,7.0,4.0,6,4,0.667,1,mobile_app,0.04,5,1,0
29,35,60,76.0,16.0,-6.0,4,2,0.5,1,mobile_app,0.47,6,1,0
60,49,120,125.0,5.0,1.0,2,1,0.5,1,mobile_app,0.82,2,0,0
25,54,30,27.0,-3.0,-5.0,6,5,0.833,1,mobile_app,1.06,5,1,0
56,33,60,64.0,4.0,7.0,5,4,0.8,1,paper,0.0,0,0,0
55,3,60,52.0,-8.0,6.0,6,3,0.5,1,paper,0.0,4,0,1
1,37,60,57.0,-3.0,10.0,5,4,0.8,1,paper,0.0,4,0,1
69,41,90,81.0,-9.0,-6.0,3,2,0.667,1,mobile_app,0.75,0,0,1
95,4,60,56.0,-4.0,13.0,3,2,0.667,1,mobile_app,1.08,1,0,1
113,49,60,63.0,3.0,4.0,3,2,0.667,1,mobile_app,0.79,6,1,0
40,12,90,89.0,-1.0,-2.0,4,3,0.75,1,paper,0.0,0,0,0
106,53,60,56.0,-4.0,-1.0,2,2,1.0,1,mobile_app,0.35,3,0,0
106,33,120,108.0,-12.0,-7.0,5,4,0.8,1,mobile_app,0.49,5,1,0
119,20,120,142.0,22.0,-12.0,5,4,0.8,1,mobile_app,0.52,6,1,0
45,4,30,34.0,4.0,-9.0,6,5,0.833,1,paper,0.0,1,0,0
103,2,60,48.0,-12.0,-15.0,4,3,0.75,0,mobile_app,0.17,4,0,1
68,44,60,63.0,3.0,7.0,6,5,0.833,0,paper,0.0,5,1,1
7,23,60,81.0,21.0,-12.0,3,2,0.667,1,mobile_app,0.56,6,1,1
33,50,60,63.0,3.0,1.0,4,3,0.75,1,mobile_app,0.62,4,0,0
81,14,60,28.0,-32.0,4.0,5,3,0.6,1,paper,0.0,1,0,1
20,55,60,70.0,10.0,1.0,5,5,1.0,1,paper,0.0,6,1,0
53,56,60,53.0,-7.0,1.0,5,3,0.6,1,mobile_app,0.53,6,1,1
93,7,60,57.0,-3.0,10.0,4,3,0.75,0,mobile_app,0.19,2,0,1
18,39,120,113.0,-7.0,-2.0,2,1,0.5,1,mobile_app,1.03,3,0,1
60,56,120,117.0,-3.0,0.0,6,4,0.667,1,mobile_app,0.78,4,0,0
26,20,30,33.0,3.0,-3.0,3,2,0.667,1,mobile_app,0.76,5,1,0
65,4,90,62.0,-28.0,15.0,5,3,0.6,1,paper,0.0,3,0,1
29,52,60,60.0,0.0,7.0,2,1,0.5,1,mobile_app,0.38,5,1,0
116,28,90,100.0,10.0,-9.0,6,5,0.833,1,mobile_app,0.29,5,1,0
10,2,60,48.0,-12.0,-24.0,3,2,0.667,1,mobile_app,1.03,1,0,1
116,50,120,114.0,-6.0,2.0,6,4,0.667,1,mobile_app,0.39,2,0,1
96,41,30,29.0,-1.0,6.0,5,4,0.8,1,mobile_app,0.28,5,1,0
103,5,60,55.0,-5.0,22.0,3,2,0.667,1,mobile_app,0.52,4,0,1
103,16,120,113.0,-7.0,7.0,3,2,0.667,1,paper,0.0,1,0,1
23,2,60,43.0,-17.0,16.0,6,4,0.667,1,paper,0.0,3,0,1
112,57,30,32.0,2.0,5.0,4,4,1.0,1,mobile_app,0.84,1,0,0
72,2,90,98.0,8.0,17.0,5,4,0.8,1,paper,0.0,0,0,0
116,47,90,85.0,-5.0,4.0,5,3,0.6,1,mobile_app,0.44,3,0,0
106,31,90,82.0,-8.0,-9.0,3,2,0.667,1,mobile_app,1.2,0,0,0
70,35,90,91.0,1.0,-0.0,2,1,0.5,1,paper,0.0,6,1,1
45,48,90,85.0,-5.0,1.0,2,1,0.5,1,mobile_app,0.4,6,1,1
15,53,30,31.0,1.0,-0.0,4,3,0.75,1,paper,0.0,1,0,0
13,8,90,109.0,19.0,-0.0,5,4,0.8,1,mobile_app,0.28,4,0,0
47,2,90,89.0,-1.0,18.0,3,2,0.667,1,paper,0.0,2,0,1
98,8,120,104.0,-16.0,-8.0,3,2,0.667,1,mobile_app,0.2,4,0,1
61,41,60,62.0,2.0,4.0,3,2,0.667,1,mobile_app,0.35,3,0,1
58,34,30,29.0,-1.0,2.0,3,2,0.667,1,mobile_app,0.42,5,1,0
30,5,90,88.0,-2.0,-10.0,4,3,0.75,0,paper,0.0,5,1,1
68,14,60,66.0,6.0,-10.0,4,3,0.75,1,mobile_app,0.31,0,0,0
77,32,30,36.0,6.0,-11.0,3,1,0.333,1,mobile_app,0.95,5,1,0
118,44,90,90.0,0.0,2.0,2,1,0.5,1,paper,0.0,1,0,1
88,21,60,59.0,-1.0,-1.0,2,1,0.5,1,mobile_app,0.57,4,0,1
73,57,60,67.0,7.0,-2.0,4,2,0.5,1,mobile_app,0.55,4,0,0
110,59,30,34.0,4.0,-6.0,2,2,1.0,1,mobile_app,0.42,4,0,0
51,46,30,34.0,4.0,2.0,5,4,0.8,1,paper,0.0,5,1,0
113,27,90,91.0,1.0,-1.0,2,1,0.5,1,paper,0.0,0,0,1
45,52,60,56.0,-4.0,-2.0,2,1,0.5,1,mobile_app,0.03,4,0,0
16,43,30,37.0,7.0,-5.0,5,5,1.0,1,mobile_app,0.17,2,0,0
51,31,60,61.0,1.0,-2.0,5,3,0.6,1,mobile_app,0.26,2,0,1
16,27,60,55.0,-5.0,4.0,5,4,0.8,1,mobile_app,1.41,1,0,0
15,50,30,29.0,-1.0,-1.0,2,2,1.0,1,paper,0.0,4,0,0
106,33,60,52.0,-8.0,-8.0,5,4,0.8,1,paper,0.0,2,0,0
96,11,60,73.0,13.0,-1.0,6,5,0.833,1,paper,0.0,4,0,0
27,59,60,62.0,2.0,3.0,5,4,0.8,1,mobile_app,0.23,3,0,0
101,5,60,62.0,2.0,0.0,3,2,0.667,1,mobile_app,0.28,2,0,0
9,42,60,60.0,0.0,0.0,4,4,1.0,1,paper,0.0,3,0,0
35,39,60,56.0,-4.0,-2.0,6,5,0.833,1,mobile_app,0.51,3,0,0
85,35,30,14.0,-16.0,-5.0,2,1,0.5,1,mobile_app,0.75,4,0,0
37,4,30,11.0,-19.0,-10.0,5,3,0.6,1,paper,0.0,0,0,1
88,30,30,24.0,-6.0,-12.0,3,1,0.333,1,mobile_app,0.19,5,1,0
105,53,60,57.0,-3.0,4.0,6,5,0.833,1,mobile_app,0.95,1,0,0
8,15,90,93.0,3.0,4.0,2,1,0.5,1,mobile_app,1.24,1,0,0
3,41,30,35.0,5.0,0.0,4,3,0.75,1,mobile_app,0.71,5,1,0
113,51,90,89.0,-1.0,1.0,4,3,0.75,1,paper,0.0,0,0,0
63,57,90,95.0,5.0,1.0,4,4,1.0,1,mobile_app,0.4,2,0,0
61,31,30,24.0,-6.0,-5.0,3,2,0.667,1,mobile_app,0.99,4,0,0
56,19,30,29.0,-1.0,-3.0,2,1,0.5,1,paper,0.0,5,1,1
53,42,60,60.0,0.0,-2.0,6,5,0.833,1,paper,0.0,6,1,0
83,29,30,39.0,9.0,18.0,4,3,0.75,1,mobile_app,0.75,4,0,0
70,37,60,61.0,1.0,6.0,5,4,0.8,1,mobile_app,0.25,1,0,0
20,44,30,31.0,1.0,1.0,4,3,0.75,1,mobile_app,0.04,2,0,0
76,42,90,80.0,-10.0,7.0,4,3,0.75,1,paper,0.0,0,0,0
81,15,60,50.0,-10.0,12.0,5,4,0.8,1,mobile_app,0.14,5,1,0
14,45,90,96.0,6.0,-6.0,4,3,0.75,1,mobile_app,0.61,0,0,0
46,32,90,73.0,-17.0,-1.0,2,1,0.5,1,mobile_app,0.5,0,0,1
95,55,60,65.0,5.0,-0.0,2,1,0.5,1,paper,0.0,6,1,1
75,39,120,123.0,3.0,3.0,4,3,0.75,1,paper,0.0,1,0,0
17,53,120,117.0,-3.0,-1.0,2,2,1.0,1,mobile_app,1.01,1,0,0
5,58,60,57.0,-3.0,-0.0,4,3,0.75,1,mobile_app,0.5,2,0,0
70,59,30,37.0,7.0,-1.0,5,5,1.0,1,mobile_app,0.12,0,0,0
56,44,60,68.0,8.0,5.0,4,3,0.75,1,mobile_app,0.38,4,0,0
116,36,60,59.0,-1.0,-9.0,2,1,0.5,1,mobile_app,0.65,2,0,1
63,7,60,62.0,2.0,-5.0,5,4,0.8,1,paper,0.0,2,0,0
112,23,60,54.0,-6.0,-15.0,6,3,0.5,1,mobile_app,0.62,4,0,1
26,29,60,61.0,1.0,-7.0,3,1,0.333,1,mobile_app,0.38,2,0,1
54,47,90,87.0,-3.0,1.0,2,1,0.5,1,paper,0.0,1,0,1
17,35,60,59.0,-1.0,2.0,4,3,0.75,1,mobile_app,0.21,6,1,0
69,26,60,77.0,17.0,-2.0,5,3,0.6,1,mobile_app,0.47,4,0,1
23,9,60,59.0,-1.0,12.0,3,2,0.667,1,paper,0.0,6,1,1
60,43,90,84.0,-6.0,7.0,4,4,1.0,1,paper,0.0,2,0,0
42,26,90,77.0,-13.0,-1.0,5,4,0.8,1,mobile_app,0.57,6,1,0
23,3,30,32.0,2.0,3.0,4,3,0.75,1,mobile_app,0.66,6,1,0
12,17,90,82.0,-8.0,-4.0,5,4,0.8,1,paper,0.0,0,0,0
62,52,60,61.0,1.0,2.0,2,1,0.5,1,mobile_app,0.52,0,0,0
114,8,90,69.0,-21.0,-13.0,3,2,0.667,1,mobile_app,0.05,5,1,0
24,24,60,67.0,7.0,14.0,4,3,0.75,1,mobile_app,0.36,2,0,0
49,31,60,51.0,-9.0,8.0,3,2,0.667,1,paper,0.0,5,1,1
27,5,90,91.0,1.0,-13.0,6,5,0.833,1,mobile_app,0.1,3,0,0
98,10,120,116.0,-4.0,-8.0,5,4,0.8,1,mobile_app,0.01,1,0,0
50,56,90,96.0,6.0,1.0,4,3,0.75,1,paper,0.0,1,0,0
117,35,60,61.0,1.0,-2.0,5,4,0.8,1,mobile_app,0.85,1,0,0
30,13,90,113.0,23.0,5.0,6,5,0.833,1,mobile_app,0.61,4,0,0
10,11,60,67.0,7.0,-4.0,2,1,0.5,1,paper,0.0,0,0,0
70,26,90,103.0,13.0,12.0,4,3,0.75,1,mobile_app,0.51,1,0,0
79,43,90,89.0,-1.0,0.0,4,2,0.5,1,mobile_app,0.06,5,1,1
119,44,30,32.0,2.0,11.0,5,4,0.8,0,paper,0.0,2,0,1
105,12,60,75.0,15.0,6.0,3,2,0.667,1,mobile_app,0.13,4,0,0
107,43,60,65.0,5.0,-7.0,3,2,0.667,1,mobile_app,0.38,2,0,1
77,53,60,62.0,2.0,7.0,5,5,1.0,1,mobile_app,0.86,0,0,0
44,14,60,56.0,-4.0,11.0,6,4,0.667,1,mobile_app,0.76,3,0,1
52,2,60,58.0,-2.0,4.0,2,1,0.5,1,mobile_app,0.09,1,0,1
17,57,60,64.0,4.0,2.0,5,4,0.8,1,mobile_app,0.77,5,1,0
52,31,30,41.0,11.0,-8.0,5,4,0.8,1,mobile_app,0.87,5,1,0
44,46,60,57.0,-3.0,-8.0,2,1,0.5,1,mobile_app,0.3,6,1,1
5,19,90,82.0,-8.0,-0.0,5,4,0.8,1,paper,0.0,4,0,0
25,18,60,50.0,-10.0,12.0,6,4,0.667,1,mobile_app,1.47,0,0,1
65,14,60,70.0,10.0,4.0,6,5,0.833,1,mobile_app,1.04,5,1,0
45,13,90,79.0,-11.0,17.0,2,1,0.5,1,mobile_app,1.08,5,1,0
120,28,120,127.0,7.0,10.0,6,4,0.667,1,paper,0.0,1,0,1
58,7,60,67.0,7.0,0.0,3,2,0.667,1,mobile_app,0.11,2,0,0
116,50,30,28.0,-2.0,4.0,4,4,1.0,1,mobile_app,0.35,6,1,0
80,31,30,43.0,13.0,10.0,3,2,0.667,1,mobile_app,0.56,5,1,0
5,55,120,115.0,-5.0,-0.0,5,3,0.6,1,paper,0.0,1,0,1
25,30,90,104.0,14.0,-1.0,2,1,0.5,1,mobile_app,0.52,4,0,1
85,18,90,93.0,3.0,1.0,5,3,0.6,1,mobile_app,0.01,2,0,0
66,31,90,73.0,-17.0,-16.0,2,1,0.5,1,mobile_app,0.15,6,1,1
37,10,60,80.0,20.0,3.0,6,4,0.667,1,mobile_app,1.16,6,1,1
63,49,60,64.0,4.0,3.0,3,3,1.0,1,mobile_app,0.39,5,1,0
109,43,90,88.0,-2.0,1.0,4,3,0.75,1,mobile_app,0.47,2,0,0
47,9,120,108.0,-12.0,4.0,3,2,0.667,1,mobile_app,0.45,2,0,1
6,35,60,48.0,-12.0,-0.0,2,1,0.5,1,mobile_app,0.32,4,0,1
38,32,60,79.0,19.0,-13.0,2,1,0.5,1,paper,0.0,6,1,0
113,12,60,49.0,-11.0,17.0,6,4,0.667,1,mobile_app,0.31,2,0,1
92,8,120,104.0,-16.0,-4.0,2,1,0.5,1,mobile_app,0.61,3,0,0
101,45,60,61.0,1.0,-3.0,2,2,1.0,1,mobile_app,0.03,5,1,0
110,16,90,72.0,-18.0,13.0,4,3,0.75,1,paper,0.0,2,0,0
15,31,60,52.0,-8.0,7.0,6,5,0.833,1,paper,0.0,2,0,0
34,15,90,101.0,11.0,3.0,2,1,0.5,1,paper,0.0,2,0,1
8,39,90,93.0,3.0,4.0,3,2,0.667,1,paper,0.0,3,0,1
1,3,60,55.0,-5.0,-13.0,4,3,0.75,1,mobile_app,0.79,0,0,0
101,22,90,90.0,0.0,-1.0,4,2,0.5,0,mobile_app,1.04,0,0,1
113,33,120,117.0,-3.0,8.0,2,1,0.5,1,mobile_app,0.38,4,0,0
19,26,120,119.0,-1.0,-5.0,6,5,0.833,1,mobile_app,0.91,6,1,0
87,37,60,55.0,-5.0,-6.0,3,2,0.667,1,paper,0.0,5,1,1
65,11,90,83.0,-7.0,1.0,5,3,0.6,0,mobile_app,0.48,6,1,1
9,27,60,55.0,-5.0,1.0,4,3,0.75,1,mobile_app,0.07,5,1,0
110,45,60,56.0,-4.0,3.0,4,4,1.0,1,mobile_app,0.39,5,1,0
105,20,60,71.0,11.0,-12.0,6,5,0.833,1,paper,0.0,0,0,0
69,10,90,100.0,10.0,-26.0,3,2,0.667,1,paper,0.0,6,1,1
85,51,30,26.0,-4.0,3.0,6,5,0.833,1,paper,0.0,3,0,0
48,46,60,54.0,-6.0,-5.0,3,2,0.667,1,mobile_app,0.5,4,0,1
96,41,60,59.0,-1.0,-3.0,3,2,0.667,1,paper,0.0,6,1,1
54,48,60,70.0,10.0,-9.0,2,1,0.5,1,paper,0.0,0,0,0
119,46,30,25.0,-5.0,4.0,3,3,1.0,1,mobile_app,0.59,1,0,0
8,45,60,59.0,-1.0,2.0,4,4,1.0,1,mobile_app,0.6,0,0,0
21,31,90,91.0,1.0,2.0,5,4,0.8,1,mobile_app,0.99,2,0,0
117,2,60,58.0,-2.0,4.0,4,3,0.75,1,mobile_app,0.0,5,1,0
35,36,30,27.0,-3.0,-12.0,3,2,0.667,1,paper,0.0,3,0,1
38,17,90,103.0,13.0,-9.0,3,2,0.667,1,mobile_app,0.9,3,0,1
95,46,120,122.0,2.0,-2.0,6,5,0.833,1,mobile_app,0.97,1,0,0
23,28,120,127.0,7.0,-5.0,3,2,0.667,1,mobile_app,0.85,1,0,1
62,54,90,92.0,2.0,-1.0,3,3,1.0,1,paper,0.0,3,0,0
35,36,120,126.0,6.0,1.0,6,5,0.833,1,mobile_app,0.37,0,0,0
24,33,60,72.0,12.0,7.0,5,4,0.8,1,paper,0.0,3,0,1
116,55,120,125.0,5.0,-4.0,6,5,0.833,1,mobile_app,0.81,6,1,0
24,29,120,140.0,20.0,-0.0,3,2,0.667,1,mobile_app,1.01,3,0,1
12,23,60,72.0,12.0,6.0,4,3,0.75,1,mobile_app,0.26,0,0,0
81,22,120,113.0,-7.0,-8.0,5,4,0.8,0,mobile_app,0.33,2,0,1
105,52,90,93.0,3.0,-1.0,6,4,0.667,1,mobile_app,0.38,2,0,0
16,45,90,94.0,4.0,2.0,5,4,0.8,1,mobile_app,0.88,4,0,0
85,10,120,144.0,24.0,0.0,4,3,0.75,1,mobile_app,0.04,4,0,0
65,30,60,52.0,-8.0,5.0,4,3,0.75,1,mobile_app,0.18,6,1,0
100,22,60,66.0,6.0,1.0,3,2,0.667,1,mobile_app,0.27,4,0,0
16,39,90,86.0,-4.0,-2.0,4,3,0.75,1,paper,0.0,1,0,0
118,4,90,97.0,7.0,-13.0,3,2,0.667,1,mobile_app,1.3,0,0,1
75,43,120,119.0,-1.0,1.0,2,2,1.0,1,paper,0.0,1,0,0
102,44,120,123.0,3.0,0.0,6,5,0.833,1,mobile_app,0.59,4,0,0
44,14,90,74.0,-16.0,-10.0,2,1,0.5,1,mobile_app,0.64,4,0,1
114,9,120,130.0,10.0,6.0,3,2,0.667,1,mobile_app,0.69,2,0,0
76,38,60,61.0,1.0,7.0,3,2,0.667,1,mobile_app,0.36,5,1,1
16,16,120,122.0,2.0,-6.0,3,1,0.333,1,mobile_app,0.92,1,0,1
111,56,30,37.0,7.0,-2.0,4,3,0.75,1,paper,0.0,5,1,0
96,46,60,58.0,-2.0,-3.0,6,5,0.833,1,mobile_app,0.29,4,0,0
37,57,30,31.0,1.0,-5.0,3,3,1.0,1,mobile_app,0.59,1,0,0
66,32,60,61.0,1.0,13.0,5,3,0.6,1,paper,0.0,6,1,0
47,56,60,61.0,1.0,-1.0,5,4,0.8,1,paper,0.0,6,1,0
66,1,30,62.0,32.0,-10.0,5,4,0.8,1,mobile_app,0.59,5,1,1
116,18,90,91.0,1.0,-10.0,5,4,0.8,1,mobile_app,1.22,4,0,0
108,1,90,82.0,-8.0,-5.0,5,4,0.8,1,mobile_app,0.09,1,0,0
26,40,60,72.0,12.0,-4.0,5,4,0.8,1,paper,0.0,6,1,0
117,31,90,87.0,-3.0,10.0,5,3,0.6,1,mobile_app,0.43,1,0,1
53,17,60,42.0,-18.0,-11.0,4,3,0.75,1,mobile_app,0.42,5,1,0
85,18,30,22.0,-8.0,-14.0,2,1,0.5,1,mobile_app,0.03,3,0,0
92,38,30,22.0,-8.0,3.0,4,3,0.75,1,mobile_app,0.25,4,0,0
58,11,60,38.0,-22.0,-1.0,5,4,0.8,0,mobile_app,1.29,0,0,1
55,31,90,87.0,-3.0,-2.0,3,2,0.667,1,mobile_app,0.74,2,0,0
55,37,60,60.0,0.0,3.0,3,2,0.667,1,paper,0.0,0,0,0
104,15,90,103.0,13.0,1.0,4,3,0.75,1,paper,0.0,5,1,0
47,14,60,67.0,7.0,-0.0,2,1,0.5,1,mobile_app,0.35,1,0,0
34,21,90,96.0,6.0,-12.0,5,4,0.8,1,paper,0.0,2,0,0
44,35,120,113.0,-7.0,-10.0,6,4,0.667,1,mobile_app,0.18,0,0,0
24,16,60,70.0,10.0,-7.0,4,3,0.75,0,mobile_app,0.05,0,0,1
47,23,30,44.0,14.0,-9.0,2,1,0.5,1,mobile_app,0.37,3,0,1
14,33,30,33.0,3.0,2.0,3,2,0.667,1,paper,0.0,2,0,1
11,12,60,65.0,5.0,-18.0,2,1,0.5,1,mobile_app,0.93,0,0,1
87,34,60,50.0,-10.0,-3.0,4,3,0.75,1,mobile_app,0.79,5,1,0
10,9,60,73.0,13.0,-2.0,3,2,0.667,1,mobile_app,0.04,1,0,0
69,9,120,142.0,22.0,-0.0,5,4,0.8,1,paper,0.0,0,0,0
94,14,120,124.0,4.0,4.0,6,5,0.833,1,mobile_app,0.54,0,0,0
87,17,60,53.0,-7.0,-3.0,4,2,0.5,1,mobile_app,0.12,2,0,1
54,2,60,58.0,-2.0,-8.0,6,5,0.833,1,paper,0.0,3,0,0
24,57,60,58.0,-2.0,4.0,4,4,1.0,1,paper,0.0,0,0,1
112,19,60,56.0,-4.0,-3.0,2,1,0.5,1,paper,0.0,2,0,0
101,48,120,123.0,3.0,6.0,6,5,0.833,0,mobile_app,0.49,2,0,1
74,54,60,61.0,1.0,-1.0,3,2,0.667,1,paper,0.0,0,0,1
11,48,30,35.0,5.0,-0.0,6,4,0.667,1,mobile_app,0.14,4,0,0
5,50,60,62.0,2.0,-1.0,5,3,0.6,1,mobile_app,0.25,2,0,0
38,6,30,19.0,-11.0,3.0,6,5,0.833,1,mobile_app,0.28,4,0,0
19,22,60,55.0,-5.0,-3.0,5,3,0.6,1,mobile_app,0.19,0,0,0
104,45,60,57.0,-3.0,0.0,4,4,1.0,1,mobile_app,0.34,0,0,0
25,34,90,89.0,-1.0,10.0,3,2,0.667,1,mobile_app,0.25,5,1,0
34,1,60,85.0,25.0,12.0,3,2,0.667,1,mobile_app,0.43,2,0,1
118,34,120,135.0,15.0,7.0,3,2,0.667,1,mobile_app,0.27,2,0,1
99,48,30,34.0,4.0,-5.0,3,2,0.667,1,mobile_app,0.15,2,0,1
27,49,90,91.0,1.0,-5.0,4,3,0.75,1,mobile_app,0.06,4,0,0
47,23,30,17.0,-13.0,2.0,6,5,0.833,1,mobile_app,0.15,4,0,0
62,14,60,63.0,3.0,7.0,2,1,0.5,1,mobile_app,0.66,4,0,1
80,19,120,112.0,-8.0,-5.0,5,3,0.6,1,paper,0.0,6,1,1
113,18,90,108.0,18.0,-6.0,5,3,0.6,1,mobile_app,1.04,3,0,1
105,21,60,44.0,-16.0,12.0,4,3,0.75,1,paper,0.0,1,0,0
118,18,60,64.0,4.0,6.0,3,2,0.667,1,mobile_app,0.49,4,0,0
5,27,90,82.0,-8.0,8.0,4,3,0.75,1,paper,0.0,2,0,0
29,3,120,120.0,0.0,-5.0,6,4,0.667,1,paper,0.0,3,0,1
68,17,90,97.0,7.0,-5.0,6,5,0.833,1,mobile_app,0.47,0,0,0
6,19,30,41.0,11.0,8.0,5,3,0.6,1,paper,0.0,2,0,1
43,10,60,59.0,-1.0,-3.0,4,3,0.75,1,mobile_app,0.17,4,0,0
19,52,60,63.0,3.0,-2.0,5,3,0.6,1,paper,0.0,2,0,1
112,40,30,26.0,-4.0,-5.0,5,4,0.8,1,mobile_app,0.46,0,0,0
8,54,60,61.0,1.0,-2.0,5,4,0.8,1,mobile_app,0.11,0,0,0
18,34,90,98.0,8.0,6.0,2,1,0.5,0,mobile_app,0.02,0,0,1
24,7,30,34.0,4.0,-16.0,2,1,0.5,1,mobile_app,0.66,2,0,0
18,54,90,88.0,-2.0,2.0,3,2,0.667,1,paper,0.0,6,1,0
69,28,90,88.0,-2.0,-5.0,3,2,0.667,1,paper,0.0,3,0,1
44,41,90,96.0,6.0,-1.0,5,4,0.8,1,mobile_app,0.33,6,1,0
110,23,60,49.0,-11.0,-1.0,4,2,0.5,1,mobile_app,0.22,0,0,0
32,30,60,52.0,-8.0,-2.0,6,5,0.833,1,paper,0.0,6,1,0
65,29,30,35.0,5.0,-2.0,5,4,0.8,1,paper,0.0,6,1,0
80,17,60,55.0,-5.0,-4.0,2,1,0.5,1,mobile_app,0.01,0,0,0
76,33,60,49.0,-11.0,-4.0,6,5,0.833,1,mobile_app,0.26,0,0,0
96,44,60,68.0,8.0,6.0,5,4,0.8,1,mobile_app,0.13,4,0,0
25,2,60,45.0,-15.0,0.0,3,2,0.667,1,mobile_app,0.4,1,0,1
61,8,60,57.0,-3.0,-1.0,2,1,0.5,1,paper,0.0,4,0,1
97,50,120,117.0,-3.0,-2.0,5,4,0.8,1,mobile_app,0.42,4,0,0
104,34,90,88.0,-2.0,-3.0,2,1,0.5,1,mobile_app,0.9,0,0,1
75,58,60,57.0,-3.0,-2.0,3,3,1.0,1,mobile_app,0.21,5,1,0
79,36,120,125.0,5.0,5.0,4,3,0.75,1,mobile_app,0.1,6,1,0
104,39,60,61.0,1.0,-4.0,2,1,0.5,1,mobile_app,0.92,3,0,1
75,54,60,64.0,4.0,-7.0,3,2,0.667,1,paper,0.0,6,1,1
114,39,90,86.0,-4.0,0.0,3,2,0.667,1,paper,0.0,4,0,1
16,20,60,82.0,22.0,-2.0,2,1,0.5,1,mobile_app,0.78,5,1,0
42,32,60,45.0,-15.0,-4.0,6,4,0.667,1,mobile_app,0.77,1,0,1
14,14,60,42.0,-18.0,9.0,3,2,0.667,1,mobile_app,1.3,4,0,1
11,20,60,78.0,18.0,-24.0,4,2,0.5,1,paper,0.0,6,1,1
57,41,90,93.0,3.0,8.0,6,5,0.833,1,paper,0.0,5,1,0
28,9,60,64.0,4.0,11.0,4,3,0.75,1,mobile_app,1.05,4,0,0
49,40,60,63.0,3.0,-3.0,3,2,0.667,1,mobile_app,0.62,2,0,0
53,35,60,64.0,4.0,-3.0,5,4,0.8,1,paper,0.0,0,0,0
75,19,60,63.0,3.0,4.0,5,3,0.6,1,mobile_app,0.4,2,0,0
114,3,60,47.0,-13.0,6.0,2,1,0.5,1,mobile_app,0.18,5,1,1
102,42,120,125.0,5.0,-3.0,6,5,0.833,1,mobile_app,0.78,3,0,0
46,49,90,93.0,3.0,-6.0,2,2,1.0,1,mobile_app,0.77,0,0,0
40,44,60,68.0,8.0,10.0,5,4,0.8,1,mobile_app,0.68,1,0,0
93,25,90,107.0,17.0,7.0,2,1,0.5,1,mobile_app,0.4,2,0,0
15,39,30,32.0,2.0,1.0,2,1,0.5,1,mobile_app,0.04,0,0,0
65,25,60,48.0,-12.0,1.0,2,1,0.5,1,mobile_app,0.4,3,0,1
51,22,60,78.0,18.0,5.0,5,3,0.6,0,mobile_app,0.28,6,1,1
22,20,60,49.0,-11.0,6.0,4,3,0.75,1,mobile_app,0.82,5,1,0
74,13,90,94.0,4.0,-21.0,5,4,0.8,1,mobile_app,0.06,6,1,0
39,58,120,119.0,-1.0,-1.0,3,2,0.667,1,mobile_app,0.31,6,1,1
23,40,60,57.0,-3.0,-2.0,2,1,0.5,1,mobile_app,0.95,0,0,1
79,11,60,69.0,9.0,-2.0,5,4,0.8,1,paper,0.0,2,0,1
21,52,90,91.0,1.0,3.0,6,5,0.833,1,mobile_app,0.35,1,0,0
81,9,60,66.0,6.0,-19.0,6,5,0.833,1,mobile_app,0.14,4,0,0
20,36,30,24.0,-6.0,-8.0,2,1,0.5,1,paper,0.0,0,0,0
53,10,120,118.0,-2.0,-7.0,6,4,0.667,1,mobile_app,0.34,4,0,0
97,22,90,82.0,-8.0,1.0,4,3,0.75,1,mobile_app,0.98,2,0,0
28,39,120,119.0,-1.0,5.0,2,1,0.5,1,mobile_app,0.3,1,0,0
93,59,60,60.0,0.0,5.0,2,1,0.5,1,mobile_app,1.22,1,0,1
87,59,30,37.0,7.0,-1.0,4,3,0.75,1,mobile_app,0.58,4,0,0
109,53,60,59.0,-1.0,3.0,5,4,0.8,1,mobile_app,0.02,3,0,0
21,14,120,95.0,-25.0,7.0,2,1,0.5,1,mobile_app,1.45,6,1,1
86,6,30,48.0,18.0,6.0,4,2,0.5,1,mobile_app,0.31,6,1,0
113,54,30,32.0,2.0,-0.0,3,2,0.667,1,paper,0.0,3,0,1
92,55,30,30.0,0.0,-1.0,6,5,0.833,1,mobile_app,0.2,4,0,0
23,17,90,85.0,-5.0,-10.0,5,4,0.8,1,mobile_app,0.19,3,0,0
99,2,90,77.0,-13.0,-13.0,3,2,0.667,1,mobile_app,0.91,2,0,1
13,39,90,103.0,13.0,2.0,4,3,0.75,1,mobile_app,0.4,4,0,0
71,5,30,31.0,1.0,-1.0,6,5,0.833,1,mobile_app,0.12,0,0,0
60,3,90,66.0,-24.0,-5.0,5,3,0.6,1,mobile_app,0.6,5,1,1
64,56,60,61.0,1.0,2.0,3,3,1.0,1,mobile_app,0.51,4,0,0
63,30,60,70.0,10.0,-1.0,6,4,0.667,1,mobile_app,0.6,1,0,1
4,7,60,62.0,2.0,-10.0,5,4,0.8,1,paper,0.0,0,0,0
61,39,60,54.0,-6.0,-1.0,2,1,0.5,1,mobile_app,0.26,1,0,0
113,22,60,50.0,-10.0,7.0,5,4,0.8,1,mobile_app,0.11,4,0,0
53,32,120,113.0,-7.0,-7.0,6,4,0.667,1,mobile_app,0.74,4,0,0
34,54,60,65.0,5.0,1.0,6,4,0.667,1,mobile_app,0.2,4,0,1
120,15,60,59.0,-1.0,-1.0,2,1,0.5,1,mobile_app,0.17,0,0,0
12,39,90,79.0,-11.0,-4.0,6,4,0.667,1,mobile_app,1.04,0,0,0
59,49,90,92.0,2.0,-1.0,6,5,0.833,1,mobile_app,0.46,5,1,0
62,26,30,31.0,1.0,-12.0,2,1,0.5,1,paper,0.0,3,0,0
58,58,90,88.0,-2.0,0.0,5,4,0.8,1,paper,0.0,2,0,0
111,27,60,51.0,-9.0,-10.0,5,4,0.8,1,mobile_app,0.76,0,0,0
51,28,60,51.0,-9.0,8.0,2,1,0.5,0,paper,0.0,0,0,1
117,53,90,94.0,4.0,-0.0,6,5,0.833,1,mobile_app,0.09,5,1,0
9,38,60,62.0,2.0,-3.0,3,2,0.667,1,paper,0.0,5,1,1
89,52,60,62.0,2.0,4.0,3,2,0.667,1,mobile_app,0.31,1,0,0
72,47,60,61.0,1.0,-4.0,3,2,0.667,1,mobile_app,0.62,1,0,1
29,43,60,62.0,2.0,-4.0,4,3,0.75,1,mobile_app,0.7,2,0,0
28,15,60,55.0,-5.0,-17.0,5,4,0.8,1,mobile_app,0.33,2,0,0
87,24,120,118.0,-2.0,10.0,6,5,0.833,1,mobile_app,0.09,5,1,0
77,52,60,65.0,5.0,6.0,3,2,0.667,1,mobile_app,0.4,2,0,0
74,37,120,130.0,10.0,-10.0,6,4,0.667,1,mobile_app,0.15,5,1,0
7,17,60,47.0,-13.0,-7.0,6,5,0.833,1,mobile_app,0.11,5,1,0
72,20,90,88.0,-2.0,1.0,2,1,0.5,1,mobile_app,0.72,4,0,0
118,46,30,34.0,4.0,-2.0,3,2,0.667,1,mobile_app,0.11,1,0,0
3,11,60,83.0,23.0,-0.0,2,1,0.5,1,mobile_app,0.11,6,1,0
57,7,30,53.0,23.0,-1.0,6,5,0.833,1,mobile_app,0.6,4,0,0
60,46,30,26.0,-4.0,2.0,4,3,0.75,1,mobile_app,0.72,4,0,0
108,18,120,134.0,14.0,-9.0,3,2,0.667,1,mobile_app,0.46,6,1,1
34,46,90,90.0,0.0,1.0,6,5,0.833,1,mobile_app,0.17,4,0,0
58,32,90,98.0,8.0,-7.0,5,3,0.6,1,mobile_app,0.79,4,0,1
87,59,60,63.0,3.0,-1.0,6,5,0.833,1,paper,0.0,5,1,0
8,31,60,50.0,-10.0,-12.0,6,5,0.833,0,mobile_app,0.51,0,0,1
97,52,90,92.0,2.0,-1.0,6,5,0.833,1,paper,0.0,6,1,0
99,51,90,94.0,4.0,-2.0,3,3,1.0,1,mobile_app,0.12,1,0,0
87,13,60,60.0,0.0,9.0,3,2,0.667,1,mobile_app,0.35,6,1,0
78,59,90,89.0,-1.0,-0.0,2,1,0.5,1,mobile_app,0.88,3,0,1
90,45,60,52.0,-8.0,1.0,3,2,0.667,1,mobile_app,0.45,6,1,0
94,7,120,129.0,9.0,-0.0,4,2,0.5,1,paper,0.0,2,0,1
109,1,30,33.0,3.0,-25.0,4,3,0.75,1,mobile_app,0.54,5,1,0
52,17,60,50.0,-10.0,-18.0,5,4,0.8,1,mobile_app,0.5,3,0,0
55,1,120,115.0,-5.0,-4.0,5,4,0.8,1,mobile_app,0.85,4,0,0
77,22,60,62.0,2.0,2.0,6,5,0.833,1,mobile_app,0.21,3,0,0
24,59,30,28.0,-2.0,-1.0,4,3,0.75,1,mobile_app,0.27,6,1,0
103,29,60,60.0,0.0,-6.0,3,2,0.667,1,mobile_app,0.61,5,1,1
93,2,60,36.0,-24.0,-3.0,4,2,0.5,1,paper,0.0,1,0,0
76,30,120,131.0,11.0,-2.0,6,3,0.5,1,mobile_app,0.8,4,0,1
37,13,90,90.0,0.0,8.0,6,5,0.833,1,mobile_app,0.09,2,0,0
42,51,60,55.0,-5.0,3.0,6,5,0.833,1,paper,0.0,4,0,0
53,6,120,88.0,-32.0,-6.0,4,3,0.75,1,paper,0.0,3,0,1
80,46,90,95.0,5.0,-0.0,5,4,0.8,1,paper,0.0,1,0,0
94,27,120,125.0,5.0,2.0,4,3,0.75,1,mobile_app,0.25,1,0,0
81,2,60,63.0,3.0,5.0,2,1,0.5,0,paper,0.0,2,0,1
112,40,60,66.0,6.0,9.0,5,4,0.8,1,mobile_app,0.09,3,0,0
116,27,30,38.0,8.0,-0.0,2,1,0.5,1,paper,0.0,5,1,0
85,46,30,31.0,1.0,5.0,5,3,0.6,1,paper,0.0,4,0,0
45,37,90,88.0,-2.0,-7.0,6,5,0.833,1,mobile_app,0.45,5,1,0
72,47,30,28.0,-2.0,-3.0,2,1,0.5,1,mobile_app,0.87,1,0,1
52,28,60,64.0,4.0,-16.0,5,4,0.8,1,paper,0.0,1,0,0
76,1,90,110.0,20.0,2.0,6,5,0.833,1,mobile_app,0.28,0,0,0
98,8,30,29.0,-1.0,7.0,5,4,0.8,1,paper,0.0,0,0,0
45,28,60,73.0,13.0,-19.0,5,4,0.8,1,paper,0.0,1,0,0
61,24,90,94.0,4.0,2.0,6,5,0.833,1,paper,0.0,4,0,0
6,47,120,122.0,2.0,3.0,5,4,0.8,1,mobile_app,0.78,3,0,0
89,25,60,83.0,23.0,4.0,2,1,0.5,1,mobile_app,0.69,3,0,1
59,51,120,127.0,7.0,-4.0,5,4,0.8,1,paper,0.0,5,1,0
56,12,90,110.0,20.0,8.0,5,4,0.8,1,mobile_app,0.07,2,0,0
64,23,90,82.0,-8.0,0.0,3,2,0.667,0,mobile_app,0.05,0,0,1
26,45,60,72.0,12.0,3.0,5,4,0.8,1,mobile_app,0.77,0,0,0
72,8,90,89.0,-1.0,-1.0,6,4,0.667,1,mobile_app,1.22,1,0,1
90,19,90,88.0,-2.0,3.0,6,4,0.667,1,mobile_app,0.88,2,0,0
42,45,60,48.0,-12.0,5.0,6,4,0.667,1,mobile_app,0.08,6,1,0
16,35,120,122.0,2.0,-1.0,5,4,0.8,1,mobile_app,0.91,1,0,0
47,46,120,114.0,-6.0,1.0,2,1,0.5,1,mobile_app,0.95,5,1,1
24,31,60,63.0,3.0,9.0,4,3,0.75,1,mobile_app,0.68,0,0,0
45,51,90,85.0,-5.0,-0.0,3,2,0.667,1,mobile_app,0.06,0,0,0
76,52,60,67.0,7.0,-4.0,2,1,0.5,1,paper,0.0,2,0,1
14,58,90,92.0,2.0,2.0,3,2,0.667,1,mobile_app,0.3,4,0,1
90,8,90,119.0,29.0,15.0,6,5,0.833,0,mobile_app,0.58,5,1,1
27,35,30,22.0,-8.0,8.0,4,3,0.75,1,mobile_app,0.09,5,1,0
108,7,30,50.0,20.0,8.0,5,4,0.8,1,mobile_app,0.93,6,1,0
88,14,60,39.0,-21.0,-23.0,4,3,0.75,1,mobile_app,0.67,3,0,0
33,18,120,122.0,2.0,-6.0,3,2,0.667,1,paper,0.0,1,0,0
68,39,60,56.0,-4.0,-3.0,4,3,0.75,1,paper,0.0,2,0,0
14,26,120,116.0,-4.0,0.0,6,5,0.833,1,mobile_app,0.83,1,0,0
12,52,60,58.0,-2.0,6.0,3,3,1.0,1,mobile_app,0.25,2,0,0
115,18,60,50.0,-10.0,-10.0,3,2,0.667,1,mobile_app,0.8,0,0,0
97,37,120,111.0,-9.0,13.0,6,5,0.833,1,paper,0.0,5,1,0
19,46,60,58.0,-2.0,-2.0,3,2,0.667,1,paper,0.0,6,1,1
34,58,60,60.0,0.0,-2.0,6,4,0.667,1,paper,0.0,0,0,0
24,15,30,43.0,13.0,8.0,6,4,0.667,1,mobile_app,0.09,0,0,1
48,44,30,32.0,2.0,4.0,2,1,0.5,1,paper,0.0,5,1,1
35,6,30,45.0,15.0,7.0,5,4,0.8,1,mobile_app,0.24,6,1,0
40,33,60,48.0,-12.0,-5.0,2,1,0.5,1,mobile_app,1.03,0,0,0
64,25,90,86.0,-4.0,4.0,6,5,0.833,1,mobile_app,0.06,4,0,0
23,57,60,63.0,3.0,-3.0,2,1,0.5,1,mobile_app,0.29,2,0,0
106,46,30,32.0,2.0,-3.0,6,5,0.833,1,mobile_app,0.14,5,1,0
88,55,60,57.0,-3.0,-0.0,5,5,1.0,1,mobile_app,0.42,3,0,0
92,51,60,64.0,4.0,-3.0,4,4,1.0,1,mobile_app,0.44,1,0,0
21,25,120,115.0,-5.0,8.0,3,2,0.667,1,mobile_app,1.32,2,0,1
85,44,60,56.0,-4.0,-3.0,3,3,1.0,1,mobile_app,0.68,4,0,0
101,2,30,37.0,7.0,-3.0,4,3,0.75,1,mobile_app,0.14,1,0,0
22,33,60,60.0,0.0,-6.0,6,4,0.667,1,mobile_app,0.21,0,0,0
91,3,120,113.0,-7.0,12.0,6,4,0.667,1,mobile_app,0.19,3,0,0
43,43,90,87.0,-3.0,-3.0,4,3,0.75,1,mobile_app,0.38,4,0,0
95,58,90,86.0,-4.0,3.0,3,2,0.667,1,paper,0.0,5,1,0
58,41,120,118.0,-2.0,6.0,4,3,0.75,1,mobile_app,0.24,4,0,0
97,50,90,95.0,5.0,-2.0,6,6,1.0,1,paper,0.0,2,0,0
18,14,120,123.0,3.0,0.0,4,3,0.75,1,paper,0.0,5,1,0
47,59,30,33.0,3.0,-1.0,6,5,0.833,1,paper,0.0,3,0,0
33,33,90,94.0,4.0,4.0,2,1,0.5,1,mobile_app,0.4,4,0,0
30,40,120,116.0,-4.0,-1.0,4,3,0.75,1,paper,0.0,6,1,0
37,46,120,111.0,-9.0,-2.0,2,2,1.0,1,mobile_app,0.55,6,1,0
46,38,60,54.0,-6.0,0.0,5,4,0.8,1,paper,0.0,3,0,0
16,19,90,83.0,-7.0,-14.0,5,4,0.8,1,mobile_app,1.02,3,0,0
85,37,60,55.0,-5.0,-0.0,3,2,0.667,1,mobile_app,0.93,6,1,0
67,39,90,96.0,6.0,4.0,5,3,0.6,1,mobile_app,0.46,3,0,0
100,51,60,64.0,4.0,0.0,6,4,0.667,1,paper,0.0,5,1,1
85,29,60,79.0,19.0,7.0,4,3,0.75,1,mobile_app,0.49,0,0,0
18,30,90,84.0,-6.0,-3.0,4,3,0.75,1,mobile_app,0.09,5,1,0
9,30,60,73.0,13.0,-3.0,2,1,0.5,1,mobile_app,1.02,0,0,1
51,7,60,81.0,21.0,-12.0,2,1,0.5,1,paper,0.0,2,0,1
58,6,60,57.0,-3.0,-4.0,4,2,0.5,1,paper,0.0,1,0,0
29,2,90,97.0,7.0,23.0,4,2,0.5,1,mobile_app,0.87,6,1,1
94,40,90,98.0,8.0,1.0,5,4,0.8,1,mobile_app,0.14,0,0,0
70,25,90,89.0,-1.0,-5.0,6,4,0.667,1,mobile_app,1.3,3,0,0
90,52,30,29.0,-1.0,-3.0,2,1,0.5,1,mobile_app,0.41,0,0,1
14,42,90,86.0,-4.0,-8.0,2,1,0.5,1,mobile_app,0.47,0,0,1
98,9,90,60.0,-30.0,-9.0,4,3,0.75,1,mobile_app,1.34,1,0,1
25,6,30,31.0,1.0,8.0,3,2,0.667,0,mobile_app,0.4,0,0,1
54,22,60,53.0,-7.0,-4.0,5,4,0.8,1,paper,0.0,1,0,0
53,55,60,56.0,-4.0,-3.0,3,2,0.667,1,mobile_app,0.35,1,0,1
99,3,60,66.0,6.0,-10.0,4,3,0.75,1,mobile_app,0.84,4,0,0
34,12,30,13.0,-17.0,6.0,4,3,0.75,0,mobile_app,0.38,1,0,1
29,2,60,71.0,11.0,-1.0,5,4,0.8,1,mobile_app,0.97,3,0,0
41,25,30,35.0,5.0,-5.0,2,1,0.5,1,mobile_app,0.18,0,0,1
44,59,30,29.0,-1.0,-1.0,6,5,0.833,1,mobile_app,0.05,6,1,0
22,41,60,60.0,0.0,11.0,3,2,0.667,1,mobile_app,0.51,3,0,1
22,30,90,80.0,-10.0,9.0,3,2,0.667,1,mobile_app,0.33,2,0,1
28,9,60,69.0,9.0,15.0,5,4,0.8,1,mobile_app,0.09,2,0,0
57,21,60,62.0,2.0,-15.0,2,1,0.5,1,mobile_app,0.28,0,0,0
42,31,90,92.0,2.0,-1.0,4,3,0.75,1,mobile_app,0.93,1,0,0
48,17,60,66.0,6.0,-6.0,2,1,0.5,1,mobile_app,0.9,5,1,0
87,42,30,26.0,-4.0,3.0,3,3,1.0,1,mobile_app,0.79,2,0,0
29,58,60,55.0,-5.0,3.0,5,4,0.8,1,mobile_app,1.02,5,1,0
110,13,60,71.0,11.0,3.0,3,2,0.667,1,mobile_app,0.08,1,0,0
91,15,60,68.0,8.0,-8.0,6,4,0.667,1,mobile_app,1.06,2,0,0
21,8,60,53.0,-7.0,-7.0,3,2,0.667,1,mobile_app,0.46,4,0,0
38,43,60,62.0,2.0,3.0,5,4,0.8,1,mobile_app,0.49,0,0,0
23,28,60,71.0,11.0,5.0,2,1,0.5,0,paper,0.0,2,0,1
33,17,120,133.0,13.0,1.0,6,5,0.833,1,paper,0.0,6,1,1
44,13,60,53.0,-7.0,1.0,5,4,0.8,1,mobile_app,0.31,3,0,0
16,5,60,40.0,-20.0,1.0,5,3,0.6,1,mobile_app,0.15,6,1,1
2,29,60,49.0,-11.0,2.0,3,1,0.333,1,mobile_app,0.95,0,0,1
53,41,90,88.0,-2.0,4.0,3,2,0.667,1,mobile_app,0.23,6,1,0
85,14,90,107.0,17.0,6.0,4,2,0.5,1,mobile_app,0.12,6,1,1
37,1,90,80.0,-10.0,0.0,3,2,0.667,1,paper,0.0,2,0,1
104,28,60,55.0,-5.0,-0.0,2,1,0.5,1,mobile_app,0.61,3,0,1
45,40,60,56.0,-4.0,-0.0,5,4,0.8,1,paper,0.0,0,0,1
109,21,90,85.0,-5.0,-7.0,5,3,0.6,1,mobile_app,0.24,1,0,0
29,15,60,60.0,0.0,-8.0,5,4,0.8,1,mobile_app,0.09,2,0,0
65,10,120,104.0,-16.0,6.0,4,2,0.5,1,mobile_app,0.18,2,0,0
92,45,60,66.0,6.0,-3.0,4,3,0.75,1,mobile_app,0.04,4,0,0
8,51,60,59.0,-1.0,3.0,6,6,1.0,1,mobile_app,1.03,6,1,0
112,46,60,73.0,13.0,-0.0,4,3,0.75,1,paper,0.0,0,0,0
44,31,60,50.0,-10.0,6.0,5,4,0.8,1,mobile_app,0.57,5,1,0
60,43,90,99.0,9.0,3.0,4,2,0.5,1,paper,0.0,1,0,0
76,24,60,73.0,13.0,7.0,2,1,0.5,1,paper,0.0,4,0,1
78,2,60,54.0,-6.0,-6.0,3,2,0.667,1,mobile_app,0.18,6,1,0
3,22,90,86.0,-4.0,3.0,5,4,0.8,1,paper,0.0,5,1,0
105,42,120,114.0,-6.0,4.0,5,4,0.8,1,mobile_app,0.6,0,0,0
75,39,90,84.0,-6.0,-9.0,5,4,0.8,1,paper,0.0,4,0,0
120,59,120,120.0,0.0,5.0,5,3,0.6,1,mobile_app,0.06,1,0,1
57,59,120,120.0,0.0,7.0,3,2,0.667,1,mobile_app,0.8,1,0,1
74,15,60,42.0,-18.0,9.0,6,5,0.833,1,mobile_app,1.09,4,0,0
53,1,120,153.0,33.0,10.0,5,4,0.8,1,paper,0.0,4,0,1
107,17,120,117.0,-3.0,5.0,3,2,0.667,1,paper,0.0,6,1,1
100,52,60,60.0,0.0,-1.0,4,3,0.75,1,mobile_app,0.37,1,0,0
110,48,90,87.0,-3.0,-0.0,6,5,0.833,1,mobile_app,0.5,6,1,0
61,6,60,56.0,-4.0,11.0,2,1,0.5,1,mobile_app,0.34,3,0,0
95,10,90,86.0,-4.0,-10.0,3,2,0.667,1,paper,0.0,1,0,1
44,34,30,30.0,0.0,-7.0,2,1,0.5,1,mobile_app,0.67,4,0,1
56,39,90,90.0,0.0,-2.0,3,2,0.667,1,mobile_app,0.51,4,0,1
92,58,60,63.0,3.0,2.0,3,2,0.667,1,mobile_app,0.43,6,1,0
10,45,60,61.0,1.0,-4.0,6,5,0.833,1,paper,0.0,6,1,0
86,13,30,38.0,8.0,-2.0,6,4,0.667,1,paper,0.0,4,0,0
2,3,90,90.0,0.0,-1.0,6,4,0.667,0,mobile_app,0.23,4,0,1
70,38,60,62.0,2.0,-6.0,3,2,0.667,1,mobile_app,0.1,2,0,0
58,33,90,88.0,-2.0,-16.0,6,5,0.833,1,paper,0.0,1,0,0
57,55,60,64.0,4.0,-3.0,2,1,0.5,1,mobile_app,1.18,4,0,1
60,34,30,32.0,2.0,2.0,2,1,0.5,1,mobile_app,0.69,4,0,1
60,30,60,59.0,-1.0,3.0,3,2,0.667,1,paper,0.0,2,0,1
49,18,120,118.0,-2.0,4.0,3,2,0.667,1,mobile_app,0.34,3,0,1
55,6,60,59.0,-1.0,7.0,6,5,0.833,1,paper,0.0,4,0,0
69,52,90,90.0,0.0,-2.0,5,4,0.8,1,mobile_app,0.2,3,0,0
92,49,30,30.0,0.0,-3.0,5,3,0.6,1,mobile_app,0.68,0,0,0
67,10,90,83.0,-7.0,4.0,6,5,0.833,1,paper,0.0,3,0,0
78,42,60,65.0,5.0,-1.0,5,5,1.0,1,mobile_app,0.22,1,0,1
101,22,60,68.0,8.0,8.0,4,3,0.75,1,paper,0.0,0,0,0
119,26,60,76.0,16.0,3.0,2,1,0.5,1,paper,0.0,3,0,0
14,51,30,27.0,-3.0,4.0,2,1,0.5,1,mobile_app,0.71,5,1,0
86,50,60,63.0,3.0,-2.0,6,4,0.667,1,mobile_app,0.4,5,1,1
28,12,60,37.0,-23.0,11.0,4,3,0.75,1,mobile_app,0.82,2,0,0
24,19,60,69.0,9.0,18.0,6,5,0.833,1,paper,0.0,3,0,0
96,49,120,113.0,-7.0,0.0,2,1,0.5,1,paper,0.0,1,0,1
9,55,60,56.0,-4.0,1.0,5,4,0.8,1,mobile_app,0.34,1,0,0
102,5,120,124.0,4.0,-10.0,3,2,0.667,1,mobile_app,0.49,3,0,1
93,50,60,57.0,-3.0,3.0,3,2,0.667,1,mobile_app,0.25,2,0,0
120,29,30,23.0,-7.0,8.0,5,4,0.8,1,mobile_app,0.43,4,0,0
81,35,60,56.0,-4.0,-3.0,4,3,0.75,1,mobile_app,0.26,5,1,0
105,5,60,70.0,10.0,7.0,2,1,0.5,1,paper,0.0,3,0,1
15,41,60,54.0,-6.0,1.0,6,4,0.667,1,mobile_app,0.42,0,0,0
107,40,120,120.0,0.0,2.0,5,4,0.8,1,mobile_app,1.3,5,1,0
20,40,90,88.0,-2.0,4.0,3,2,0.667,1,mobile_app,0.65,3,0,1
38,47,60,64.0,4.0,2.0,5,4,0.8,1,mobile_app,0.28,5,1,0
16,56,60,63.0,3.0,-0.0,2,1,0.5,1,mobile_app,0.7,1,0,0
49,51,60,52.0,-8.0,3.0,4,3,0.75,1,paper,0.0,4,0,1
90,44,90,96.0,6.0,5.0,4,3,0.75,1,mobile_app,0.02,1,0,0
33,58,30,28.0,-2.0,-2.0,3,2,0.667,1,paper,0.0,3,0,1
99,40,60,62.0,2.0,-0.0,4,3,0.75,1,mobile_app,0.15,5,1,0
73,40,60,54.0,-6.0,-9.0,6,5,0.833,1,mobile_app,0.06,3,0,0
76,32,60,63.0,3.0,4.0,2,1,0.5,1,mobile_app,0.37,6,1,0
113,46,90,103.0,13.0,5.0,4,3,0.75,1,mobile_app,0.15,2,0,0
52,5,30,32.0,2.0,-3.0,6,5,0.833,1,mobile_app,0.58,0,0,0
42,30,60,56.0,-4.0,1.0,6,4,0.667,1,mobile_app,0.41,3,0,0
120,26,120,118.0,-2.0,-2.0,6,5,0.833,1,mobile_app,1.3,5,1,0
67,54,120,115.0,-5.0,-1.0,4,3,0.75,1,mobile_app,0.28,3,0,0
74,5,60,79.0,19.0,3.0,4,3,0.75,1,mobile_app,0.9,4,0,1
36,38,60,62.0,2.0,-4.0,4,2,0.5,1,mobile_app,0.63,5,1,1
26,11,90,77.0,-13.0,-2.0,6,3,0.5,1,paper,0.0,1,0,1
21,53,30,26.0,-4.0,-3.0,6,4,0.667,1,mobile_app,0.31,5,1,1
27,51,60,60.0,0.0,2.0,3,2,0.667,1,paper,0.0,6,1,0
24,14,30,41.0,11.0,2.0,2,1,0.5,1,mobile_app,0.42,1,0,1
90,52,60,55.0,-5.0,-1.0,3,2,0.667,1,mobile_app,0.45,1,0,1
7,30,120,129.0,9.0,0.0,3,2,0.667,1,mobile_app,0.1,6,1,0
76,58,90,90.0,0.0,-1.0,3,2,0.667,1,mobile_app,0.11,6,1,1
114,44,120,115.0,-5.0,5.0,6,6,1.0,1,mobile_app,0.66,6,1,0
92,3,90,84.0,-6.0,-5.0,3,2,0.667,1,mobile_app,0.51,6,1,0
49,12,90,111.0,21.0,6.0,4,3,0.75,1,mobile_app,0.93,1,0,0
8,24,90,77.0,-13.0,-6.0,3,2,0.667,1,mobile_app,0.85,3,0,0
101,13,90,81.0,-9.0,8.0,3,2,0.667,1,mobile_app,0.37,6,1,0
1,8,60,72.0,12.0,11.0,2,1,0.5,0,mobile_app,0.31,4,0,1
82,58,60,61.0,1.0,3.0,6,6,1.0,1,paper,0.0,3,0,0
81,52,60,57.0,-3.0,5.0,5,4,0.8,1,mobile_app,0.33,4,0,0
24,26,60,69.0,9.0,2.0,2,1,0.5,1,mobile_app,0.52,1,0,0
89,13,60,72.0,12.0,12.0,5,4,0.8,1,mobile_app,0.74,2,0,0
22,11,30,34.0,4.0,17.0,5,4,0.8,1,mobile_app,1.33,5,1,0
28,55,60,58.0,-2.0,-3.0,3,2,0.667,1,mobile_app,0.07,6,1,1
98,20,60,55.0,-5.0,-5.0,5,4,0.8,1,mobile_app,0.51,0,0,0
118,1,60,64.0,4.0,-18.0,6,5,0.833,1,paper,0.0,2,0,0
32,24,60,47.0,-13.0,8.0,5,3,0.6,1,paper,0.0,4,0,0
111,27,60,72.0,12.0,-11.0,5,4,0.8,1,mobile_app,0.59,3,0,0
110,37,120,132.0,12.0,-10.0,4,3,0.75,1,mobile_app,1.25,5,1,0
93,20,60,58.0,-2.0,-10.0,3,2,0.667,0,mobile_app,0.01,4,0,1
17,55,60,61.0,1.0,-5.0,2,1,0.5,1,mobile_app,0.34,2,0,1
36,38,30,38.0,8.0,2.0,6,3,0.5,1,paper,0.0,5,1,0
82,59,90,97.0,7.0,-3.0,6,6,1.0,1,mobile_app,0.32,2,0,0
120,22,90,106.0,16.0,-14.0,3,2,0.667,1,mobile_app,0.38,2,0,0
98,39,60,49.0,-11.0,-0.0,6,5,0.833,0,mobile_app,1.39,1,0,1
51,22,60,57.0,-3.0,0.0,2,1,0.5,1,paper,0.0,6,1,1
29,42,90,93.0,3.0,-9.0,3,2,0.667,1,mobile_app,0.87,2,0,0
116,44,120,117.0,-3.0,-3.0,2,1,0.5,1,mobile_app,0.96,6,1,0
34,19,60,79.0,19.0,-1.0,3,2,0.667,1,mobile_app,0.0,4,0,0
42,56,30,36.0,6.0,-1.0,3,2,0.667,1,mobile_app,0.28,0,0,1
116,51,30,27.0,-3.0,-1.0,4,3,0.75,0,mobile_app,0.2,5,1,1
68,53,30,29.0,-1.0,4.0,4,3,0.75,1,paper,0.0,1,0,0
32,13,90,81.0,-9.0,21.0,2,1,0.5,1,mobile_app,0.27,6,1,1
1,43,120,119.0,-1.0,-2.0,2,1,0.5,1,mobile_app,0.22,6,1,0
52,7,120,117.0,-3.0,-14.0,6,5,0.833,1,mobile_app,0.26,3,0,0
119,7,90,102.0,12.0,-3.0,4,3,0.75,1,mobile_app,0.12,2,0,0
52,58,60,57.0,-3.0,1.0,6,5,0.833,1,paper,0.0,3,0,0
84,10,120,88.0,-32.0,-1.0,2,1,0.5,1,mobile_app,0.3,5,1,1
31,51,60,53.0,-7.0,2.0,3,3,1.0,1,mobile_app,0.14,2,0,0
94,26,60,51.0,-9.0,17.0,2,1,0.5,1,mobile_app,0.73,0,0,0
94,18,90,83.0,-7.0,-15.0,6,3,0.5,0,mobile_app,0.72,4,0,1
73,5,30,33.0,3.0,-6.0,2,1,0.5,1,mobile_app,0.29,5,1,1
93,40,90,83.0,-7.0,8.0,6,5,0.833,0,paper,0.0,1,0,1
70,43,120,113.0,-7.0,-3.0,2,1,0.5,1,paper,0.0,2,0,1
46,28,90,82.0,-8.0,6.0,5,3,0.6,1,mobile_app,0.26,3,0,0
89,48,90,85.0,-5.0,3.0,4,3,0.75,1,mobile_app,0.49,4,0,0
101,20,60,54.0,-6.0,11.0,6,5,0.833,1,mobile_app,0.55,3,0,0
101,33,30,25.0,-5.0,12.0,2,1,0.5,1,paper,0.0,5,1,1
26,17,90,98.0,8.0,3.0,3,1,0.333,1,mobile_app,0.19,4,0,1
82,35,60,53.0,-7.0,-11.0,5,3,0.6,1,paper,0.0,4,0,0
1,9,120,115.0,-5.0,-7.0,6,5,0.833,1,paper,0.0,0,0,0
69,29,30,25.0,-5.0,16.0,4,3,0.75,1,mobile_app,0.18,6,1,0
69,33,60,66.0,6.0,-9.0,2,1,0.5,1,mobile_app,0.72,3,0,0
44,33,60,59.0,-1.0,3.0,5,3,0.6,1,mobile_app,0.8,2,0,0
120,27,90,99.0,9.0,-19.0,4,3,0.75,1,paper,0.0,5,1,0
106,38,90,82.0,-8.0,-8.0,5,4,0.8,1,mobile_app,0.37,2,0,0
5,31,120,120.0,0.0,6.0,4,3,0.75,1,paper,0.0,5,1,0
26,17,60,54.0,-6.0,0.0,6,4,0.667,1,mobile_app,0.58,5,1,1
25,13,60,46.0,-14.0,-4.0,2,1,0.5,1,mobile_app,0.25,3,0,0
108,39,30,30.0,0.0,-4.0,5,4,0.8,1,mobile_app,0.78,3,0,0
63,56,60,66.0,6.0,-6.0,5,4,0.8,1,mobile_app,0.17,6,1,0
88,45,60,55.0,-5.0,3.0,4,3,0.75,1,paper,0.0,5,1,0
98,38,60,59.0,-1.0,-2.0,4,3,0.75,1,mobile_app,0.31,5,1,0
93,55,60,55.0,-5.0,-5.0,5,4,0.8,1,paper,0.0,4,0,0
11,54,60,55.0,-5.0,0.0,4,3,0.75,1,mobile_app,0.39,5,1,0
17,30,90,83.0,-7.0,4.0,3,2,0.667,1,mobile_app,0.46,5,1,1
48,7,90,84.0,-6.0,-2.0,4,3,0.75,1,mobile_app,0.26,5,1,0
41,38,60,57.0,-3.0,1.0,6,4,0.667,1,mobile_app,0.45,2,0,1
90,37,60,58.0,-2.0,0.0,2,1,0.5,1,mobile_app,0.89,5,1,1
19,17,90,72.0,-18.0,-6.0,6,5,0.833,1,paper,0.0,3,0,1
45,51,90,87.0,-3.0,0.0,3,1,0.333,1,mobile_app,1.08,5,1,1
29,52,90,92.0,2.0,2.0,2,1,0.5,1,mobile_app,0.19,3,0,0
23,20,60,46.0,-14.0,9.0,2,1,0.5,1,mobile_app,0.03,0,0,1
21,29,60,57.0,-3.0,6.0,2,1,0.5,1,paper,0.0,5,1,1
24,12,120,124.0,4.0,-7.0,6,5,0.833,1,paper,0.0,3,0,0
68,11,60,50.0,-10.0,6.0,3,2,0.667,1,mobile_app,0.33,0,0,1
50,16,60,64.0,4.0,4.0,5,3,0.6,1,mobile_app,0.48,5,1,1
53,22,120,105.0,-15.0,-6.0,2,1,0.5,1,mobile_app,0.06,0,0,0
58,17,30,40.0,10.0,-4.0,4,3,0.75,1,paper,0.0,0,0,0
89,9,90,95.0,5.0,7.0,4,3,0.75,1,paper,0.0,4,0,0
104,27,120,121.0,1.0,10.0,5,4,0.8,1,mobile_app,0.25,1,0,0
64,37,60,68.0,8.0,-11.0,6,5,0.833,1,mobile_app,0.03,1,0,0
78,20,90,87.0,-3.0,14.0,5,4,0.8,1,paper,0.0,2,0,0
89,32,60,55.0,-5.0,8.0,5,4,0.8,1,mobile_app,1.48,6,1,0
83,17,120,135.0,15.0,2.0,3,2,0.667,1,mobile_app,0.5,3,0,0
17,42,120,131.0,11.0,-1.0,2,1,0.5,1,mobile_app,0.5,6,1,1
118,39,120,115.0,-5.0,2.0,2,1,0.5,1,mobile_app,1.02,5,1,1
20,57,30,30.0,0.0,-2.0,3,2,0.667,1,mobile_app,0.57,2,0,0
50,4,90,104.0,14.0,-2.0,4,2,0.5,1,mobile_app,0.19,3,0,0
79,51,120,120.0,0.0,-5.0,2,1,0.5,1,paper,0.0,2,0,0
49,21,90,96.0,6.0,-15.0,3,2,0.667,1,mobile_app,0.16,1,0,1
30,4,90,101.0,11.0,26.0,5,2,0.4,1,mobile_app,0.06,3,0,1
111,41,30,27.0,-3.0,0.0,6,5,0.833,1,mobile_app,0.41,5,1,0
9,11,120,125.0,5.0,2.0,6,5,0.833,1,mobile_app,0.77,5,1,0
30,11,30,30.0,0.0,-0.0,3,2,0.667,1,mobile_app,0.6,1,0,0
120,58,60,56.0,-4.0,-2.0,2,1,0.5,1,mobile_app,0.45,1,0,1
88,14,120,109.0,-11.0,-3.0,4,2,0.5,1,paper,0.0,6,1,1
11,33,120,115.0,-5.0,1.0,6,4,0.667,1,mobile_app,0.57,4,0,1
91,12,120,131.0,11.0,-2.0,4,3,0.75,1,mobile_app,0.22,3,0,0
117,8,60,72.0,12.0,-8.0,6,5,0.833,1,mobile_app,0.0,5,1,0
12,1,60,71.0,11.0,6.0,5,4,0.8,1,mobile_app,1.01,0,0,0
50,1,60,66.0,6.0,2.0,6,4,0.667,0,mobile_app,0.22,5,1,1
57,28,30,34.0,4.0,3.0,6,5,0.833,1,mobile_app,2.17,3,0,0
16,26,120,123.0,3.0,5.0,2,1,0.5,0,mobile_app,0.46,3,0,1
25,3,60,66.0,6.0,-2.0,4,3,0.75,1,mobile_app,0.21,4,0,0
21,21,60,65.0,5.0,-1.0,2,1,0.5,1,mobile_app,0.53,1,0,1
23,17,30,15.0,-15.0,14.0,2,1,0.5,1,mobile_app,1.03,6,1,1
49,34,60,54.0,-6.0,-6.0,4,3,0.75,1,paper,0.0,0,0,0
56,59,120,116.0,-4.0,-6.0,5,5,1.0,1,paper,0.0,4,0,1
29,41,90,97.0,7.0,3.0,6,5,0.833,1,paper,0.0,3,0,0
35,55,30,36.0,6.0,-2.0,2,1,0.5,1,mobile_app,0.36,6,1,0
24,12,60,34.0,-26.0,-11.0,2,1,0.5,1,mobile_app,0.48,4,0,1
96,13,60,78.0,18.0,9.0,2,1,0.5,0,mobile_app,1.06,2,0,1
26,45,30,30.0,0.0,-1.0,6,4,0.667,1,mobile_app,0.06,2,0,0
109,19,120,131.0,11.0,-11.0,5,4,0.8,1,paper,0.0,1,0,0
65,51,90,92.0,2.0,7.0,4,3,0.75,1,mobile_app,0.58,0,0,0
97,28,30,43.0,13.0,-12.0,2,1,0.5,1,mobile_app,0.73,3,0,0
77,12,90,93.0,3.0,-1.0,3,2,0.667,1,paper,0.0,0,0,1
32,50,60,54.0,-6.0,-7.0,2,1,0.5,1,mobile_app,0.01,4,0,1
73,33,60,59.0,-1.0,2.0,2,1,0.5,0,mobile_app,0.76,6,1,1
33,48,60,62.0,2.0,-3.0,4,4,1.0,1,mobile_app,0.49,0,0,0
15,27,30,28.0,-2.0,6.0,4,2,0.5,1,mobile_app,0.31,6,1,1
31,8,60,68.0,8.0,-0.0,4,3,0.75,1,mobile_app,1.27,0,0,0
34,41,90,90.0,0.0,7.0,6,5,0.833,1,mobile_app,0.04,3,0,0
17,8,120,112.0,-8.0,-5.0,6,5,0.833,1,paper,0.0,4,0,0
3,40,60,53.0,-7.0,-9.0,2,1,0.5,1,mobile_app,0.14,4,0,0
114,25,90,86.0,-4.0,2.0,3,2,0.667,1,mobile_app,0.11,2,0,1
62,47,60,61.0,1.0,-1.0,4,3,0.75,1,mobile_app,0.45,0,0,0
49,52,60,52.0,-8.0,-6.0,4,3,0.75,1,mobile_app,0.34,5,1,0
112,25,60,53.0,-7.0,-8.0,4,3,0.75,1,mobile_app,0.02,3,0,0
27,53,60,52.0,-8.0,-2.0,5,5,1.0,1,mobile_app,0.14,1,0,0
49,7,60,52.0,-8.0,17.0,2,1,0.5,0,mobile_app,0.09,3,0,1
102,7,120,136.0,16.0,8.0,6,4,0.667,1,mobile_app,0.36,3,0,1
76,59,120,116.0,-4.0,-1.0,3,3,1.0,1,mobile_app,0.61,4,0,1
48,34,60,65.0,5.0,3.0,3,2,0.667,1,mobile_app,0.67,3,0,1
31,27,90,116.0,26.0,-15.0,3,2,0.667,1,mobile_app,0.06,4,0,1
5,10,30,48.0,18.0,-6.0,5,4,0.8,1,paper,0.0,6,1,0
11,18,90,91.0,1.0,4.0,5,4,0.8,1,mobile_app,0.1,6,1,0
20,41,60,65.0,5.0,1.0,5,4,0.8,1,mobile_app,0.8,0,0,0
95,49,30,24.0,-6.0,-2.0,4,3,0.75,1,mobile_app,0.12,4,0,0
77,55,90,84.0,-6.0,-0.0,3,2,0.667,1,paper,0.0,1,0,1
53,25,60,60.0,0.0,3.0,5,3,0.6,1,mobile_app,0.14,0,0,0
94,27,60,64.0,4.0,-0.0,2,1,0.5,1,mobile_app,0.78,0,0,1
20,10,60,74.0,14.0,9.0,3,2,0.667,1,paper,0.0,4,0,1
26,5,30,22.0,-8.0,4.0,5,3,0.6,1,mobile_app,0.28,6,1,1
48,26,30,32.0,2.0,4.0,5,4,0.8,1,paper,0.0,5,1,0
111,35,90,91.0,1.0,11.0,3,2,0.667,1,mobile_app,1.25,0,0,1
74,7,90,88.0,-2.0,9.0,3,2,0.667,1,mobile_app,0.7,1,0,1
103,25,30,29.0,-1.0,14.0,3,2,0.667,1,mobile_app,0.59,5,1,0
30,38,60,54.0,-6.0,-4.0,6,3,0.5,0,mobile_app,1.04,4,0,1
102,48,90,91.0,1.0,-6.0,4,2,0.5,1,mobile_app,0.02,3,0,0
9,56,90,91.0,1.0,-0.0,2,1,0.5,1,mobile_app,0.08,1,0,0
28,21,90,86.0,-4.0,-2.0,2,1,0.5,1,mobile_app,1.02,5,1,0
63,24,60,66.0,6.0,12.0,2,1,0.5,1,paper,0.0,5,1,1
7,52,60,64.0,4.0,-4.0,3,3,1.0,1,paper,0.0,2,0,0
103,41,60,64.0,4.0,-0.0,3,2,0.667,1,mobile_app,0.56,6,1,0
105,17,60,49.0,-11.0,4.0,4,3,0.75,1,mobile_app,0.2,3,0,0
65,41,30,31.0,1.0,1.0,5,4,0.8,1,paper,0.0,0,0,0
37,10,30,19.0,-11.0,-2.0,6,5,0.833,1,mobile_app,1.06,6,1,0
12,27,90,91.0,1.0,3.0,4,2,0.5,1,mobile_app,1.89,1,0,1
75,19,60,50.0,-10.0,10.0,5,4,0.8,1,paper,0.0,0,0,0
65,59,90,95.0,5.0,5.0,5,5,1.0,1,mobile_app,0.46,3,0,0
92,3,60,71.0,11.0,0.0,3,1,0.333,1,mobile_app,0.8,4,0,0
73,51,60,65.0,5.0,-3.0,5,4,0.8,1,paper,0.0,4,0,0
16,17,90,102.0,12.0,14.0,3,2,0.667,1,mobile_app,0.19,6,1,1
15,3,90,86.0,-4.0,-12.0,3,2,0.667,1,mobile_app,0.11,3,0,1
94,39,30,27.0,-3.0,10.0,6,5,0.833,1,paper,0.0,0,0,0
20,41,90,101.0,11.0,7.0,6,5,0.833,1,mobile_app,0.02,3,0,0
113,9,60,58.0,-2.0,16.0,5,4,0.8,1,paper,0.0,5,1,0
13,3,60,41.0,-19.0,8.0,4,3,0.75,1,mobile_app,0.83,0,0,0
88,7,90,103.0,13.0,-23.0,5,4,0.8,1,paper,0.0,1,0,0
118,25,90,91.0,1.0,-8.0,5,4,0.8,1,mobile_app,0.71,4,0,0
53,8,60,79.0,19.0,3.0,2,1,0.5,1,mobile_app,0.13,1,0,1
7,42,120,121.0,1.0,-3.0,3,2,0.667,1,mobile_app,0.24,3,0,0
106,5,90,90.0,0.0,-4.0,2,1,0.5,1,paper,0.0,1,0,1
23,47,90,98.0,8.0,3.0,4,4,1.0,1,paper,0.0,0,0,1
64,52,30,24.0,-6.0,-1.0,3,3,1.0,1,mobile_app,0.15,5,1,0
119,43,60,57.0,-3.0,-6.0,3,1,0.333,1,paper,0.0,5,1,0
90,56,60,57.0,-3.0,3.0,6,4,0.667,1,mobile_app,0.12,0,0,1
6,56,90,82.0,-8.0,2.0,3,3,1.0,1,paper,0.0,3,0,0
99,3,60,72.0,12.0,-3.0,6,5,0.833,1,mobile_app,0.09,2,0,0
20,21,90,84.0,-6.0,6.0,4,3,0.75,1,mobile_app,0.59,2,0,0
90,45,60,65.0,5.0,0.0,2,1,0.5,1,mobile_app,0.01,4,0,1
75,21,90,94.0,4.0,11.0,2,1,0.5,1,paper,0.0,4,0,0
35,44,90,93.0,3.0,1.0,5,4,0.8,1,mobile_app,0.79,0,0,0
51,46,90,88.0,-2.0,6.0,6,6,1.0,1,mobile_app,0.07,6,1,0
15,59,90,87.0,-3.0,-6.0,6,4,0.667,0,mobile_app,0.05,1,0,1
119,20,120,121.0,1.0,4.0,2,1,0.5,1,mobile_app,0.77,3,0,0
29,21,30,39.0,9.0,-3.0,6,5,0.833,1,mobile_app,0.35,1,0,0
38,2,90,89.0,-1.0,-10.0,3,2,0.667,1,mobile_app,0.16,4,0,1
61,17,120,112.0,-8.0,11.0,4,3,0.75,1,paper,0.0,0,0,0
81,17,60,47.0,-13.0,8.0,2,1,0.5,1,paper,0.0,1,0,0
61,27,60,62.0,2.0,-15.0,3,2,0.667,1,mobile_app,1.05,3,0,0
61,25,120,115.0,-5.0,6.0,3,2,0.667,1,mobile_app,0.49,0,0,0
70,51,60,60.0,0.0,2.0,6,4,0.667,1,paper,0.0,3,0,0
103,46,60,59.0,-1.0,-3.0,3,2,0.667,1,mobile_app,0.72,4,0,1
48,43,60,57.0,-3.0,-4.0,3,2,0.667,1,mobile_app,1.13,6,1,1
100,1,60,64.0,4.0,-19.0,3,2,0.667,1,mobile_app,0.63,2,0,0
95,28,60,65.0,5.0,-2.0,3,2,0.667,1,mobile_app,1.14,5,1,1
116,44,60,71.0,11.0,-1.0,4,3,0.75,1,mobile_app,0.2,1,0,0
110,15,120,129.0,9.0,8.0,3,2,0.667,1,mobile_app,0.71,6,1,1
96,26,60,75.0,15.0,2.0,3,2,0.667,1,paper,0.0,6,1,1
30,43,60,55.0,-5.0,-5.0,4,2,0.5,1,mobile_app,0.35,5,1,0
93,47,120,112.0,-8.0,1.0,5,5,1.0,1,mobile_app,0.62,1,0,0
89,51,90,90.0,0.0,-1.0,2,2,1.0,1,mobile_app,0.22,6,1,0
35,26,60,68.0,8.0,-7.0,3,2,0.667,0,mobile_app,0.46,2,0,1
82,24,30,37.0,7.0,-13.0,4,3,0.75,1,mobile_app,0.04,1,0,0
31,23,90,102.0,12.0,5.0,6,5,0.833,1,mobile_app,0.3,2,0,0
63,40,90,74.0,-16.0,2.0,6,5,0.833,1,mobile_app,0.18,1,0,0
96,25,60,72.0,12.0,4.0,6,5,0.833,0,mobile_app,0.49,2,0,1
23,24,60,63.0,3.0,-6.0,4,3,0.75,1,mobile_app,0.1,2,0,0
41,10,90,71.0,-19.0,2.0,2,1,0.5,1,mobile_app,0.16,6,1,0
96,29,90,96.0,6.0,-10.0,6,5,0.833,1,mobile_app,1.13,3,0,0
55,15,60,62.0,2.0,-9.0,5,3,0.6,1,mobile_app,0.3,5,1,0
116,31,120,123.0,3.0,0.0,6,5,0.833,1,paper,0.0,5,1,0
1,53,90,94.0,4.0,1.0,6,5,0.833,1,mobile_app,0.29,6,1,0
87,46,90,92.0,2.0,-7.0,5,4,0.8,1,mobile_app,0.52,3,0,0
98,29,90,77.0,-13.0,-8.0,4,3,0.75,1,paper,0.0,4,0,0
111,58,90,89.0,-1.0,-1.0,5,5,1.0,1,mobile_app,0.02,6,1,0
19,58,60,54.0,-6.0,3.0,5,5,1.0,0,paper,0.0,4,0,1
119,27,60,66.0,6.0,-6.0,6,5,0.833,1,mobile_app,0.57,2,0,0
48,46,90,97.0,7.0,1.0,3,3,1.0,1,mobile_app,0.11,4,0,0
43,21,90,77.0,-13.0,2.0,4,3,0.75,1,mobile_app,0.35,4,0,1
43,52,60,57.0,-3.0,-1.0,4,4,1.0,1,paper,0.0,4,0,0
77,23,30,21.0,-9.0,2.0,3,2,0.667,1,paper,0.0,4,0,1
80,16,90,85.0,-5.0,-13.0,4,3,0.75,1,mobile_app,0.52,3,0,0
57,8,90,95.0,5.0,-7.0,6,5,0.833,0,paper,0.0,1,0,1
9,50,60,58.0,-2.0,5.0,2,1,0.5,1,mobile_app,1.44,2,0,1
119,18,60,67.0,7.0,14.0,4,3,0.75,1,mobile_app,0.0,5,1,0
27,48,60,65.0,5.0,3.0,5,3,0.6,1,mobile_app,0.45,6,1,1
12,6,120,135.0,15.0,12.0,6,5,0.833,1,mobile_app,0.85,4,0,0
72,30,120,111.0,-9.0,-13.0,3,2,0.667,1,mobile_app,0.3,5,1,1
50,26,60,73.0,13.0,-7.0,3,2,0.667,1,mobile_app,0.34,1,0,1
74,26,60,73.0,13.0,-2.0,2,1,0.5,1,mobile_app,0.31,5,1,0
106,10,90,109.0,19.0,25.0,3,2,0.667,1,mobile_app,0.22,2,0,1
12,5,60,58.0,-2.0,-3.0,6,4,0.667,1,mobile_app,0.13,4,0,1
35,21,120,112.0,-8.0,6.0,5,3,0.6,1,mobile_app,0.7,4,0,0
62,28,30,21.0,-9.0,3.0,4,3,0.75,1,mobile_app,0.64,5,1,0
95,47,30,24.0,-6.0,1.0,5,4,0.8,0,mobile_app,0.28,5,1,1
73,28,60,60.0,0.0,-0.0,6,4,0.667,1,mobile_app,0.57,4,0,0
46,15,60,70.0,10.0,-11.0,4,3,0.75,1,mobile_app,0.24,2,0,0
74,16,90,105.0,15.0,-25.0,3,1,0.333,1,mobile_app,0.82,5,1,0
118,37,90,87.0,-3.0,7.0,6,5,0.833,1,paper,0.0,5,1,0
58,26,30,30.0,0.0,-5.0,6,5,0.833,1,paper,0.0,0,0,0
107,54,60,60.0,0.0,-6.0,4,4,1.0,1,mobile_app,0.04,1,0,0
94,26,90,84.0,-6.0,3.0,2,1,0.5,1,mobile_app,0.15,1,0,1
37,34,90,96.0,6.0,3.0,2,1,0.5,1,mobile_app,0.24,2,0,1
30,4,60,65.0,5.0,9.0,2,1,0.5,1,mobile_app,0.38,4,0,1
93,12,60,62.0,2.0,11.0,5,3,0.6,1,mobile_app,0.47,0,0,0
25,51,60,62.0,2.0,-3.0,2,1,0.5,1,mobile_app,0.54,1,0,0
41,21,60,66.0,6.0,-7.0,2,1,0.5,1,paper,0.0,3,0,0
29,25,90,96.0,6.0,-2.0,5,4,0.8,1,paper,0.0,1,0,0
73,35,60,54.0,-6.0,5.0,4,3,0.75,1,mobile_app,1.09,1,0,0
36,4,60,72.0,12.0,-24.0,4,3,0.75,1,mobile_app,0.2,3,0,0
80,30,90,92.0,2.0,1.0,2,1,0.5,1,mobile_app,0.25,4,0,0
113,21,60,56.0,-4.0,8.0,3,2,0.667,1,mobile_app,1.29,2,0,1
100,9,60,63.0,3.0,9.0,3,2,0.667,1,paper,0.0,6,1,1
114,25,60,63.0,3.0,6.0,5,4,0.8,1,mobile_app,0.49,2,0,0
3,27,120,130.0,10.0,8.0,6,5,0.833,0,mobile_app,0.26,6,1,1
55,11,90,77.0,-13.0,-28.0,6,4,0.667,1,mobile_app,0.34,3,0,1
27,33,60,70.0,10.0,10.0,2,1,0.5,1,mobile_app,0.13,2,0,0
111,45,90,90.0,0.0,1.0,5,5,1.0,1,mobile_app,0.46,0,0,0
86,16,60,54.0,-6.0,12.0,5,4,0.8,1,mobile_app,0.44,5,1,0
39,58,60,58.0,-2.0,-4.0,2,2,1.0,1,mobile_app,0.86,3,0,0
68,37,60,53.0,-7.0,-10.0,5,4,0.8,1,paper,0.0,6,1,1
73,46,60,51.0,-9.0,8.0,4,2,0.5,1,mobile_app,0.53,6,1,0
60,5,60,69.0,9.0,-10.0,2,1,0.5,1,mobile_app,0.26,3,0,1
57,46,120,130.0,10.0,-1.0,5,4,0.8,1,mobile_app,0.33,1,0,0
7,20,60,43.0,-17.0,5.0,6,4,0.667,1,mobile_app,0.27,2,0,0
55,42,90,84.0,-6.0,4.0,4,3,0.75,1,mobile_app,0.88,0,0,0
42,48,90,94.0,4.0,4.0,3,2,0.667,1,mobile_app,0.39,1,0,0
99,15,60,59.0,-1.0,2.0,4,3,0.75,1,mobile_app,0.51,2,0,0
104,16,30,39.0,9.0,-10.0,4,3,0.75,1,mobile_app,0.32,1,0,0
91,4,60,59.0,-1.0,8.0,6,5,0.833,1,mobile_app,0.72,5,1,1
4,36,60,56.0,-4.0,4.0,5,4,0.8,0,mobile_app,0.77,5,1,1
101,46,60,59.0,-1.0,-8.0,5,3,0.6,1,paper,0.0,1,0,0
48,25,120,98.0,-22.0,11.0,5,4,0.8,1,paper,0.0,1,0,0
50,10,120,106.0,-14.0,-26.0,5,4,0.8,1,paper,0.0,5,1,1
114,19,30,40.0,10.0,9.0,3,2,0.667,1,mobile_app,0.55,1,0,1
105,24,60,71.0,11.0,-5.0,2,1,0.5,1,mobile_app,0.55,1,0,1
7,55,60,65.0,5.0,2.0,6,6,1.0,1,mobile_app,0.23,5,1,0
44,8,120,126.0,6.0,5.0,4,2,0.5,1,paper,0.0,2,0,1
90,21,60,37.0,-23.0,-0.0,6,5,0.833,1,mobile_app,0.58,5,1,0
65,38,60,56.0,-4.0,3.0,5,4,0.8,1,paper,0.0,3,0,0
31,14,90,105.0,15.0,-1.0,4,2,0.5,1,mobile_app,0.16,1,0,0
63,53,60,66.0,6.0,2.0,5,5,1.0,1,paper,0.0,1,0,0
104,54,60,65.0,5.0,7.0,5,4,0.8,1,paper,0.0,4,0,0
27,23,90,88.0,-2.0,-11.0,6,3,0.5,1,mobile_app,0.54,3,0,0
90,45,30,23.0,-7.0,-14.0,3,2,0.667,1,mobile_app,0.04,3,0,1
89,45,30,30.0,0.0,-2.0,3,2,0.667,1,mobile_app,1.48,4,0,0
107,41,30,30.0,0.0,-3.0,3,2,0.667,1,mobile_app,0.12,1,0,1
36,12,60,79.0,19.0,-4.0,2,1,0.5,0,mobile_app,0.18,6,1,1
26,3,120,123.0,3.0,-11.0,4,3,0.75,1,mobile_app,0.1,3,0,1
66,21,60,60.0,0.0,7.0,4,3,0.75,1,mobile_app,0.25,6,1,0
64,8,90,91.0,1.0,-15.0,2,1,0.5,1,paper,0.0,5,1,1
50,18,60,64.0,4.0,4.0,6,4,0.667,0,mobile_app,0.76,4,0,1
94,38,90,94.0,4.0,4.0,5,4,0.8,1,paper,0.0,0,0,0
96,35,120,115.0,-5.0,2.0,3,2,0.667,1,mobile_app,0.81,5,1,0
30,13,60,48.0,-12.0,5.0,2,1,0.5,1,paper,0.0,0,0,1
96,2,120,139.0,19.0,11.0,5,4,0.8,1,mobile_app,0.59,5,1,0
28,14,90,71.0,-19.0,1.0,2,1,0.5,1,mobile_app,0.46,6,1,1
49,27,90,105.0,15.0,-3.0,2,1,0.5,1,paper,0.0,3,0,1
4,46,60,50.0,-10.0,2.0,4,3,0.75,1,mobile_app,0.29,6,1,0
41,22,90,84.0,-6.0,5.0,6,4,0.667,1,paper,0.0,4,0,1
116,17,60,71.0,11.0,8.0,2,1,0.5,1,mobile_app,1.35,3,0,1
54,33,120,120.0,0.0,-11.0,4,2,0.5,1,mobile_app,0.84,3,0,1
86,5,120,102.0,-18.0,-2.0,4,3,0.75,1,mobile_app,0.38,1,0,0
13,14,60,65.0,5.0,-10.0,3,2,0.667,1,mobile_app,0.32,0,0,0
77,3,120,121.0,1.0,6.0,4,3,0.75,1,mobile_app,0.16,0,0,0
45,32,120,118.0,-2.0,5.0,5,4,0.8,1,mobile_app,0.18,6,1,0
90,27,60,54.0,-6.0,-2.0,2,1,0.5,1,mobile_app,0.21,1,0,0
112,35,30,30.0,0.0,-4.0,6,5,0.833,1,mobile_app,0.42,4,0,0
64,37,60,56.0,-4.0,3.0,3,2,0.667,1,mobile_app,0.82,1,0,0
13,24,30,53.0,23.0,-1.0,3,2,0.667,1,mobile_app,1.16,2,0,0
58,52,30,29.0,-1.0,5.0,2,1,0.5,1,mobile_app,0.02,4,0,1
15,55,120,119.0,-1.0,5.0,4,3,0.75,1,mobile_app,0.25,6,1,0
54,7,60,53.0,-7.0,11.0,4,2,0.5,1,mobile_app,0.51,0,0,0
8,55,90,96.0,6.0,1.0,2,1,0.5,1,paper,0.0,3,0,1
77,12,90,70.0,-20.0,18.0,3,2,0.667,1,mobile_app,0.62,0,0,0
38,15,90,94.0,4.0,2.0,5,4,0.8,1,mobile_app,0.04,1,0,0
25,32,60,58.0,-2.0,-3.0,5,3,0.6,1,paper,0.0,4,0,1
3,2,60,40.0,-20.0,-8.0,3,2,0.667,1,paper,0.0,0,0,1
107,22,90,82.0,-8.0,-6.0,5,3,0.6,1,mobile_app,0.06,1,0,1
101,12,60,64.0,4.0,-0.0,5,4,0.8,1,paper,0.0,3,0,0
98,29,60,53.0,-7.0,3.0,3,2,0.667,1,mobile_app,0.23,1,0,0
7,49,90,91.0,1.0,-5.0,2,1,0.5,1,mobile_app,0.11,2,0,0
42,55,30,36.0,6.0,-1.0,2,1,0.5,1,mobile_app,0.7,4,0,0
117,13,60,62.0,2.0,2.0,6,4,0.667,1,mobile_app,0.02,6,1,0
70,33,60,49.0,-11.0,4.0,3,2,0.667,1,mobile_app,0.45,0,0,1
16,28,60,53.0,-7.0,-0.0,6,5,0.833,1,mobile_app,0.4,3,0,0
17,25,90,87.0,-3.0,2.0,3,2,0.667,1,mobile_app,0.79,4,0,0
32,38,60,58.0,-2.0,-7.0,5,3,0.6,1,mobile_app,0.85,3,0,0
117,59,120,121.0,1.0,-3.0,3,2,0.667,1,paper,0.0,0,0,1
21,24,120,123.0,3.0,-0.0,5,4,0.8,1,mobile_app,0.11,5,1,0
109,4,60,84.0,24.0,6.0,6,4,0.667,1,mobile_app,0.21,1,0,1
82,55,60,60.0,0.0,1.0,5,4,0.8,1,mobile_app,0.34,0,0,0
111,55,30,26.0,-4.0,-3.0,2,1,0.5,1,paper,0.0,3,0,1
100,20,120,132.0,12.0,-2.0,4,2,0.5,1,mobile_app,0.79,1,0,1
40,30,90,101.0,11.0,11.0,3,2,0.667,1,mobile_app,0.62,4,0,0
100,51,30,31.0,1.0,2.0,3,3,1.0,1,mobile_app,0.33,3,0,0
21,30,60,58.0,-2.0,-1.0,6,3,0.5,1,mobile_app,0.14,1,0,1
35,29,30,35.0,5.0,-7.0,6,4,0.667,1,mobile_app,0.21,6,1,0
26,55,60,59.0,-1.0,-2.0,6,4,0.667,1,mobile_app,0.1,6,1,1
16,49,60,51.0,-9.0,0.0,6,5,0.833,1,mobile_app,0.44,2,0,0
11,30,30,35.0,5.0,2.0,4,3,0.75,1,mobile_app,0.16,6,1,0
23,10,90,101.0,11.0,6.0,4,3,0.75,1,paper,0.0,2,0,0
15,26,60,73.0,13.0,3.0,4,3,0.75,1,mobile_app,0.32,3,0,0
46,40,60,55.0,-5.0,-2.0,5,4,0.8,1,mobile_app,0.04,3,0,0
9,17,90,92.0,2.0,-5.0,2,1,0.5,1,mobile_app,1.5,1,0,1
8,32,120,122.0,2.0,14.0,6,5,0.833,1,mobile_app,0.0,4,0,0
119,39,60,61.0,1.0,-3.0,6,5,0.833,1,mobile_app,0.02,0,0,0
11,6,120,122.0,2.0,-14.0,6,5,0.833,1,mobile_app,0.5,4,0,0
9,34,60,60.0,0.0,-10.0,4,3,0.75,1,mobile_app,1.03,6,1,0
4,44,120,121.0,1.0,-2.0,4,3,0.75,1,paper,0.0,2,0,0
16,13,60,69.0,9.0,9.0,4,3,0.75,1,mobile_app,1.22,0,0,0
64,33,90,100.0,10.0,-4.0,5,4,0.8,1,mobile_app,0.44,4,0,0
100,42,30,25.0,-5.0,7.0,3,2,0.667,1,mobile_app,0.56,2,0,1
89,3,120,118.0,-2.0,-0.0,5,4,0.8,1,mobile_app,0.03,5,1,0
70,39,120,117.0,-3.0,6.0,4,3,0.75,1,mobile_app,0.34,2,0,0
11,16,60,54.0,-6.0,-7.0,3,2,0.667,1,paper,0.0,0,0,0
93,24,60,44.0,-16.0,-6.0,5,4,0.8,1,mobile_app,0.8,1,0,0
5,39,60,60.0,0.0,1.0,3,2,0.667,1,mobile_app,0.11,5,1,0
76,1,60,67.0,7.0,6.0,2,1,0.5,1,mobile_app,0.01,0,0,0
50,1,90,88.0,-2.0,-2.0,4,3,0.75,1,paper,0.0,6,1,0
106,27,90,90.0,0.0,2.0,4,3,0.75,1,mobile_app,0.13,1,0,0
37,57,60,62.0,2.0,2.0,3,2,0.667,1,paper,0.0,1,0,1
77,1,30,50.0,20.0,-17.0,2,1,0.5,1,mobile_app,1.62,5,1,1
53,47,120,118.0,-2.0,-1.0,4,3,0.75,1,mobile_app,1.12,6,1,0
63,5,30,14.0,-16.0,-6.0,5,4,0.8,1,mobile_app,0.13,1,0,0
113,29,90,89.0,-1.0,-3.0,6,5,0.833,1,mobile_app,0.64,6,1,0
86,26,30,47.0,17.0,3.0,3,2,0.667,1,paper,0.0,5,1,1
50,28,30,20.0,-10.0,-4.0,4,3,0.75,1,mobile_app,0.31,0,0,0
54,5,30,39.0,9.0,-22.0,6,5,0.833,1,mobile_app,0.42,2,0,0
85,45,60,66.0,6.0,-1.0,3,3,1.0,1,paper,0.0,1,0,0
42,17,90,64.0,-26.0,-10.0,4,3,0.75,1,paper,0.0,0,0,0
21,46,60,62.0,2.0,2.0,5,4,0.8,1,mobile_app,0.14,6,1,0
57,39,90,94.0,4.0,4.0,4,3,0.75,1,mobile_app,0.94,5,1,0
9,33,90,88.0,-2.0,-14.0,6,3,0.5,1,mobile_app,0.06,6,1,1
21,19,30,23.0,-7.0,-7.0,3,2,0.667,1,mobile_app,1.15,4,0,0
51,39,30,26.0,-4.0,2.0,4,3,0.75,1,mobile_app,0.63,5,1,0
96,59,90,89.0,-1.0,-4.0,4,3,0.75,1,mobile_app,0.07,4,0,0
94,55,90,89.0,-1.0,2.0,5,3,0.6,1,mobile_app,0.15,0,0,0
32,55,60,58.0,-2.0,3.0,3,2,0.667,1,paper,0.0,1,0,0
51,13,60,56.0,-4.0,-2.0,3,2,0.667,1,mobile_app,0.48,6,1,0
19,35,90,99.0,9.0,-5.0,3,2,0.667,1,mobile_app,0.36,4,0,0
91,24,30,18.0,-12.0,-18.0,3,2,0.667,1,paper,0.0,2,0,0
30,58,90,84.0,-6.0,2.0,2,1,0.5,1,mobile_app,0.03,5,1,0
96,57,30,34.0,4.0,6.0,6,6,1.0,1,mobile_app,0.66,3,0,0
102,52,90,89.0,-1.0,6.0,3,3,1.0,1,mobile_app,0.15,6,1,0
83,10,60,55.0,-5.0,-2.0,3,2,0.667,1,mobile_app,0.14,3,0,1
40,19,90,89.0,-1.0,-10.0,6,5,0.833,1,mobile_app,0.07,4,0,0
115,42,30,31.0,1.0,4.0,5,4,0.8,1,paper,0.0,6,1,0
83,45,60,57.0,-3.0,-1.0,3,2,0.667,1,mobile_app,0.4,3,0,0
78,21,30,35.0,5.0,4.0,3,2,0.667,1,mobile_app,0.79,6,1,1
103,9,90,78.0,-12.0,3.0,6,4,0.667,1,mobile_app,0.27,5,1,1
106,9,30,26.0,-4.0,1.0,3,2,0.667,1,mobile_app,0.38,0,0,0
10,41,30,16.0,-14.0,5.0,6,5,0.833,1,mobile_app,0.28,0,0,0
106,27,90,101.0,11.0,8.0,5,4,0.8,1,paper,0.0,0,0,0
92,29,30,28.0,-2.0,-4.0,5,3,0.6,1,mobile_app,0.77,2,0,1
25,49,60,63.0,3.0,-4.0,4,2,0.5,1,mobile_app,0.39,5,1,1
37,1,90,97.0,7.0,-30.0,2,1,0.5,1,mobile_app,0.19,5,1,1
91,45,90,93.0,3.0,-2.0,6,6,1.0,1,mobile_app,0.53,5,1,0
26,17,120,120.0,0.0,-10.0,4,3,0.75,1,mobile_app,0.01,2,0,0
55,55,60,61.0,1.0,1.0,2,2,1.0,1,paper,0.0,0,0,1
83,57,60,57.0,-3.0,-1.0,6,5,0.833,1,paper,0.0,0,0,0
79,30,90,80.0,-10.0,-2.0,3,2,0.667,1,paper,0.0,0,0,1
110,19,30,29.0,-1.0,7.0,3,2,0.667,0,mobile_app,0.55,0,0,1
14,14,90,82.0,-8.0,4.0,5,4,0.8,1,paper,0.0,6,1,0
36,11,30,47.0,17.0,-1.0,3,2,0.667,1,mobile_app,0.12,1,0,0
119,59,120,121.0,1.0,5.0,2,1,0.5,1,mobile_app,0.06,2,0,1
69,12,90,81.0,-9.0,7.0,3,2,0.667,1,mobile_app,0.15,5,1,1
30,27,60,58.0,-2.0,-3.0,5,4,0.8,1,paper,0.0,1,0,1
35,29,60,61.0,1.0,-3.0,4,3,0.75,1,paper,0.0,5,1,0
41,41,60,60.0,0.0,4.0,5,3,0.6,1,mobile_app,0.66,3,0,1
67,50,60,61.0,1.0,1.0,2,2,1.0,1,mobile_app,0.66,5,1,0
35,33,90,91.0,1.0,-7.0,3,2,0.667,1,mobile_app,1.01,2,0,0
75,45,60,52.0,-8.0,4.0,3,2,0.667,1,mobile_app,0.01,6,1,1
54,34,60,44.0,-16.0,8.0,2,1,0.5,1,paper,0.0,5,1,0
74,26,60,57.0,-3.0,9.0,5,4,0.8,1,mobile_app,0.03,2,0,0
19,10,90,97.0,7.0,16.0,3,2,0.667,1,mobile_app,0.4,4,0,0
75,13,60,56.0,-4.0,20.0,4,3,0.75,1,mobile_app,0.22,5,1,0
111,26,60,71.0,11.0,13.0,6,5,0.833,1,mobile_app,0.39,6,1,0
17,3,120,119.0,-1.0,4.0,3,2,0.667,1,paper,0.0,2,0,1
40,19,60,74.0,14.0,-2.0,2,1,0.5,1,paper,0.0,6,1,1
84,28,60,70.0,10.0,-13.0,6,5,0.833,1,mobile_app,1.22,5,1,0
75,28,120,129.0,9.0,0.0,3,2,0.667,0,mobile_app,0.09,3,0,1
81,49,60,54.0,-6.0,2.0,3,2,0.667,1,mobile_app,0.14,4,0,1
68,58,120,120.0,0.0,0.0,5,5,1.0,1,paper,0.0,3,0,0
82,44,90,97.0,7.0,-9.0,2,1,0.5,1,paper,0.0,6,1,1
74,5,90,94.0,4.0,-3.0,3,2,0.667,1,mobile_app,0.19,0,0,0
9,25,60,65.0,5.0,5.0,2,1,0.5,1,mobile_app,0.25,5,1,0
91,44,30,22.0,-8.0,-5.0,6,5,0.833,1,mobile_app,0.48,5,1,0
54,36,60,74.0,14.0,1.0,3,2,0.667,1,paper,0.0,0,0,1
7,28,30,23.0,-7.0,3.0,4,3,0.75,1,mobile_app,0.52,3,0,0
50,26,30,12.0,-18.0,9.0,4,3,0.75,1,mobile_app,0.91,4,0,0
53,24,60,57.0,-3.0,14.0,4,3,0.75,1,paper,0.0,5,1,0
11,35,90,72.0,-18.0,-2.0,2,1,0.5,1,mobile_app,0.58,0,0,1
120,11,60,47.0,-13.0,2.0,3,2,0.667,1,mobile_app,0.29,1,0,1
27,31,90,111.0,21.0,1.0,6,5,0.833,1,mobile_app,1.63,3,0,0
40,13,120,116.0,-4.0,6.0,4,3,0.75,0,mobile_app,0.57,4,0,1
53,41,90,81.0,-9.0,3.0,6,5,0.833,1,mobile_app,0.22,1,0,0
100,52,90,90.0,0.0,5.0,4,4,1.0,0,mobile_app,0.69,5,1,1
90,30,90,82.0,-8.0,-16.0,3,2,0.667,1,paper,0.0,3,0,1
93,23,60,68.0,8.0,3.0,3,2,0.667,1,mobile_app,0.09,2,0,0
29,56,60,57.0,-3.0,1.0,5,5,1.0,1,paper,0.0,5,1,0
102,39,120,122.0,2.0,-1.0,3,2,0.667,1,mobile_app,0.95,3,0,1
100,26,90,79.0,-11.0,-17.0,4,3,0.75,1,mobile_app,0.69,2,0,0
56,2,90,126.0,36.0,-1.0,6,5,0.833,1,mobile_app,0.57,3,0,1
66,1,120,127.0,7.0,-8.0,6,5,0.833,1,mobile_app,0.49,1,0,0
5,14,60,58.0,-2.0,16.0,3,2,0.667,1,paper,0.0,5,1,1
92,14,60,57.0,-3.0,4.0,3,2,0.667,1,mobile_app,0.74,2,0,1
116,43,90,87.0,-3.0,-4.0,5,4,0.8,1,mobile_app,0.43,2,0,0
57,30,30,24.0,-6.0,-14.0,5,4,0.8,1,mobile_app,0.75,1,0,0
65,59,60,57.0,-3.0,2.0,5,3,0.6,1,paper,0.0,2,0,1
60,32,90,103.0,13.0,5.0,2,1,0.5,1,mobile_app,0.53,1,0,0
10,54,90,88.0,-2.0,-1.0,4,2,0.5,1,mobile_app,0.77,0,0,0
75,33,60,43.0,-17.0,4.0,2,1,0.5,1,mobile_app,0.08,4,0,0
87,22,90,78.0,-12.0,-3.0,6,4,0.667,1,paper,0.0,2,0,1
112,43,30,35.0,5.0,5.0,6,5,0.833,1,mobile_app,0.3,4,0,0
112,27,120,118.0,-2.0,7.0,5,4,0.8,1,mobile_app,1.05,1,0,0
60,17,30,29.0,-1.0,-15.0,3,2,0.667,1,mobile_app,0.01,3,0,0
116,28,120,130.0,10.0,-10.0,5,3,0.6,1,mobile_app,0.3,1,0,0
64,40,60,55.0,-5.0,11.0,4,3,0.75,1,mobile_app,0.51,1,0,0
78,23,60,66.0,6.0,8.0,5,3,0.6,1,mobile_app,0.35,6,1,0
73,42,60,56.0,-4.0,-6.0,3,2,0.667,1,mobile_app,0.59,3,0,0
120,58,60,62.0,2.0,-5.0,4,3,0.75,1,mobile_app,0.0,0,0,0
89,25,60,56.0,-4.0,2.0,6,5,0.833,1,mobile_app,1.09,6,1,1
15,18,90,87.0,-3.0,-10.0,2,1,0.5,0,mobile_app,0.02,5,1,1
9,24,90,98.0,8.0,-3.0,3,2,0.667,1,mobile_app,0.19,2,0,0
50,50,60,63.0,3.0,-0.0,3,2,0.667,1,mobile_app,0.27,1,0,0
62,11,90,88.0,-2.0,-1.0,2,1,0.5,1,mobile_app,0.6,2,0,0
81,58,120,118.0,-2.0,3.0,3,2,0.667,0,paper,0.0,5,1,1
58,25,90,105.0,15.0,14.0,5,4,0.8,1,mobile_app,0.15,3,0,0
62,50,60,63.0,3.0,-2.0,2,1,0.5,1,mobile_app,0.75,1,0,1
111,47,30,28.0,-2.0,-5.0,3,3,1.0,1,mobile_app,0.06,1,0,0
41,47,120,117.0,-3.0,2.0,6,4,0.667,1,mobile_app,0.33,6,1,0
60,54,60,64.0,4.0,5.0,3,2,0.667,1,mobile_app,0.58,1,0,0
67,11,60,61.0,1.0,-4.0,3,2,0.667,1,paper,0.0,4,0,0
57,36,90,89.0,-1.0,5.0,5,4,0.8,1,mobile_app,0.11,4,0,0
117,6,60,62.0,2.0,-9.0,5,4,0.8,1,mobile_app,0.48,1,0,0
116,18,90,94.0,4.0,0.0,6,4,0.667,1,paper,0.0,1,0,1
62,3,30,29.0,-1.0,-13.0,2,1,0.5,1,mobile_app,0.56,2,0,0
55,41,90,97.0,7.0,0.0,5,4,0.8,1,mobile_app,0.09,4,0,0
71,36,120,129.0,9.0,-1.0,5,4,0.8,1,mobile_app,0.67,5,1,0
22,44,120,123.0,3.0,3.0,2,2,1.0,1,mobile_app,1.14,2,0,0
52,11,120,137.0,17.0,18.0,6,4,0.667,0,paper,0.0,1,0,1
27,20,120,120.0,0.0,-3.0,3,2,0.667,1,mobile_app,0.98,2,0,0
18,40,60,64.0,4.0,-11.0,4,3,0.75,1,mobile_app,0.22,5,1,0
12,49,120,125.0,5.0,-1.0,5,4,0.8,1,mobile_app,0.01,3,0,1
71,53,120,124.0,4.0,1.0,4,4,1.0,1,mobile_app,1.02,4,0,0
1,5,60,72.0,12.0,2.0,3,2,0.667,1,mobile_app,0.25,1,0,1
78,24,60,66.0,6.0,-1.0,3,2,0.667,1,mobile_app,0.16,4,0,0
52,1,30,58.0,28.0,18.0,5,3,0.6,0,mobile_app,0.39,2,0,1
44,49,60,58.0,-2.0,1.0,2,1,0.5,1,paper,0.0,6,1,1
93,8,90,88.0,-2.0,-1.0,4,3,0.75,1,mobile_app,0.19,3,0,0
65,49,60,59.0,-1.0,-3.0,5,3,0.6,1,mobile_app,0.41,1,0,0
89,10,60,55.0,-5.0,-18.0,6,4,0.667,1,paper,0.0,4,0,1
86,1,60,32.0,-28.0,4.0,6,5,0.833,1,paper,0.0,0,0,0
4,52,30,35.0,5.0,1.0,3,2,0.667,1,mobile_app,0.3,5,1,1
26,26,120,111.0,-9.0,-8.0,2,1,0.5,1,paper,0.0,2,0,0
69,26,60,62.0,2.0,-0.0,6,5,0.833,1,mobile_app,0.75,5,1,0
118,39,30,21.0,-9.0,-1.0,4,3,0.75,1,paper,0.0,6,1,0
19,17,30,37.0,7.0,-6.0,4,3,0.75,1,paper,0.0,3,0,0
13,41,120,115.0,-5.0,-4.0,6,5,0.833,1,mobile_app,1.45,0,0,0
113,26,120,110.0,-10.0,3.0,5,4,0.8,1,mobile_app,0.86,0,0,0
117,17,30,32.0,2.0,-2.0,4,3,0.75,1,mobile_app,0.54,2,0,0
21,24,60,53.0,-7.0,-5.0,2,1,0.5,1,mobile_app,1.25,1,0,1
49,1,60,52.0,-8.0,-10.0,2,1,0.5,1,mobile_app,0.08,4,0,0
76,18,60,62.0,2.0,-1.0,4,2,0.5,1,paper,0.0,0,0,0
24,35,90,96.0,6.0,6.0,2,1,0.5,1,mobile_app,0.2,4,0,1
40,9,30,20.0,-10.0,2.0,3,2,0.667,1,mobile_app,0.99,1,0,0
48,7,60,47.0,-13.0,-3.0,5,4,0.8,1,mobile_app,0.97,0,0,0
77,39,60,60.0,0.0,2.0,2,1,0.5,1,mobile_app,0.74,0,0,0
37,26,60,65.0,5.0,10.0,6,5,0.833,1,mobile_app,0.89,5,1,0
50,9,60,78.0,18.0,5.0,4,2,0.5,1,paper,0.0,5,1,1
35,45,60,54.0,-6.0,1.0,6,5,0.833,1,mobile_app,0.65,6,1,0
92,46,60,58.0,-2.0,3.0,2,1,0.5,1,mobile_app,0.08,3,0,1
19,3,30,46.0,16.0,-2.0,4,3,0.75,1,mobile_app,0.43,4,0,0
28,12,30,54.0,24.0,2.0,6,3,0.5,1,mobile_app,0.46,0,0,1
30,22,120,110.0,-10.0,-4.0,5,4,0.8,1,mobile_app,0.56,0,0,0
109,44,60,56.0,-4.0,-7.0,6,4,0.667,1,mobile_app,0.55,4,0,0
114,5,60,65.0,5.0,4.0,5,4,0.8,1,mobile_app,0.56,3,0,1
61,48,30,27.0,-3.0,1.0,5,4,0.8,1,mobile_app,0.14,5,1,0
19,19,90,82.0,-8.0,-3.0,3,2,0.667,1,mobile_app,0.38,3,0,0
91,8,120,123.0,3.0,11.0,4,3,0.75,1,paper,0.0,0,0,0
60,51,90,97.0,7.0,-3.0,2,2,1.0,1,paper,0.0,4,0,0
102,6,90,73.0,-17.0,-19.0,3,2,0.667,1,mobile_app,0.45,0,0,1
44,8,90,109.0,19.0,-7.0,2,1,0.5,1,mobile_app,0.17,6,1,1
120,57,60,58.0,-2.0,-5.0,3,2,0.667,1,mobile_app,0.76,3,0,1
97,31,120,123.0,3.0,2.0,5,4,0.8,1,mobile_app,0.45,3,0,0
27,28,90,104.0,14.0,-6.0,3,2,0.667,1,mobile_app,0.82,0,0,0
88,41,30,32.0,2.0,5.0,4,3,0.75,1,mobile_app,0.19,2,0,0
35,38,60,58.0,-2.0,5.0,4,3,0.75,1,mobile_app,0.01,0,0,0
42,37,60,65.0,5.0,-5.0,2,1,0.5,1,mobile_app,0.65,0,0,1
31,2,30,28.0,-2.0,-9.0,6,5,0.833,1,mobile_app,0.35,4,0,0
82,33,90,94.0,4.0,3.0,5,4,0.8,1,mobile_app,0.14,3,0,0
32,17,30,28.0,-2.0,9.0,2,1,0.5,1,mobile_app,0.56,3,0,0
77,48,90,94.0,4.0,-8.0,2,1,0.5,1,paper,0.0,5,1,1
70,30,120,108.0,-12.0,2.0,2,1,0.5,1,mobile_app,0.95,5,1,1
91,8,60,47.0,-13.0,-23.0,3,2,0.667,1,mobile_app,1.84,6,1,1
120,53,60,55.0,-5.0,-2.0,2,1,0.5,1,paper,0.0,0,0,1
2,17,90,89.0,-1.0,10.0,2,1,0.5,1,mobile_app,0.5,0,0,1
119,17,90,73.0,-17.0,28.0,4,3,0.75,1,mobile_app,0.23,6,1,0
14,56,60,58.0,-2.0,-1.0,4,3,0.75,1,mobile_app,0.87,6,1,0
64,46,60,54.0,-6.0,-5.0,2,1,0.5,1,mobile_app,0.34,0,0,1
41,51,90,96.0,6.0,-2.0,4,3,0.75,1,paper,0.0,0,0,0
77,40,120,114.0,-6.0,0.0,4,3,0.75,1,paper,0.0,2,0,0
87,54,60,55.0,-5.0,-2.0,3,2,0.667,1,mobile_app,0.89,3,0,0
104,7,60,63.0,3.0,-10.0,2,1,0.5,1,paper,0.0,0,0,1
49,36,120,132.0,12.0,-3.0,5,3,0.6,1,mobile_app,0.16,3,0,0
112,18,60,59.0,-1.0,4.0,2,1,0.5,1,paper,0.0,1,0,1
39,24,30,30.0,0.0,-1.0,3,2,0.667,1,paper,0.0,6,1,1
25,15,60,75.0,15.0,-8.0,5,4,0.8,0,mobile_app,0.74,5,1,1
46,13,30,40.0,10.0,-7.0,5,3,0.6,1,mobile_app,0.69,3,0,1
64,27,60,64.0,4.0,-3.0,6,5,0.833,1,mobile_app,0.55,0,0,0
81,55,90,88.0,-2.0,-3.0,2,1,0.5,1,paper,0.0,1,0,1
100,38,90,93.0,3.0,-4.0,2,1,0.5,0,mobile_app,0.94,1,0,1
27,21,60,46.0,-14.0,5.0,5,4,0.8,1,mobile_app,0.95,6,1,0
37,26,60,54.0,-6.0,-2.0,3,2,0.667,1,mobile_app,0.54,4,0,0
113,32,60,71.0,11.0,-12.0,3,2,0.667,1,paper,0.0,2,0,0
53,15,90,105.0,15.0,10.0,3,2,0.667,0,paper,0.0,0,0,1
29,31,90,94.0,4.0,3.0,6,5,0.833,1,mobile_app,0.27,5,1,0
119,42,90,78.0,-12.0,-7.0,5,4,0.8,1,mobile_app,0.01,4,0,0
54,15,90,76.0,-14.0,-3.0,6,5,0.833,1,paper,0.0,1,0,1
119,35,120,115.0,-5.0,-5.0,4,3,0.75,1,mobile_app,0.33,6,1,0
111,42,90,89.0,-1.0,3.0,4,3,0.75,1,mobile_app,0.62,5,1,0
109,31,30,20.0,-10.0,-3.0,4,3,0.75,1,mobile_app,0.54,0,0,0
70,18,120,117.0,-3.0,-1.0,2,1,0.5,1,mobile_app,0.52,0,0,0
96,33,120,134.0,14.0,-1.0,4,3,0.75,1,mobile_app,0.25,0,0,0
116,47,60,62.0,2.0,-6.0,3,2,0.667,1,mobile_app,0.3,1,0,0
33,14,30,33.0,3.0,14.0,6,5,0.833,1,paper,0.0,2,0,0
5,34,90,82.0,-8.0,4.0,2,1,0.5,1,mobile_app,0.44,6,1,1
39,41,60,50.0,-10.0,-4.0,2,1,0.5,1,mobile_app,0.42,5,1,0
77,19,90,77.0,-13.0,2.0,6,5,0.833,1,mobile_app,0.23,6,1,0
66,23,60,44.0,-16.0,8.0,2,1,0.5,1,mobile_app,1.96,6,1,1
10,53,30,30.0,0.0,0.0,4,2,0.5,1,mobile_app,0.76,0,0,0
68,22,60,64.0,4.0,13.0,3,2,0.667,1,mobile_app,0.43,5,1,0
21,36,120,113.0,-7.0,18.0,3,2,0.667,1,mobile_app,0.4,6,1,0
61,9,30,32.0,2.0,-1.0,4,3,0.75,1,mobile_app,0.7,4,0,0
70,55,90,95.0,5.0,-2.0,5,5,1.0,1,mobile_app,0.63,6,1,0
77,36,60,74.0,14.0,-6.0,2,1,0.5,1,mobile_app,0.07,2,0,0
50,45,60,64.0,4.0,-10.0,5,5,1.0,1,mobile_app,0.29,5,1,0
49,36,60,59.0,-1.0,7.0,6,5,0.833,1,mobile_app,0.96,5,1,0
82,21,60,68.0,8.0,-3.0,3,2,0.667,1,mobile_app,0.3,1,0,0
90,21,90,104.0,14.0,7.0,5,3,0.6,1,mobile_app,0.48,5,1,0
97,42,90,78.0,-12.0,5.0,6,6,1.0,1,mobile_app,0.7,3,0,0
41,51,30,36.0,6.0,-4.0,6,4,0.667,1,mobile_app,0.6,1,0,0
51,8,60,53.0,-7.0,-10.0,5,4,0.8,1,mobile_app,0.46,0,0,0
40,50,90,88.0,-2.0,6.0,6,6,1.0,1,paper,0.0,5,1,0
64,49,90,88.0,-2.0,-0.0,5,4,0.8,1,mobile_app,0.53,5,1,0
16,7,60,64.0,4.0,-7.0,4,3,0.75,1,mobile_app,0.75,5,1,0
52,7,90,76.0,-14.0,-11.0,2,1,0.5,1,mobile_app,0.14,6,1,0
23,42,30,28.0,-2.0,-1.0,6,5,0.833,1,mobile_app,0.56,6,1,0
64,50,30,32.0,2.0,6.0,3,2,0.667,1,mobile_app,0.17,1,0,1
103,24,90,92.0,2.0,5.0,5,4,0.8,1,mobile_app,0.39,5,1,0
119,38,90,93.0,3.0,1.0,5,4,0.8,1,mobile_app,0.03,1,0,0
54,59,90,89.0,-1.0,5.0,3,2,0.667,1,mobile_app,0.43,5,1,1
7,20,60,67.0,7.0,12.0,5,4,0.8,1,paper,0.0,3,0,0
28,14,60,72.0,12.0,3.0,5,2,0.4,1,mobile_app,0.0,6,1,0
13,59,90,94.0,4.0,8.0,5,4,0.8,1,mobile_app,0.31,0,0,0
92,17,60,65.0,5.0,-2.0,6,5,0.833,1,mobile_app,0.4,1,0,0
119,28,60,68.0,8.0,8.0,3,2,0.667,0,mobile_app,0.22,4,0,1
67,27,90,98.0,8.0,-3.0,5,3,0.6,1,mobile_app,1.1,3,0,0
22,31,60,82.0,22.0,6.0,2,1,0.5,1,mobile_app,1.07,6,1,0
3,16,60,74.0,14.0,-2.0,5,4,0.8,1,mobile_app,0.2,6,1,0
118,41,60,59.0,-1.0,2.0,2,1,0.5,1,mobile_app,0.58,1,0,0
38,41,120,114.0,-6.0,12.0,3,2,0.667,1,mobile_app,0.7,4,0,1
14,12,60,57.0,-3.0,10.0,2,1,0.5,0,mobile_app,0.46,5,1,1
22,29,30,27.0,-3.0,3.0,6,5,0.833,1,mobile_app,0.09,6,1,0
31,4,30,37.0,7.0,-9.0,3,2,0.667,1,paper,0.0,2,0,1
79,14,30,22.0,-8.0,2.0,3,2,0.667,1,mobile_app,0.43,0,0,1
108,59,60,64.0,4.0,-3.0,3,2,0.667,1,mobile_app,0.2,2,0,1
34,30,90,78.0,-12.0,6.0,5,4,0.8,1,mobile_app,0.85,1,0,0
83,37,30,19.0,-11.0,5.0,6,5,0.833,1,mobile_app,0.21,0,0,0
8,53,60,59.0,-1.0,-1.0,5,4,0.8,1,mobile_app,0.52,1,0,0
2,43,30,25.0,-5.0,8.0,2,2,1.0,1,paper,0.0,1,0,0
7,47,60,54.0,-6.0,6.0,4,3,0.75,1,mobile_app,0.8,0,0,1
111,43,30,26.0,-4.0,1.0,2,1,0.5,1,mobile_app,0.04,5,1,1
70,30,90,84.0,-6.0,4.0,2,1,0.5,1,mobile_app,0.28,4,0,1
97,38,90,90.0,0.0,-3.0,2,1,0.5,1,mobile_app,0.36,1,0,1
3,18,90,83.0,-7.0,-2.0,5,3,0.6,0,mobile_app,1.52,2,0,1
3,53,60,58.0,-2.0,-3.0,6,5,0.833,1,paper,0.0,5,1,0
102,11,120,120.0,0.0,-5.0,3,2,0.667,1,mobile_app,0.45,1,0,1
13,53,90,94.0,4.0,-0.0,6,6,1.0,1,paper,0.0,1,0,0
19,52,30,36.0,6.0,-6.0,3,2,0.667,1,paper,0.0,5,1,1
63,9,60,62.0,2.0,6.0,3,2,0.667,1,mobile_app,0.44,2,0,1
73,42,90,91.0,1.0,5.0,2,1,0.5,1,mobile_app,0.28,4,0,1
28,59,60,59.0,-1.0,-0.0,2,1,0.5,1,mobile_app,0.68,1,0,1
54,34,60,64.0,4.0,-17.0,5,4,0.8,1,mobile_app,0.44,0,0,0
81,21,90,94.0,4.0,-2.0,4,3,0.75,1,paper,0.0,3,0,0
54,52,30,35.0,5.0,-5.0,2,2,1.0,1,mobile_app,0.62,3,0,0
46,31,120,105.0,-15.0,-4.0,4,3,0.75,1,paper,0.0,5,1,0
9,8,60,57.0,-3.0,15.0,3,2,0.667,1,mobile_app,0.34,5,1,1
55,15,30,34.0,4.0,-23.0,3,2,0.667,1,mobile_app,0.36,2,0,1
97,41,30,30.0,0.0,-4.0,6,5,0.833,1,mobile_app,0.3,0,0,0
76,27,60,52.0,-8.0,6.0,4,3,0.75,1,mobile_app,0.13,3,0,0
108,13,120,105.0,-15.0,-7.0,4,3,0.75,1,mobile_app,0.17,5,1,0
16,48,90,94.0,4.0,-3.0,5,4,0.8,1,mobile_app,0.08,2,0,0
2,8,120,110.0,-10.0,22.0,6,5,0.833,1,mobile_app,0.89,4,0,1
66,13,60,39.0,-21.0,4.0,5,4,0.8,1,mobile_app,0.22,0,0,0
22,28,60,68.0,8.0,7.0,4,3,0.75,1,mobile_app,0.14,5,1,0
72,3,60,66.0,6.0,6.0,3,2,0.667,1,paper,0.0,5,1,1
109,23,30,29.0,-1.0,1.0,2,1,0.5,1,mobile_app,0.04,1,0,0
41,54,120,117.0,-3.0,4.0,2,1,0.5,1,mobile_app,0.33,4,0,1
66,56,60,60.0,0.0,6.0,5,5,1.0,1,paper,0.0,5,1,1
82,52,60,65.0,5.0,-6.0,5,4,0.8,1,mobile_app,0.45,1,0,0
19,20,60,43.0,-17.0,-0.0,3,2,0.667,1,paper,0.0,1,0,1
108,4,90,69.0,-21.0,-0.0,6,4,0.667,1,paper,0.0,2,0,1
25,49,60,57.0,-3.0,-2.0,6,4,0.667,1,mobile_app,0.65,6,1,1
97,23,90,90.0,0.0,8.0,5,4,0.8,1,mobile_app,0.07,2,0,0
80,45,90,87.0,-3.0,1.0,3,2,0.667,1,paper,0.0,1,0,1
17,8,90,98.0,8.0,21.0,4,3,0.75,1,mobile_app,0.03,2,0,0
87,40,30,37.0,7.0,6.0,6,5,0.833,1,mobile_app,1.74,1,0,1
24,35,60,62.0,2.0,8.0,4,3,0.75,1,mobile_app,0.54,3,0,0
72,55,60,62.0,2.0,-4.0,4,3,0.75,1,mobile_app,0.45,4,0,0
116,7,120,124.0,4.0,-9.0,4,3,0.75,1,mobile_app,0.15,1,0,0
115,25,120,120.0,0.0,-6.0,6,4,0.667,1,paper,0.0,2,0,1
105,59,60,55.0,-5.0,4.0,4,3,0.75,1,mobile_app,0.07,3,0,0
60,23,60,50.0,-10.0,-8.0,2,1,0.5,1,mobile_app,0.91,2,0,0
68,39,60,51.0,-9.0,-5.0,4,3,0.75,1,mobile_app,0.19,3,0,0
37,10,90,88.0,-2.0,-12.0,5,4,0.8,1,mobile_app,1.27,0,0,0
111,43,60,61.0,1.0,13.0,6,5,0.833,1,paper,0.0,2,0,1
58,17,60,44.0,-16.0,-1.0,2,1,0.5,1,paper,0.0,5,1,1
93,34,90,91.0,1.0,3.0,6,5,0.833,1,mobile_app,0.22,3,0,0
44,52,60,56.0,-4.0,-4.0,6,5,0.833,1,mobile_app,0.86,3,0,0
89,40,60,53.0,-7.0,5.0,5,4,0.8,1,paper,0.0,4,0,0
27,28,30,24.0,-6.0,-13.0,3,2,0.667,1,mobile_app,1.26,2,0,1
89,12,60,47.0,-13.0,-10.0,3,2,0.667,1,mobile_app,0.63,2,0,0
6,21,90,96.0,6.0,-6.0,4,2,0.5,1,mobile_app,1.61,1,0,0
13,51,60,59.0,-1.0,1.0,2,1,0.5,1,mobile_app,0.85,5,1,1
43,13,60,70.0,10.0,-8.0,5,4,0.8,1,paper,0.0,3,0,0
58,39,30,27.0,-3.0,8.0,5,4,0.8,1,paper,0.0,0,0,0
86,29,30,27.0,-3.0,4.0,4,3,0.75,1,mobile_app,0.07,3,0,0
44,19,90,110.0,20.0,-6.0,5,3,0.6,1,mobile_app,0.45,2,0,1
3,43,90,81.0,-9.0,5.0,5,5,1.0,1,mobile_app,0.54,0,0,0
40,22,60,73.0,13.0,-3.0,6,3,0.5,1,paper,0.0,3,0,1
53,17,60,78.0,18.0,-5.0,5,4,0.8,1,paper,0.0,0,0,0
66,32,60,66.0,6.0,6.0,3,2,0.667,1,mobile_app,0.12,1,0,0
78,45,60,58.0,-2.0,-11.0,2,1,0.5,1,mobile_app,0.44,4,0,1
30,51,30,36.0,6.0,3.0,6,5,0.833,1,mobile_app,0.26,3,0,0
74,38,120,118.0,-2.0,-4.0,5,4,0.8,1,mobile_app,1.3,1,0,0
76,40,30,25.0,-5.0,-4.0,6,5,0.833,1,mobile_app,0.14,6,1,0
94,47,60,58.0,-2.0,8.0,4,3,0.75,1,mobile_app,1.22,6,1,1
63,16,30,24.0,-6.0,-5.0,2,1,0.5,1,paper,0.0,0,0,1
98,15,90,79.0,-11.0,9.0,4,3,0.75,1,paper,0.0,1,0,0
27,29,60,70.0,10.0,2.0,5,3,0.6,1,mobile_app,0.64,0,0,1
86,38,120,115.0,-5.0,2.0,3,2,0.667,1,mobile_app,0.09,1,0,1
6,39,30,30.0,0.0,-1.0,4,3,0.75,1,mobile_app,0.31,2,0,0
13,10,90,72.0,-18.0,-3.0,4,3,0.75,1,mobile_app,0.59,0,0,0
104,47,90,90.0,0.0,6.0,3,3,1.0,1,paper,0.0,6,1,0
58,22,60,48.0,-12.0,8.0,6,5,0.833,1,paper,0.0,4,0,0
75,52,60,55.0,-5.0,-2.0,4,3,0.75,1,paper,0.0,0,0,0
73,43,60,59.0,-1.0,-5.0,6,6,1.0,1,mobile_app,0.11,2,0,0
84,58,90,94.0,4.0,-2.0,2,1,0.5,1,mobile_app,0.32,5,1,0
30,38,120,123.0,3.0,6.0,6,5,0.833,1,paper,0.0,1,0,1
22,32,60,64.0,4.0,8.0,5,3,0.6,1,mobile_app,0.64,3,0,1
6,12,60,58.0,-2.0,6.0,5,4,0.8,1,mobile_app,1.29,0,0,0
104,24,60,57.0,-3.0,-13.0,3,2,0.667,1,mobile_app,0.34,6,1,0
27,51,30,33.0,3.0,3.0,2,1,0.5,1,mobile_app,1.29,0,0,1
70,23,90,84.0,-6.0,11.0,3,2,0.667,1,mobile_app,0.31,0,0,1
55,4,60,71.0,11.0,2.0,4,2,0.5,0,mobile_app,0.51,1,0,1
20,15,60,74.0,14.0,19.0,3,2,0.667,1,mobile_app,0.27,2,0,0
50,36,120,114.0,-6.0,-8.0,2,1,0.5,1,mobile_app,0.08,2,0,1
10,38,90,85.0,-5.0,4.0,2,1,0.5,1,mobile_app,0.23,4,0,1
22,59,90,88.0,-2.0,-3.0,5,5,1.0,1,mobile_app,0.53,4,0,0
17,56,30,25.0,-5.0,3.0,5,4,0.8,1,paper,0.0,0,0,1
99,32,120,116.0,-4.0,4.0,2,1,0.5,1,mobile_app,0.07,0,0,1
69,33,60,70.0,10.0,12.0,5,4,0.8,1,mobile_app,0.89,2,0,0
112,48,60,55.0,-5.0,2.0,6,5,0.833,1,mobile_app,0.32,2,0,0
53,3,30,48.0,18.0,-5.0,6,5,0.833,1,mobile_app,0.12,5,1,0
25,36,120,117.0,-3.0,-3.0,2,1,0.5,1,mobile_app,0.03,6,1,1
74,28,60,79.0,19.0,-2.0,4,3,0.75,1,paper,0.0,1,0,0
112,47,90,87.0,-3.0,-2.0,2,1,0.5,1,mobile_app,0.75,4,0,0
64,48,90,89.0,-1.0,5.0,2,1,0.5,1,mobile_app,0.4,1,0,0
3,39,90,84.0,-6.0,7.0,6,4,0.667,1,mobile_app,0.77,6,1,1
37,39,90,85.0,-5.0,-8.0,6,5,0.833,1,mobile_app,0.26,4,0,0
111,41,120,128.0,8.0,0.0,3,2,0.667,1,mobile_app,0.34,0,0,0
63,35,60,64.0,4.0,0.0,4,3,0.75,1,mobile_app,0.53,0,0,0
115,14,60,72.0,12.0,-8.0,2,1,0.5,1,mobile_app,0.36,2,0,0
62,17,90,76.0,-14.0,4.0,6,5,0.833,1,mobile_app,0.77,3,0,0
2,44,60,64.0,4.0,7.0,4,3,0.75,1,mobile_app,0.15,1,0,0
105,37,60,53.0,-7.0,5.0,3,2,0.667,1,mobile_app,0.59,0,0,0
92,15,90,75.0,-15.0,13.0,6,5,0.833,1,paper,0.0,6,1,0
86,52,60,61.0,1.0,-2.0,2,2,1.0,1,mobile_app,0.04,4,0,0
117,58,90,91.0,1.0,0.0,3,2,0.667,1,paper,0.0,6,1,0
24,37,60,60.0,0.0,-4.0,5,4,0.8,1,mobile_app,0.72,2,0,0
109,14,120,128.0,8.0,2.0,4,3,0.75,1,mobile_app,0.99,3,0,0
28,56,30,33.0,3.0,1.0,5,3,0.6,1,mobile_app,0.29,4,0,1
117,14,90,107.0,17.0,9.0,3,2,0.667,1,mobile_app,0.44,2,0,0
23,26,120,109.0,-11.0,10.0,5,3,0.6,1,mobile_app,0.53,4,0,0
67,51,60,66.0,6.0,2.0,4,4,1.0,1,mobile_app,0.23,3,0,0
95,31,60,75.0,15.0,-6.0,2,1,0.5,1,mobile_app,1.17,5,1,1
10,15,60,56.0,-4.0,-13.0,3,2,0.667,1,mobile_app,0.22,6,1,0
9,5,60,38.0,-22.0,6.0,3,2,0.667,1,mobile_app,0.02,6,1,1
102,22,60,46.0,-14.0,13.0,4,3,0.75,1,paper,0.0,4,0,1
8,40,30,27.0,-3.0,-0.0,4,3,0.75,1,mobile_app,0.29,0,0,0
74,43,120,132.0,12.0,-7.0,4,3,0.75,1,paper,0.0,5,1,0
113,14,60,60.0,0.0,20.0,2,1,0.5,1,paper,0.0,2,0,1
74,10,60,52.0,-8.0,5.0,6,5,0.833,1,mobile_app,0.98,4,0,0
58,42,60,56.0,-4.0,1.0,5,3,0.6,1,mobile_app,0.42,4,0,0
51,10,30,14.0,-16.0,-12.0,5,4,0.8,0,paper,0.0,0,0,1
77,4,30,42.0,12.0,0.0,3,2,0.667,1,paper,0.0,1,0,1
69,29,120,119.0,-1.0,5.0,5,3,0.6,1,paper,0.0,5,1,1
61,34,90,106.0,16.0,3.0,3,2,0.667,1,mobile_app,0.27,3,0,0
19,15,30,37.0,7.0,-6.0,4,3,0.75,1,mobile_app,0.19,1,0,0
80,13,90,100.0,10.0,-1.0,3,2,0.667,1,mobile_app,0.41,5,1,1
89,14,60,57.0,-3.0,-6.0,3,2,0.667,1,mobile_app,0.62,6,1,0
86,21,30,19.0,-11.0,14.0,5,4,0.8,1,mobile_app,0.21,1,0,0
10,1,90,78.0,-12.0,11.0,3,2,0.667,1,mobile_app,0.37,2,0,1
85,1,60,41.0,-19.0,-6.0,5,4,0.8,1,mobile_app,0.48,1,0,1
88,22,60,69.0,9.0,-10.0,4,3,0.75,1,paper,0.0,3,0,0
23,2,120,115.0,-5.0,3.0,6,3,0.5,0,mobile_app,0.36,5,1,1
102,19,60,70.0,10.0,-4.0,2,1,0.5,0,paper,0.0,2,0,1
63,35,60,61.0,1.0,-3.0,6,5,0.833,1,mobile_app,0.01,0,0,0
57,2,60,56.0,-4.0,-13.0,2,1,0.5,1,paper,0.0,0,0,1
87,37,90,82.0,-8.0,-6.0,4,2,0.5,1,mobile_app,0.1,1,0,0
62,37,90,92.0,2.0,1.0,3,2,0.667,1,mobile_app,0.51,5,1,0
66,34,120,118.0,-2.0,-2.0,5,4,0.8,1,paper,0.0,2,0,0
38,37,60,66.0,6.0,15.0,2,1,0.5,1,mobile_app,0.18,5,1,0
112,48,90,87.0,-3.0,2.0,3,2,0.667,1,mobile_app,0.77,6,1,0
117,5,60,68.0,8.0,-13.0,3,2,0.667,1,mobile_app,0.26,6,1,0
16,10,60,80.0,20.0,-16.0,6,5,0.833,1,paper,0.0,2,0,0
88,19,30,33.0,3.0,4.0,4,3,0.75,1,paper,0.0,4,0,0
3,41,90,95.0,5.0,-2.0,2,1,0.5,1,mobile_app,0.55,5,1,0
45,52,60,62.0,2.0,4.0,5,4,0.8,1,mobile_app,0.18,1,0,0
117,55,90,97.0,7.0,1.0,3,3,1.0,1,mobile_app,0.53,4,0,0
21,35,60,63.0,3.0,-12.0,3,2,0.667,1,mobile_app,0.6,1,0,0
46,25,30,37.0,7.0,-8.0,4,3,0.75,1,mobile_app,0.31,3,0,0
27,25,120,120.0,0.0,-5.0,5,4,0.8,1,mobile_app,0.19,2,0,0
88,4,90,79.0,-11.0,5.0,6,5,0.833,1,mobile_app,0.0,2,0,0
56,28,60,49.0,-11.0,-8.0,2,1,0.5,1,paper,0.0,2,0,0
72,31,90,100.0,10.0,1.0,6,5,0.833,1,paper,0.0,3,0,0
114,13,60,48.0,-12.0,-13.0,6,5,0.833,1,mobile_app,0.24,2,0,0
63,46,90,94.0,4.0,0.0,3,2,0.667,1,mobile_app,0.12,1,0,0
89,48,30,32.0,2.0,1.0,4,3,0.75,1,mobile_app,0.81,1,0,0
12,18,60,70.0,10.0,13.0,3,2,0.667,1,mobile_app,0.17,3,0,0
26,54,60,58.0,-2.0,1.0,4,2,0.5,1,mobile_app,0.34,6,1,0
114,7,60,50.0,-10.0,-9.0,5,4,0.8,1,mobile_app,0.05,4,0,0
104,54,60,61.0,1.0,4.0,5,5,1.0,1,mobile_app,0.05,0,0,0
79,46,30,28.0,-2.0,-1.0,4,2,0.5,1,paper,0.0,0,0,1
46,14,120,106.0,-14.0,7.0,4,3,0.75,1,mobile_app,0.27,5,1,0
24,39,30,43.0,13.0,-3.0,4,3,0.75,1,mobile_app,0.25,3,0,0
103,19,30,22.0,-8.0,1.0,4,3,0.75,1,mobile_app,1.2,3,0,0
95,48,60,55.0,-5.0,-3.0,2,1,0.5,1,mobile_app,0.32,2,0,1
30,10,90,87.0,-3.0,3.0,3,2,0.667,0,mobile_app,0.46,3,0,1
71,15,60,74.0,14.0,8.0,5,4,0.8,1,paper,0.0,4,0,0
75,19,60,37.0,-23.0,-4.0,6,4,0.667,1,mobile_app,0.7,4,0,0
58,12,90,104.0,14.0,-6.0,6,5,0.833,1,mobile_app,0.37,6,1,0
112,20,30,21.0,-9.0,3.0,6,5,0.833,1,paper,0.0,6,1,0
15,36,120,122.0,2.0,-5.0,5,3,0.6,1,mobile_app,0.84,5,1,1
31,38,60,55.0,-5.0,-9.0,4,3,0.75,1,mobile_app,0.87,4,0,0
12,33,90,106.0,16.0,2.0,5,4,0.8,1,mobile_app,0.86,4,0,1
84,12,30,31.0,1.0,-1.0,6,4,0.667,1,paper,0.0,1,0,1
78,12,90,82.0,-8.0,-1.0,3,2,0.667,1,mobile_app,0.35,6,1,0
119,55,90,89.0,-1.0,2.0,2,2,1.0,1,mobile_app,0.25,1,0,0
66,15,30,31.0,1.0,6.0,3,2,0.667,1,paper,0.0,0,0,0
19,7,30,32.0,2.0,-2.0,4,3,0.75,1,mobile_app,0.15,5,1,0
55,27,60,64.0,4.0,-8.0,5,4,0.8,1,mobile_app,0.1,2,0,0
11,1,30,30.0,0.0,-8.0,4,3,0.75,1,mobile_app,0.58,3,0,1
81,21,120,106.0,-14.0,5.0,6,4,0.667,1,mobile_app,0.52,4,0,0
81,51,60,59.0,-1.0,0.0,3,2,0.667,1,mobile_app,0.64,4,0,0
103,16,90,97.0,7.0,-5.0,4,2,0.5,1,mobile_app,1.4,0,0,1
41,42,120,116.0,-4.0,-4.0,6,5,0.833,1,mobile_app,0.23,2,0,0
38,29,90,96.0,6.0,4.0,2,1,0.5,1,mobile_app,0.77,5,1,0
9,21,90,90.0,0.0,-2.0,6,4,0.667,1,mobile_app,0.69,5,1,1
50,40,60,59.0,-1.0,4.0,2,1,0.5,1,mobile_app,1.31,4,0,1
58,36,60,69.0,9.0,5.0,6,5,0.833,1,paper,0.0,2,0,0
91,19,60,42.0,-18.0,-3.0,3,2,0.667,1,mobile_app,0.32,2,0,1
91,14,60,52.0,-8.0,9.0,5,3,0.6,1,paper,0.0,3,0,1
17,55,60,64.0,4.0,0.0,5,4,0.8,1,paper,0.0,1,0,0
35,10,30,53.0,23.0,3.0,3,2,0.667,1,mobile_app,0.18,6,1,1
62,57,60,68.0,8.0,-7.0,4,4,1.0,1,mobile_app,0.35,1,0,0
41,28,60,60.0,0.0,-7.0,5,4,0.8,1,paper,0.0,3,0,0
4,59,60,62.0,2.0,-3.0,6,5,0.833,1,mobile_app,0.64,5,1,0
102,21,60,68.0,8.0,-3.0,2,1,0.5,1,paper,0.0,1,0,1
88,34,60,70.0,10.0,1.0,4,2,0.5,1,mobile_app,0.36,6,1,1
63,37,60,62.0,2.0,1.0,6,5,0.833,1,paper,0.0,3,0,0
39,20,90,100.0,10.0,2.0,4,3,0.75,1,mobile_app,0.3,1,0,0
102,13,90,95.0,5.0,-7.0,2,1,0.5,1,mobile_app,0.94,0,0,1
5,31,60,64.0,4.0,5.0,2,1,0.5,1,paper,0.0,2,0,1
54,40,30,24.0,-6.0,10.0,6,5,0.833,1,mobile_app,0.74,1,0,0
97,16,60,56.0,-4.0,-3.0,4,3,0.75,1,mobile_app,0.31,0,0,0
115,46,60,57.0,-3.0,-3.0,5,5,1.0,1,mobile_app,0.35,4,0,0
31,38,60,52.0,-8.0,-4.0,6,3,0.5,1,paper,0.0,3,0,1
79,10,120,100.0,-20.0,1.0,2,1,0.5,0,mobile_app,0.7,0,0,1
23,56,60,58.0,-2.0,-2.0,4,3,0.75,1,mobile_app,0.13,5,1,0
14,3,60,56.0,-4.0,-20.0,2,1,0.5,1,mobile_app,0.57,3,0,1
43,39,90,91.0,1.0,-8.0,6,5,0.833,1,mobile_app,1.27,4,0,0
107,26,60,65.0,5.0,8.0,4,3,0.75,1,mobile_app,0.08,4,0,0
83,39,30,31.0,1.0,7.0,6,5,0.833,1,mobile_app,0.9,5,1,0
59,46,60,59.0,-1.0,7.0,3,2,0.667,1,mobile_app,0.54,1,0,0
34,41,120,114.0,-6.0,1.0,2,1,0.5,1,mobile_app,0.56,0,0,1
17,39,30,36.0,6.0,-5.0,6,4,0.667,1,mobile_app,0.19,1,0,0
33,50,90,90.0,0.0,-2.0,5,5,1.0,1,mobile_app,0.66,4,0,0
19,42,90,87.0,-3.0,-7.0,2,1,0.5,1,paper,0.0,4,0,1
23,49,60,59.0,-1.0,-6.0,5,5,1.0,1,mobile_app,0.39,2,0,0
83,24,90,83.0,-7.0,2.0,4,3,0.75,1,mobile_app,0.6,6,1,0
16,12,60,54.0,-6.0,5.0,2,1,0.5,0,paper,0.0,4,0,1
6,14,60,53.0,-7.0,19.0,3,2,0.667,1,paper,0.0,2,0,1
66,37,60,58.0,-2.0,-0.0,5,4,0.8,1,mobile_app,0.21,6,1,0
35,32,120,125.0,5.0,-9.0,2,1,0.5,1,mobile_app,0.11,1,0,0
55,5,60,65.0,5.0,-1.0,3,2,0.667,1,mobile_app,0.47,0,0,0
17,13,30,48.0,18.0,-3.0,3,2,0.667,1,mobile_app,0.67,6,1,1
26,58,120,124.0,4.0,-1.0,5,4,0.8,1,paper,0.0,3,0,0
53,43,60,71.0,11.0,2.0,6,5,0.833,1,mobile_app,0.35,5,1,0
83,45,120,123.0,3.0,-5.0,5,3,0.6,1,mobile_app,0.83,6,1,1
50,12,90,97.0,7.0,1.0,5,4,0.8,1,mobile_app,0.56,6,1,0
66,4,60,53.0,-7.0,7.0,2,1,0.5,1,mobile_app,0.23,5,1,0
63,18,90,99.0,9.0,13.0,6,4,0.667,1,mobile_app,1.41,0,0,1
33,51,90,87.0,-3.0,1.0,2,1,0.5,1,mobile_app,1.1,3,0,1
34,30,30,18.0,-12.0,7.0,4,3,0.75,1,mobile_app,0.32,6,1,0
52,47,120,128.0,8.0,-2.0,6,3,0.5,1,mobile_app,0.62,5,1,0
4,29,120,109.0,-11.0,-2.0,3,2,0.667,1,mobile_app,0.17,5,1,0
83,29,120,124.0,4.0,10.0,3,2,0.667,1,mobile_app,0.86,5,1,0
74,36,90,84.0,-6.0,-8.0,2,1,0.5,1,mobile_app,0.32,2,0,0
37,57,60,64.0,4.0,-1.0,3,3,1.0,1,mobile_app,0.13,5,1,0
45,26,60,72.0,12.0,9.0,4,3,0.75,1,mobile_app,0.33,4,0,0
40,36,30,34.0,4.0,-1.0,4,2,0.5,1,mobile_app,0.17,4,0,0
79,55,60,64.0,4.0,-1.0,2,1,0.5,1,mobile_app,0.12,1,0,1
92,22,90,90.0,0.0,-2.0,3,2,0.667,1,mobile_app,0.37,0,0,1
14,50,90,100.0,10.0,0.0,2,1,0.5,1,mobile_app,1.05,2,0,1
50,32,60,66.0,6.0,7.0,3,2,0.667,1,paper,0.0,1,0,0
2,52,60,56.0,-4.0,3.0,5,4,0.8,1,mobile_app,0.13,4,0,0
55,28,90,91.0,1.0,0.0,2,1,0.5,1,mobile_app,1.22,2,0,1
30,38,60,59.0,-1.0,6.0,2,1,0.5,1,mobile_app,1.17,0,0,0
41,20,120,117.0,-3.0,3.0,4,3,0.75,1,mobile_app,0.06,0,0,0
55,38,90,79.0,-11.0,5.0,4,3,0.75,1,mobile_app,0.44,6,1,0
39,20,30,34.0,4.0,-9.0,6,5,0.833,1,mobile_app,0.14,0,0,0
48,36,30,20.0,-10.0,10.0,4,3,0.75,1,mobile_app,0.36,6,1,0
92,47,90,77.0,-13.0,1.0,6,5,0.833,1,mobile_app,0.59,3,0,0
98,26,60,57.0,-3.0,-21.0,5,4,0.8,1,mobile_app,0.31,6,1,0
1,26,90,83.0,-7.0,13.0,4,3,0.75,1,mobile_app,0.4,6,1,0
46,20,60,51.0,-9.0,0.0,3,2,0.667,1,mobile_app,0.54,0,0,1
102,44,30,13.0,-17.0,-2.0,2,1,0.5,1,paper,0.0,3,0,1
64,35,60,54.0,-6.0,-4.0,5,4,0.8,1,paper,0.0,4,0,0
25,31,90,89.0,-1.0,3.0,6,5,0.833,1,mobile_app,0.13,4,0,0
72,2,120,111.0,-9.0,-10.0,3,1,0.333,1,mobile_app,0.89,6,1,1
18,7,120,125.0,5.0,-6.0,3,2,0.667,1,mobile_app,1.28,1,0,1
3,1,60,80.0,20.0,-7.0,2,1,0.5,1,mobile_app,0.37,0,0,1
76,51,90,92.0,2.0,-1.0,4,3,0.75,1,mobile_app,1.09,5,1,0
62,51,30,34.0,4.0,-2.0,3,2,0.667,1,mobile_app,0.82,4,0,0
91,5,60,75.0,15.0,10.0,2,1,0.5,1,mobile_app,0.5,6,1,1
42,3,120,106.0,-14.0,3.0,2,1,0.5,1,mobile_app,0.12,1,0,1
103,47,60,62.0,2.0,2.0,3,3,1.0,1,mobile_app,0.16,0,0,0
51,31,120,128.0,8.0,4.0,4,3,0.75,1,mobile_app,0.76,4,0,0
89,19,60,55.0,-5.0,-1.0,4,2,0.5,1,mobile_app,1.07,5,1,0
13,37,30,24.0,-6.0,-6.0,5,4,0.8,1,mobile_app,0.4,4,0,0
12,14,60,66.0,6.0,17.0,4,3,0.75,1,mobile_app,1.06,0,0,0
94,12,120,102.0,-18.0,9.0,5,4,0.8,1,mobile_app,1.08,6,1,0
101,22,60,49.0,-11.0,13.0,3,2,0.667,1,mobile_app,0.76,1,0,0
114,53,90,87.0,-3.0,3.0,3,2,0.667,1,paper,0.0,3,0,1
39,46,60,62.0,2.0,-2.0,4,3,0.75,1,mobile_app,0.24,0,0,0
3,12,90,93.0,3.0,-23.0,2,1,0.5,1,paper,0.0,5,1,1
118,34,60,68.0,8.0,-8.0,5,4,0.8,1,mobile_app,0.42,5,1,0
73,53,60,56.0,-4.0,2.0,2,2,1.0,1,mobile_app,0.09,1,0,0
30,57,90,86.0,-4.0,-0.0,6,5,0.833,1,paper,0.0,0,0,0
92,46,90,93.0,3.0,-2.0,6,5,0.833,1,mobile_app,1.18,4,0,0
109,8,60,50.0,-10.0,-27.0,4,3,0.75,1,mobile_app,0.9,3,0,0
35,15,60,53.0,-7.0,-0.0,3,2,0.667,1,paper,0.0,6,1,1
93,13,30,10.0,-20.0,-11.0,3,2,0.667,1,mobile_app,0.07,2,0,1
95,9,120,124.0,4.0,-8.0,4,3,0.75,1,mobile_app,0.56,5,1,0
61,11,90,109.0,19.0,9.0,4,3,0.75,1,mobile_app,0.22,5,1,0
76,19,90,79.0,-11.0,-9.0,2,1,0.5,1,paper,0.0,6,1,1
33,33,90,98.0,8.0,-6.0,2,1,0.5,1,paper,0.0,0,0,1
112,24,90,89.0,-1.0,1.0,5,4,0.8,1,mobile_app,0.9,4,0,0
118,25,60,43.0,-17.0,7.0,2,1,0.5,1,mobile_app,0.89,2,0,0
118,15,60,50.0,-10.0,-4.0,4,3,0.75,1,mobile_app,0.12,3,0,0
89,9,90,78.0,-12.0,15.0,6,5,0.833,1,mobile_app,0.85,4,0,0
6,59,30,29.0,-1.0,-4.0,2,1,0.5,1,mobile_app,0.29,6,1,1
44,36,30,33.0,3.0,-9.0,6,5,0.833,1,mobile_app,0.06,3,0,0
54,14,90,111.0,21.0,-15.0,4,3,0.75,1,mobile_app,0.75,2,0,0
116,48,120,113.0,-7.0,-7.0,4,4,1.0,1,paper,0.0,1,0,0
66,50,90,88.0,-2.0,1.0,5,4,0.8,1,mobile_app,0.03,5,1,0
65,58,30,27.0,-3.0,-3.0,5,4,0.8,1,mobile_app,0.17,2,0,0
18,10,120,104.0,-16.0,-15.0,4,3,0.75,1,mobile_app,1.16,4,0,0
96,38,30,31.0,1.0,2.0,2,1,0.5,0,paper,0.0,1,0,1
41,58,60,60.0,0.0,2.0,6,5,0.833,1,mobile_app,0.1,5,1,0
12,48,120,111.0,-9.0,4.0,2,1,0.5,1,paper,0.0,4,0,0
119,14,90,90.0,0.0,8.0,6,4,0.667,1,mobile_app,0.5,3,0,1
23,53,120,115.0,-5.0,-3.0,4,3,0.75,1,mobile_app,0.27,6,1,0
2,25,90,90.0,0.0,2.0,4,3,0.75,1,mobile_app,0.6,3,0,0
10,29,90,101.0,11.0,4.0,5,4,0.8,1,mobile_app,0.19,3,0,0
55,33,60,64.0,4.0,-3.0,6,5,0.833,0,mobile_app,1.87,0,0,1
13,46,60,61.0,1.0,1.0,2,2,1.0,1,mobile_app,0.86,4,0,1
102,8,120,113.0,-7.0,-13.0,6,5,0.833,1,mobile_app,0.27,6,1,0
62,32,120,121.0,1.0,-4.0,5,4,0.8,1,mobile_app,0.11,4,0,0
39,49,60,63.0,3.0,1.0,3,2,0.667,1,mobile_app,0.0,2,0,1
1,33,60,64.0,4.0,10.0,4,3,0.75,1,mobile_app,0.18,4,0,0
58,17,60,59.0,-1.0,11.0,5,4,0.8,1,mobile_app,0.0,3,0,0
19,4,60,63.0,3.0,7.0,2,1,0.5,1,mobile_app,0.17,1,0,1
118,33,120,110.0,-10.0,1.0,4,3,0.75,1,paper,0.0,1,0,0
35,42,30,26.0,-4.0,-0.0,5,4,0.8,1,mobile_app,0.05,6,1,0
57,33,60,66.0,6.0,-9.0,4,3,0.75,1,mobile_app,0.53,4,0,0
3,58,120,123.0,3.0,-3.0,4,4,1.0,1,paper,0.0,6,1,0
16,36,60,61.0,1.0,-5.0,4,3,0.75,1,paper,0.0,2,0,0
25,30,60,72.0,12.0,4.0,4,3,0.75,1,mobile_app,0.59,6,1,0
7,4,60,67.0,7.0,11.0,6,4,0.667,1,paper,0.0,4,0,1
88,33,30,28.0,-2.0,5.0,6,5,0.833,1,paper,0.0,6,1,0
114,10,60,45.0,-15.0,12.0,6,4,0.667,1,mobile_app,1.02,5,1,0
119,43,30,38.0,8.0,0.0,2,2,1.0,1,mobile_app,0.79,6,1,1
32,10,30,40.0,10.0,-10.0,3,2,0.667,1,mobile_app,0.77,4,0,1
95,54,60,66.0,6.0,-0.0,6,5,0.833,1,paper,0.0,5,1,0
61,18,60,83.0,23.0,-7.0,5,4,0.8,1,mobile_app,1.04,0,0,0
6,26,30,18.0,-12.0,5.0,3,2,0.667,1,paper,0.0,3,0,1
11,9,120,104.0,-16.0,-4.0,5,4,0.8,1,mobile_app,0.16,5,1,0
66,13,30,10.0,-20.0,-1.0,4,3,0.75,0,mobile_app,0.36,5,1,1
51,55,60,63.0,3.0,2.0,6,6,1.0,1,paper,0.0,3,0,0
2,17,120,127.0,7.0,-7.0,4,3,0.75,1,mobile_app,0.02,6,1,0
112,31,30,31.0,1.0,7.0,4,3,0.75,1,mobile_app,0.68,1,0,0
88,58,60,56.0,-4.0,-4.0,5,4,0.8,1,paper,0.0,5,1,0
61,37,90,89.0,-1.0,2.0,2,1,0.5,1,mobile_app,0.81,2,0,0
119,3,60,63.0,3.0,-1.0,5,4,0.8,1,mobile_app,0.4,1,0,0
117,22,60,68.0,8.0,7.0,3,2,0.667,1,paper,0.0,5,1,1
117,23,90,93.0,3.0,-11.0,2,1,0.5,1,mobile_app,0.07,5,1,1
32,17,90,97.0,7.0,-14.0,2,1,0.5,1,mobile_app,0.11,6,1,1
106,15,60,59.0,-1.0,7.0,2,1,0.5,1,mobile_app,1.17,2,0,1
61,30,30,40.0,10.0,-3.0,2,1,0.5,1,mobile_app,0.04,5,1,1
88,23,30,36.0,6.0,-1.0,2,1,0.5,1,mobile_app,1.54,5,1,1
104,18,90,77.0,-13.0,-6.0,3,2,0.667,1,mobile_app,0.93,6,1,1
20,25,60,73.0,13.0,7.0,6,4,0.667,1,mobile_app,0.29,2,0,0
54,21,30,43.0,13.0,3.0,2,1,0.5,1,mobile_app,0.49,3,0,1
16,14,60,65.0,5.0,2.0,5,4,0.8,1,mobile_app,0.08,4,0,0
34,27,120,123.0,3.0,-9.0,6,5,0.833,1,mobile_app,0.15,2,0,0
50,56,30,36.0,6.0,2.0,6,5,0.833,1,mobile_app,0.29,6,1,0
103,30,30,16.0,-14.0,-7.0,3,2,0.667,1,mobile_app,0.04,5,1,1
104,36,60,69.0,9.0,-4.0,2,1,0.5,1,mobile_app,0.57,0,0,0
47,59,90,88.0,-2.0,-4.0,3,2,0.667,1,mobile_app,0.76,2,0,0
40,37,60,68.0,8.0,-1.0,5,3,0.6,1,paper,0.0,3,0,1
64,14,120,121.0,1.0,10.0,5,3,0.6,1,mobile_app,1.07,4,0,0
110,24,30,18.0,-12.0,2.0,2,1,0.5,1,paper,0.0,3,0,1
118,29,60,56.0,-4.0,-3.0,3,2,0.667,1,paper,0.0,4,0,1
28,29,60,69.0,9.0,1.0,5,4,0.8,1,mobile_app,0.6,4,0,0
23,9,60,57.0,-3.0,1.0,5,3,0.6,1,mobile_app,1.29,1,0,1
85,7,60,52.0,-8.0,1.0,3,2,0.667,0,paper,0.0,2,0,1
37,21,90,84.0,-6.0,2.0,6,4,0.667,1,mobile_app,0.76,2,0,0
24,54,60,62.0,2.0,-3.0,6,6,1.0,1,mobile_app,0.65,2,0,0
4,43,90,100.0,10.0,1.0,3,3,1.0,1,mobile_app,0.64,1,0,0
49,50,30,21.0,-9.0,-6.0,4,4,1.0,1,mobile_app,0.41,6,1,0
48,11,60,94.0,34.0,6.0,4,3,0.75,1,paper,0.0,0,0,1
68,25,60,62.0,2.0,-9.0,5,4,0.8,1,mobile_app,1.22,2,0,1
25,35,60,64.0,4.0,7.0,3,2,0.667,1,mobile_app,0.13,2,0,1
86,26,30,26.0,-4.0,-19.0,3,2,0.667,1,mobile_app,0.03,4,0,1
82,25,120,120.0,0.0,13.0,4,3,0.75,1,paper,0.0,1,0,0
56,22,120,122.0,2.0,-14.0,3,2,0.667,1,mobile_app,0.27,4,0,0
22,4,90,76.0,-14.0,-14.0,4,3,0.75,1,mobile_app,0.43,0,0,0
61,51,120,117.0,-3.0,1.0,6,5,0.833,1,mobile_app,0.11,0,0,0
81,56,30,34.0,4.0,2.0,3,3,1.0,1,mobile_app,0.31,1,0,0
45,5,60,39.0,-21.0,-3.0,6,4,0.667,1,mobile_app,0.47,1,0,0
32,25,60,64.0,4.0,7.0,4,3,0.75,1,mobile_app,0.34,4,0,0
61,31,120,117.0,-3.0,-5.0,2,1,0.5,1,mobile_app,0.29,5,1,1
43,47,60,55.0,-5.0,-2.0,4,3,0.75,1,mobile_app,0.07,5,1,0
49,59,60,67.0,7.0,-1.0,4,4,1.0,1,mobile_app,0.37,1,0,0
42,25,90,81.0,-9.0,-4.0,2,1,0.5,1,mobile_app,0.43,3,0,0
37,45,30,24.0,-6.0,-9.0,4,4,1.0,1,mobile_app,0.14,1,0,0
87,56,90,89.0,-1.0,-0.0,2,1,0.5,1,mobile_app,0.82,4,0,1
56,49,60,56.0,-4.0,-0.0,5,3,0.6,1,mobile_app,0.44,1,0,0
56,18,90,90.0,0.0,10.0,4,3,0.75,1,mobile_app,0.03,4,0,0
79,49,120,121.0,1.0,-5.0,3,2,0.667,1,paper,0.0,5,1,1
44,25,90,92.0,2.0,-5.0,2,1,0.5,1,mobile_app,0.01,4,0,1
13,2,60,58.0,-2.0,14.0,4,3,0.75,1,paper,0.0,0,0,1
103,45,30,26.0,-4.0,1.0,5,4,0.8,1,mobile_app,0.29,6,1,0
7,50,30,33.0,3.0,2.0,4,3,0.75,1,paper,0.0,3,0,0
69,21,30,29.0,-1.0,4.0,6,5,0.833,1,mobile_app,0.9,4,0,0
32,27,60,56.0,-4.0,3.0,2,1,0.5,1,mobile_app,0.78,4,0,0
26,22,60,75.0,15.0,15.0,5,3,0.6,1,mobile_app,0.1,3,0,0
6,7,60,58.0,-2.0,1.0,4,3,0.75,0,mobile_app,0.58,6,1,1
109,59,60,64.0,4.0,-3.0,3,2,0.667,0,paper,0.0,6,1,1
52,2,120,137.0,17.0,7.0,3,2,0.667,1,mobile_app,0.23,4,0,0
42,33,30,40.0,10.0,-4.0,4,3,0.75,1,mobile_app,0.02,4,0,0
89,1,60,70.0,10.0,-1.0,2,1,0.5,1,mobile_app,0.45,2,0,1
5,41,60,60.0,0.0,2.0,5,4,0.8,1,mobile_app,0.44,3,0,0
68,54,30,30.0,0.0,-2.0,4,3,0.75,1,mobile_app,0.04,0,0,0
60,38,120,118.0,-2.0,-3.0,5,4,0.8,1,mobile_app,0.48,5,1,0
67,36,30,14.0,-16.0,3.0,4,3,0.75,1,mobile_app,0.79,0,0,0
15,49,90,93.0,3.0,-2.0,6,6,1.0,1,mobile_app,0.4,1,0,0
115,58,90,91.0,1.0,3.0,2,1,0.5,1,mobile_app,0.6,4,0,0
29,51,90,93.0,3.0,-3.0,4,3,0.75,1,paper,0.0,4,0,1
82,14,90,89.0,-1.0,-10.0,4,3,0.75,1,paper,0.0,0,0,0
90,34,90,95.0,5.0,12.0,3,2,0.667,1,mobile_app,0.02,5,1,0
42,49,60,54.0,-6.0,-6.0,5,4,0.8,1,paper,0.0,0,0,0
16,18,60,47.0,-13.0,-0.0,3,2,0.667,1,paper,0.0,4,0,1
36,40,90,74.0,-16.0,10.0,5,4,0.8,1,mobile_app,0.03,5,1,0
97,2,60,58.0,-2.0,-0.0,6,4,0.667,1,mobile_app,0.01,1,0,0
109,52,60,57.0,-3.0,4.0,6,4,0.667,1,paper,0.0,2,0,1
113,37,60,54.0,-6.0,4.0,5,4,0.8,1,mobile_app,0.3,3,0,0
28,44,60,62.0,2.0,-0.0,5,5,1.0,1,mobile_app,0.49,3,0,0
73,49,60,58.0,-2.0,-1.0,6,6,1.0,1,mobile_app,0.76,5,1,0
19,13,30,13.0,-17.0,-21.0,6,5,0.833,1,mobile_app,1.05,6,1,0
86,27,60,83.0,23.0,-2.0,5,4,0.8,1,mobile_app,0.92,2,0,0
50,51,30,30.0,0.0,1.0,6,5,0.833,1,mobile_app,1.36,4,0,0
86,10,60,47.0,-13.0,2.0,6,5,0.833,0,mobile_app,0.62,6,1,0
83,49,90,87.0,-3.0,9.0,2,1,0.5,1,mobile_app,0.26,4,0,1
120,17,60,58.0,-2.0,3.0,4,3,0.75,1,mobile_app,0.64,0,0,0
59,34,90,89.0,-1.0,4.0,3,2,0.667,1,paper,0.0,2,0,1
41,31,30,41.0,11.0,8.0,6,4,0.667,1,mobile_app,0.15,4,0,1
64,41,30,30.0,0.0,3.0,5,4,0.8,1,mobile_app,0.77,6,1,0
20,50,90,98.0,8.0,-0.0,6,5,0.833,1,mobile_app,1.71,1,0,0
14,21,90,86.0,-4.0,-1.0,3,2,0.667,0,paper,0.0,1,0,1
63,11,90,95.0,5.0,-4.0,6,3,0.5,0,mobile_app,0.19,4,0,1
100,25,90,100.0,10.0,3.0,2,1,0.5,1,mobile_app,0.49,0,0,1
64,37,90,98.0,8.0,-1.0,6,5,0.833,0,mobile_app,1.08,6,1,1
94,45,90,97.0,7.0,3.0,3,2,0.667,1,mobile_app,0.34,6,1,0
22,45,90,89.0,-1.0,-5.0,4,4,1.0,1,paper,0.0,4,0,0
54,21,90,90.0,0.0,1.0,5,4,0.8,1,mobile_app,0.77,2,0,0
74,56,30,21.0,-9.0,5.0,5,3,0.6,1,mobile_app,1.39,3,0,1
42,5,30,27.0,-3.0,-3.0,3,2,0.667,1,mobile_app,0.34,3,0,0
2,7,60,74.0,14.0,20.0,4,3,0.75,1,mobile_app,0.56,6,1,0
9,2,60,73.0,13.0,2.0,4,3,0.75,1,mobile_app,0.42,5,1,0
112,55,90,90.0,0.0,-0.0,5,3,0.6,1,mobile_app,0.86,3,0,0
73,11,60,81.0,21.0,1.0,3,2,0.667,1,mobile_app,0.32,4,0,0
32,36,60,57.0,-3.0,-2.0,5,4,0.8,1,mobile_app,0.04,3,0,0
32,48,90,87.0,-3.0,-8.0,5,5,1.0,1,mobile_app,0.24,0,0,0
5,46,60,58.0,-2.0,4.0,5,3,0.6,1,mobile_app,0.2,2,0,0
114,56,90,86.0,-4.0,7.0,6,4,0.667,1,paper,0.0,1,0,1
13,4,60,68.0,8.0,5.0,4,3,0.75,1,mobile_app,0.55,3,0,0
92,25,60,63.0,3.0,4.0,4,3,0.75,1,mobile_app,0.39,6,1,0
29,30,60,65.0,5.0,-1.0,5,4,0.8,1,mobile_app,0.58,5,1,0
41,42,60,58.0,-2.0,6.0,5,5,1.0,1,paper,0.0,4,0,0
33,37,30,30.0,0.0,-0.0,6,5,0.833,1,mobile_app,0.37,3,0,0
99,34,60,43.0,-17.0,2.0,4,3,0.75,1,mobile_app,0.95,2,0,0
4,19,60,64.0,4.0,-14.0,5,4,0.8,1,paper,0.0,1,0,0
43,7,60,61.0,1.0,-6.0,2,1,0.5,1,mobile_app,0.82,6,1,0
34,26,90,80.0,-10.0,3.0,4,2,0.5,1,paper,0.0,0,0,1
33,16,30,29.0,-1.0,8.0,3,2,0.667,1,mobile_app,0.06,6,1,0
24,33,60,58.0,-2.0,6.0,6,4,0.667,1,mobile_app,0.33,1,0,1
110,48,30,38.0,8.0,-6.0,2,1,0.5,1,mobile_app,0.39,5,1,0
46,33,120,112.0,-8.0,-10.0,5,4,0.8,1,mobile_app,0.18,5,1,0
51,35,90,92.0,2.0,4.0,6,5,0.833,1,paper,0.0,6,1,0
47,3,120,105.0,-15.0,-9.0,4,3,0.75,1,mobile_app,0.76,6,1,0
118,39,120,116.0,-4.0,5.0,5,4,0.8,1,mobile_app,0.53,3,0,0
41,26,60,63.0,3.0,-12.0,4,3,0.75,1,mobile_app,1.15,3,0,0
42,8,90,87.0,-3.0,-1.0,5,4,0.8,1,mobile_app,0.34,0,0,0
40,13,60,60.0,0.0,-0.0,5,4,0.8,1,mobile_app,1.15,5,1,0
40,47,120,122.0,2.0,2.0,3,2,0.667,1,mobile_app,0.11,4,0,1
11,55,60,58.0,-2.0,-3.0,5,3,0.6,1,mobile_app,0.16,0,0,0
73,30,60,67.0,7.0,-14.0,6,4,0.667,1,paper,0.0,2,0,1
4,58,120,119.0,-1.0,1.0,3,2,0.667,1,mobile_app,0.13,5,1,0
28,11,90,89.0,-1.0,5.0,3,2,0.667,1,mobile_app,0.76,2,0,0
25,18,120,124.0,4.0,9.0,3,2,0.667,1,mobile_app,0.05,2,0,1
35,55,30,31.0,1.0,-1.0,6,4,0.667,1,paper,0.0,1,0,1
91,11,60,68.0,8.0,8.0,6,5,0.833,1,mobile_app,0.78,1,0,0
72,39,60,62.0,2.0,3.0,3,2,0.667,1,mobile_app,0.66,3,0,0
119,13,60,66.0,6.0,13.0,6,4,0.667,1,paper,0.0,1,0,0
43,20,60,57.0,-3.0,-0.0,5,3,0.6,1,mobile_app,0.06,4,0,0
112,29,60,51.0,-9.0,-12.0,4,2,0.5,1,mobile_app,0.23,3,0,0
6,22,90,76.0,-14.0,-1.0,6,5,0.833,1,mobile_app,0.3,4,0,0
61,52,60,53.0,-7.0,0.0,6,5,0.833,1,paper,0.0,4,0,1
96,58,90,96.0,6.0,2.0,6,5,0.833,1,paper,0.0,0,0,0
64,30,120,101.0,-19.0,-11.0,4,2,0.5,1,mobile_app,0.62,0,0,0
112,31,90,100.0,10.0,-2.0,3,2,0.667,1,mobile_app,1.01,2,0,0
38,4,60,49.0,-11.0,10.0,2,1,0.5,1,mobile_app,1.11,2,0,1
4,14,60,74.0,14.0,-1.0,6,5,0.833,1,mobile_app,0.03,3,0,0
93,3,30,10.0,-20.0,-4.0,5,3,0.6,1,mobile_app,0.4,4,0,1
9,51,90,89.0,-1.0,7.0,5,3,0.6,1,paper,0.0,6,1,1
92,14,60,77.0,17.0,-10.0,2,1,0.5,1,mobile_app,0.73,5,1,0
89,21,30,37.0,7.0,10.0,6,4,0.667,1,mobile_app,0.54,2,0,1
102,50,120,119.0,-1.0,4.0,2,1,0.5,1,paper,0.0,1,0,1
58,43,90,79.0,-11.0,-1.0,4,2,0.5,1,mobile_app,0.52,2,0,1
108,37,90,81.0,-9.0,-0.0,6,5,0.833,1,mobile_app,0.44,1,0,0
21,3,60,79.0,19.0,-0.0,3,1,0.333,0,mobile_app,0.02,3,0,1
53,34,120,117.0,-3.0,1.0,4,3,0.75,1,paper,0.0,4,0,0
15,34,60,59.0,-1.0,-4.0,6,5,0.833,1,mobile_app,0.72,1,0,0
93,19,60,63.0,3.0,-4.0,3,2,0.667,1,mobile_app,0.17,4,0,0
86,44,120,113.0,-7.0,-2.0,2,1,0.5,1,mobile_app,0.17,2,0,0
97,55,120,121.0,1.0,-1.0,4,3,0.75,1,paper,0.0,3,0,0
92,16,60,55.0,-5.0,-3.0,5,4,0.8,1,mobile_app,0.92,1,0,0
38,20,30,33.0,3.0,-19.0,4,2,0.5,1,mobile_app,0.82,3,0,1
9,20,60,54.0,-6.0,1.0,4,3,0.75,0,paper,0.0,0,0,1
112,50,90,83.0,-7.0,-2.0,5,4,0.8,1,mobile_app,0.05,3,0,0
60,5,90,84.0,-6.0,-21.0,2,1,0.5,1,mobile_app,0.07,3,0,1
12,53,60,62.0,2.0,-1.0,3,3,1.0,1,mobile_app,0.06,2,0,0
112,46,30,32.0,2.0,-2.0,6,4,0.667,1,mobile_app,1.06,6,1,0
120,29,90,90.0,0.0,9.0,3,2,0.667,1,paper,0.0,5,1,1
54,35,90,97.0,7.0,-3.0,6,4,0.667,1,paper,0.0,4,0,0
93,53,60,59.0,-1.0,2.0,4,3,0.75,1,mobile_app,0.13,6,1,0
5,46,60,60.0,0.0,6.0,6,5,0.833,1,mobile_app,0.01,4,0,0
12,17,120,115.0,-5.0,-6.0,5,4,0.8,1,mobile_app,1.02,4,0,0
34,3,60,73.0,13.0,-1.0,4,2,0.5,1,mobile_app,0.17,3,0,0
79,39,60,62.0,2.0,10.0,6,4,0.667,1,mobile_app,0.46,1,0,0
17,9,90,83.0,-7.0,2.0,3,2,0.667,1,paper,0.0,2,0,1
5,6,60,40.0,-20.0,4.0,3,2,0.667,1,mobile_app,0.84,6,1,1
81,58,120,124.0,4.0,-1.0,5,5,1.0,1,mobile_app,0.09,4,0,0
93,28,90,83.0,-7.0,5.0,6,5,0.833,1,mobile_app,0.43,0,0,0
89,39,60,60.0,0.0,-0.0,2,1,0.5,1,paper,0.0,1,0,1
96,13,30,58.0,28.0,-18.0,6,5,0.833,1,mobile_app,0.11,6,1,0
97,7,90,100.0,10.0,-4.0,4,3,0.75,1,paper,0.0,1,0,0
73,4,30,52.0,22.0,-13.0,3,2,0.667,1,mobile_app,0.38,3,0,1
63,21,30,25.0,-5.0,1.0,2,0,0.0,1,mobile_app,0.44,2,0,1
103,1,60,75.0,15.0,-11.0,2,1,0.5,1,mobile_app,1.22,4,0,1
42,25,60,60.0,0.0,4.0,4,3,0.75,1,paper,0.0,6,1,0
12,20,120,124.0,4.0,0.0,5,4,0.8,1,mobile_app,0.15,2,0,1
91,32,90,106.0,16.0,-8.0,2,1,0.5,1,mobile_app,0.38,0,0,1
34,35,90,88.0,-2.0,-3.0,6,5,0.833,1,paper,0.0,2,0,0
118,19,60,60.0,0.0,5.0,4,3,0.75,1,mobile_app,0.88,0,0,0
50,27,60,52.0,-8.0,9.0,2,1,0.5,1,mobile_app,0.51,1,0,1
103,5,120,132.0,12.0,-10.0,6,5,0.833,1,mobile_app,0.43,2,0,0
6,18,60,54.0,-6.0,-10.0,2,1,0.5,1,mobile_app,0.27,0,0,1
80,58,90,94.0,4.0,6.0,5,4,0.8,1,paper,0.0,0,0,0
54,59,60,54.0,-6.0,-0.0,5,4,0.8,1,mobile_app,0.63,2,0,0
56,29,60,65.0,5.0,1.0,6,5,0.833,1,mobile_app,0.18,0,0,0
32,56,60,58.0,-2.0,-2.0,6,6,1.0,1,mobile_app,0.16,1,0,0
117,30,60,66.0,6.0,2.0,6,4,0.667,1,paper,0.0,0,0,0
48,8,30,30.0,0.0,18.0,2,1,0.5,1,mobile_app,0.48,3,0,0
103,52,60,58.0,-2.0,1.0,3,2,0.667,1,mobile_app,0.83,5,1,1
52,25,60,56.0,-4.0,8.0,3,2,0.667,1,paper,0.0,6,1,0
6,37,60,54.0,-6.0,0.0,3,2,0.667,1,paper,0.0,4,0,0
106,39,120,126.0,6.0,-6.0,3,2,0.667,0,mobile_app,0.37,0,0,1
23,19,60,49.0,-11.0,-6.0,3,2,0.667,1,mobile_app,0.35,0,0,0
33,44,90,89.0,-1.0,-5.0,6,6,1.0,1,paper,0.0,5,1,0
104,30,60,63.0,3.0,2.0,6,4,0.667,1,mobile_app,1.44,5,1,1
108,22,30,46.0,16.0,10.0,5,4,0.8,1,paper,0.0,1,0,0
111,18,60,60.0,0.0,1.0,4,3,0.75,1,mobile_app,0.23,6,1,0
52,45,120,119.0,-1.0,-1.0,4,3,0.75,1,mobile_app,0.75,4,0,0
91,15,90,93.0,3.0,-8.0,5,4,0.8,1,mobile_app,0.75,3,0,0
40,8,120,93.0,-27.0,4.0,6,5,0.833,1,mobile_app,1.15,4,0,1
89,53,60,55.0,-5.0,-4.0,4,3,0.75,1,mobile_app,0.51,0,0,0
61,20,90,86.0,-4.0,-10.0,4,2,0.5,0,mobile_app,0.17,5,1,1
7,38,90,85.0,-5.0,5.0,6,5,0.833,1,paper,0.0,1,0,0
51,43,120,111.0,-9.0,-1.0,6,4,0.667,1,mobile_app,0.38,0,0,0
57,50,30,34.0,4.0,-1.0,3,3,1.0,1,mobile_app,0.19,4,0,0
31,37,120,122.0,2.0,-1.0,3,2,0.667,1,mobile_app,0.47,0,0,0
45,42,60,61.0,1.0,4.0,3,3,1.0,1,mobile_app,0.07,0,0,0
61,50,90,87.0,-3.0,1.0,2,1,0.5,1,mobile_app,0.65,1,0,1
6,56,60,60.0,0.0,-2.0,5,5,1.0,1,mobile_app,0.43,6,1,0
19,3,60,67.0,7.0,-8.0,4,3,0.75,1,mobile_app,0.1,6,1,0
93,44,60,59.0,-1.0,-1.0,2,1,0.5,1,mobile_app,0.28,2,0,1
43,11,90,95.0,5.0,3.0,3,2,0.667,1,mobile_app,0.15,2,0,1
74,53,60,57.0,-3.0,-0.0,4,3,0.75,1,paper,0.0,2,0,0
68,3,60,61.0,1.0,-1.0,6,5,0.833,1,mobile_app,0.19,4,0,0
67,15,60,73.0,13.0,0.0,5,3,0.6,1,mobile_app,0.75,4,0,0
50,12,90,105.0,15.0,-0.0,4,3,0.75,1,mobile_app,0.54,2,0,0
58,36,60,70.0,10.0,-5.0,2,1,0.5,1,mobile_app,0.1,1,0,0
99,1,90,94.0,4.0,13.0,3,2,0.667,1,paper,0.0,3,0,1
116,2,60,60.0,0.0,-6.0,5,4,0.8,0,paper,0.0,2,0,0
31,30,90,86.0,-4.0,1.0,5,4,0.8,1,paper,0.0,3,0,0
81,58,90,83.0,-7.0,-6.0,6,5,0.833,1,mobile_app,0.63,0,0,0
117,32,90,79.0,-11.0,-1.0,4,3,0.75,1,paper,0.0,1,0,0
1,27,90,88.0,-2.0,-8.0,3,2,0.667,1,mobile_app,1.5,6,1,1
95,39,60,59.0,-1.0,-5.0,4,3,0.75,1,mobile_app,0.65,2,0,0
60,33,60,71.0,11.0,16.0,6,5,0.833,1,mobile_app,0.1,3,0,0
117,23,90,103.0,13.0,2.0,2,1,0.5,0,paper,0.0,1,0,1
70,35,30,25.0,-5.0,8.0,6,5,0.833,1,paper,0.0,6,1,0
101,1,60,72.0,12.0,10.0,6,4,0.667,1,mobile_app,0.26,1,0,1
20,15,90,85.0,-5.0,9.0,6,5,0.833,1,paper,0.0,2,0,0
18,40,60,64.0,4.0,-1.0,5,4,0.8,0,paper,0.0,2,0,1
112,21,60,68.0,8.0,14.0,4,3,0.75,1,mobile_app,0.68,5,1,0
64,4,120,137.0,17.0,10.0,6,4,0.667,1,mobile_app,0.2,5,1,1
68,8,60,54.0,-6.0,0.0,2,1,0.5,1,mobile_app,0.25,1,0,0
21,52,30,34.0,4.0,1.0,5,4,0.8,1,mobile_app,0.71,1,0,0
28,20,30,11.0,-19.0,-1.0,4,3,0.75,1,mobile_app,0.28,1,0,0
99,2,60,78.0,18.0,1.0,4,3,0.75,1,mobile_app,0.45,1,0,0
37,43,90,90.0,0.0,-0.0,4,3,0.75,1,mobile_app,0.41,3,0,0
71,32,90,90.0,0.0,3.0,2,1,0.5,1,paper,0.0,1,0,1
38,27,60,42.0,-18.0,13.0,6,5,0.833,1,mobile_app,0.04,0,0,0
32,53,60,59.0,-1.0,-4.0,5,3,0.6,1,mobile_app,0.18,5,1,1
20,19,60,74.0,14.0,10.0,5,3,0.6,1,mobile_app,1.06,2,0,0
112,34,30,27.0,-3.0,-2.0,2,1,0.5,1,mobile_app,0.61,1,0,1
113,44,90,94.0,4.0,6.0,5,4,0.8,1,mobile_app,0.58,1,0,0
14,36,90,90.0,0.0,-2.0,6,5,0.833,1,mobile_app,0.72,5,1,0
43,13,30,43.0,13.0,4.0,6,4,0.667,1,mobile_app,0.51,4,0,1
68,41,90,91.0,1.0,-1.0,3,2,0.667,1,mobile_app,0.67,2,0,1
46,44,90,85.0,-5.0,-8.0,2,1,0.5,1,mobile_app,0.72,5,1,0
87,8,60,61.0,1.0,19.0,3,2,0.667,1,mobile_app,0.31,2,0,1
32,10,90,110.0,20.0,-10.0,2,1,0.5,1,mobile_app,0.07,1,0,0
8,40,90,93.0,3.0,0.0,4,3,0.75,1,mobile_app,0.16,2,0,0
41,8,30,29.0,-1.0,-11.0,4,3,0.75,0,mobile_app,0.42,0,0,0
72,52,60,69.0,9.0,-4.0,4,4,1.0,1,paper,0.0,3,0,1
22,7,90,105.0,15.0,-2.0,6,4,0.667,1,mobile_app,0.47,5,1,0
98,58,120,123.0,3.0,-2.0,5,4,0.8,1,paper,0.0,2,0,0
2,40,60,62.0,2.0,-6.0,4,3,0.75,1,mobile_app,0.08,4,0,0
9,27,60,67.0,7.0,-0.0,5,4,0.8,0,mobile_app,0.58,2,0,0
62,16,90,99.0,9.0,-14.0,3,2,0.667,1,mobile_app,0.25,5,1,1
62,21,60,38.0,-22.0,1.0,5,4,0.8,1,paper,0.0,6,1,0
36,45,30,32.0,2.0,-1.0,6,6,1.0,1,paper,0.0,3,0,1
32,45,60,59.0,-1.0,-11.0,6,4,0.667,1,mobile_app,1.2,4,0,1
9,13,120,114.0,-6.0,-5.0,4,3,0.75,1,paper,0.0,4,0,0
80,33,90,88.0,-2.0,3.0,4,3,0.75,1,mobile_app,0.18,6,1,0
46,59,120,114.0,-6.0,-3.0,3,3,1.0,1,mobile_app,0.71,6,1,0
15,16,60,40.0,-20.0,5.0,4,3,0.75,1,mobile_app,0.32,6,1,0
48,41,60,68.0,8.0,2.0,6,5,0.833,1,mobile_app,0.09,0,0,0
113,11,60,66.0,6.0,-10.0,6,5,0.833,1,mobile_app,0.64,2,0,0
32,50,60,49.0,-11.0,-0.0,5,5,1.0,1,mobile_app,1.11,3,0,0
108,11,60,53.0,-7.0,8.0,3,2,0.667,1,mobile_app,0.35,5,1,0
32,18,90,100.0,10.0,-8.0,3,2,0.667,1,mobile_app,0.26,3,0,0
23,28,90,88.0,-2.0,-2.0,3,2,0.667,0,mobile_app,0.26,3,0,1
32,22,90,102.0,12.0,10.0,2,1,0.5,1,mobile_app,0.39,3,0,1
39,11,60,73.0,13.0,-9.0,2,1,0.5,1,mobile_app,0.07,4,0,1
15,38,60,51.0,-9.0,3.0,5,4,0.8,1,mobile_app,0.59,4,0,0
71,2,30,28.0,-2.0,-13.0,5,4,0.8,1,mobile_app,0.39,5,1,0
41,59,30,28.0,-2.0,-0.0,2,1,0.5,1,mobile_app,0.95,2,0,1
87,4,60,41.0,-19.0,5.0,5,4,0.8,0,mobile_app,0.38,4,0,1
59,20,60,45.0,-15.0,-21.0,2,1,0.5,1,mobile_app,0.85,0,0,1
54,55,120,117.0,-3.0,-2.0,3,2,0.667,1,mobile_app,1.07,3,0,1
57,10,60,52.0,-8.0,4.0,3,2,0.667,1,mobile_app,0.39,2,0,1
19,5,30,34.0,4.0,3.0,2,1,0.5,1,mobile_app,0.49,0,0,1
86,44,30,36.0,6.0,-2.0,5,4,0.8,1,mobile_app,0.54,1,0,0
13,5,90,97.0,7.0,-12.0,2,1,0.5,1,mobile_app,0.62,6,1,1
87,54,60,63.0,3.0,2.0,4,4,1.0,1,paper,0.0,3,0,0
120,27,60,58.0,-2.0,-2.0,4,3,0.75,1,mobile_app,1.27,0,0,0
92,52,60,62.0,2.0,2.0,4,3,0.75,1,mobile_app,0.24,6,1,0
55,15,60,58.0,-2.0,4.0,2,1,0.5,1,paper,0.0,0,0,1
38,9,90,84.0,-6.0,-5.0,4,3,0.75,1,mobile_app,0.2,4,0,0
105,57,60,67.0,7.0,3.0,5,4,0.8,1,mobile_app,0.4,0,0,0
31,45,30,17.0,-13.0,-3.0,3,2,0.667,1,mobile_app,0.54,5,1,0
58,54,90,83.0,-7.0,4.0,6,4,0.667,1,paper,0.0,4,0,1
93,19,60,64.0,4.0,12.0,4,3,0.75,1,mobile_app,0.77,5,1,0
111,24,90,87.0,-3.0,8.0,5,3,0.6,1,mobile_app,0.48,2,0,1
111,35,30,19.0,-11.0,-1.0,2,1,0.5,1,mobile_app,0.13,6,1,0
11,27,90,81.0,-9.0,19.0,6,4,0.667,1,mobile_app,0.25,6,1,0
108,15,60,49.0,-11.0,1.0,4,3,0.75,1,mobile_app,0.72,3,0,0
14,23,60,69.0,9.0,2.0,6,4,0.667,1,paper,0.0,4,0,0
71,36,60,69.0,9.0,-0.0,5,3,0.6,1,mobile_app,0.35,2,0,1
112,3,120,143.0,23.0,-13.0,5,4,0.8,1,mobile_app,0.44,5,1,0
79,20,60,43.0,-17.0,11.0,2,1,0.5,1,paper,0.0,4,0,1
114,18,120,105.0,-15.0,-5.0,4,2,0.5,1,mobile_app,0.62,1,0,1
42,5,120,101.0,-19.0,10.0,5,4,0.8,1,mobile_app,1.5,2,0,0
38,8,60,76.0,16.0,12.0,6,5,0.833,1,mobile_app,0.48,2,0,0
40,30,60,64.0,4.0,4.0,3,2,0.667,1,mobile_app,0.17,3,0,0
43,7,60,61.0,1.0,-7.0,4,3,0.75,1,mobile_app,0.28,4,0,0
82,21,120,122.0,2.0,-3.0,2,1,0.5,1,mobile_app,0.19,1,0,1
55,34,90,90.0,0.0,-17.0,4,3,0.75,1,mobile_app,0.69,1,0,0
89,52,60,56.0,-4.0,-0.0,4,3,0.75,1,mobile_app,0.73,3,0,0
50,6,30,37.0,7.0,9.0,2,1,0.5,1,mobile_app,0.76,2,0,0
37,26,90,88.0,-2.0,-2.0,6,5,0.833,1,mobile_app,0.26,6,1,0
23,7,30,14.0,-16.0,-6.0,5,4,0.8,1,paper,0.0,5,1,0
67,26,30,35.0,5.0,-2.0,2,1,0.5,1,paper,0.0,1,0,1
108,29,60,56.0,-4.0,9.0,6,4,0.667,1,paper,0.0,4,0,0
104,48,60,61.0,1.0,-0.0,5,4,0.8,1,mobile_app,0.28,4,0,0
31,27,120,119.0,-1.0,14.0,5,4,0.8,1,mobile_app,0.69,6,1,0
58,56,90,93.0,3.0,-2.0,6,5,0.833,1,mobile_app,0.53,5,1,0
85,9,60,63.0,3.0,2.0,4,3,0.75,1,mobile_app,0.12,3,0,0
74,4,60,48.0,-12.0,-5.0,3,2,0.667,1,paper,0.0,1,0,1
9,1,90,95.0,5.0,25.0,5,4,0.8,1,mobile_app,0.16,1,0,1
71,22,60,64.0,4.0,1.0,6,5,0.833,1,mobile_app,0.01,2,0,0
5,12,60,66.0,6.0,21.0,6,5,0.833,1,paper,0.0,6,1,0
14,6,60,74.0,14.0,-5.0,5,4,0.8,1,mobile_app,0.12,6,1,0
79,14,90,83.0,-7.0,15.0,5,4,0.8,1,paper,0.0,6,1,0
13,58,120,122.0,2.0,0.0,2,1,0.5,1,mobile_app,1.06,6,1,1
41,48,90,82.0,-8.0,3.0,4,3,0.75,1,paper,0.0,3,0,0
71,2,30,28.0,-2.0,-14.0,3,2,0.667,1,paper,0.0,4,0,1
79,55,90,89.0,-1.0,1.0,3,2,0.667,1,mobile_app,0.97,0,0,1
54,13,60,77.0,17.0,-11.0,6,5,0.833,1,mobile_app,0.15,1,0,0
12,24,120,118.0,-2.0,2.0,3,2,0.667,1,mobile_app,0.73,1,0,1
96,20,60,66.0,6.0,-13.0,6,4,0.667,1,paper,0.0,1,0,1
114,24,60,43.0,-17.0,-1.0,6,5,0.833,0,mobile_app,0.58,5,1,1
107,45,60,58.0,-2.0,5.0,4,3,0.75,1,paper,0.0,5,1,1
90,43,60,55.0,-5.0,3.0,2,1,0.5,1,paper,0.0,0,0,0
49,36,60,78.0,18.0,-7.0,5,4,0.8,1,mobile_app,0.11,4,0,0
106,37,60,55.0,-5.0,-11.0,6,5,0.833,1,mobile_app,0.19,2,0,0
59,43,90,90.0,0.0,2.0,4,3,0.75,1,mobile_app,0.06,3,0,1
17,11,90,92.0,2.0,16.0,2,1,0.5,1,mobile_app,0.74,2,0,1
103,24,60,45.0,-15.0,-8.0,4,3,0.75,1,mobile_app,0.17,1,0,0
39,7,30,23.0,-7.0,23.0,6,5,0.833,1,mobile_app,1.75,5,1,0
113,42,60,62.0,2.0,-0.0,4,3,0.75,1,mobile_app,0.18,2,0,0
45,26,60,61.0,1.0,-15.0,4,3,0.75,1,mobile_app,0.08,3,0,0
105,38,60,44.0,-16.0,-9.0,4,3,0.75,1,mobile_app,0.47,4,0,0
65,34,120,116.0,-4.0,5.0,5,3,0.6,1,mobile_app,0.16,3,0,1
57,17,120,131.0,11.0,1.0,3,2,0.667,1,mobile_app,0.1,1,0,1
36,9,30,37.0,7.0,16.0,5,4,0.8,0,mobile_app,0.61,4,0,1
101,58,90,94.0,4.0,-4.0,6,5,0.833,1,mobile_app,0.63,1,0,0
8,18,90,79.0,-11.0,1.0,5,4,0.8,1,mobile_app,0.18,5,1,0
57,7,60,77.0,17.0,0.0,6,5,0.833,1,paper,0.0,4,0,0
45,19,90,90.0,0.0,-1.0,5,4,0.8,1,paper,0.0,2,0,0
66,54,30,36.0,6.0,-1.0,6,4,0.667,1,mobile_app,1.08,2,0,1
31,16,30,30.0,0.0,-3.0,2,1,0.5,1,paper,0.0,1,0,1
80,59,120,113.0,-7.0,1.0,3,2,0.667,1,mobile_app,0.16,3,0,1
47,28,90,97.0,7.0,2.0,3,2,0.667,1,mobile_app,0.64,1,0,0
23,51,60,58.0,-2.0,1.0,6,5,0.833,1,mobile_app,0.03,3,0,0
24,39,60,58.0,-2.0,7.0,3,2,0.667,1,mobile_app,0.51,1,0,0
84,3,120,100.0,-20.0,-14.0,6,5,0.833,1,paper,0.0,6,1,0
32,31,60,73.0,13.0,-12.0,5,4,0.8,1,mobile_app,0.1,0,0,1
37,25,120,115.0,-5.0,8.0,2,1,0.5,1,mobile_app,0.13,5,1,0
76,12,120,139.0,19.0,-9.0,5,4,0.8,1,paper,0.0,3,0,1
40,33,60,57.0,-3.0,-2.0,3,2,0.667,1,mobile_app,1.09,2,0,0
47,7,90,78.0,-12.0,-7.0,3,2,0.667,1,mobile_app,0.32,1,0,0
30,42,90,98.0,8.0,-3.0,6,5,0.833,1,mobile_app,0.53,4,0,0
42,49,90,90.0,0.0,-6.0,5,5,1.0,1,mobile_app,0.46,5,1,0
84,6,60,59.0,-1.0,-6.0,5,4,0.8,1,mobile_app,0.09,4,0,0
65,29,30,19.0,-11.0,5.0,3,2,0.667,1,mobile_app,0.55,0,0,1
120,39,60,57.0,-3.0,-0.0,5,4,0.8,1,mobile_app,1.01,5,1,0
93,4,90,96.0,6.0,6.0,3,2,0.667,0,mobile_app,0.27,6,1,1
3,23,90,77.0,-13.0,-4.0,5,3,0.6,1,mobile_app,0.48,4,0,1
46,16,90,84.0,-6.0,8.0,3,2,0.667,1,mobile_app,1.04,0,0,0
35,3,60,54.0,-6.0,-6.0,5,4,0.8,1,mobile_app,0.35,3,0,0
71,48,30,30.0,0.0,-8.0,5,4,0.8,1,mobile_app,0.2,2,0,0
32,27,30,43.0,13.0,2.0,3,2,0.667,1,paper,0.0,4,0,1
116,45,90,88.0,-2.0,3.0,2,1,0.5,1,mobile_app,1.53,5,1,1
36,35,60,55.0,-5.0,-3.0,2,1,0.5,1,mobile_app,0.99,6,1,1
63,52,90,101.0,11.0,4.0,6,3,0.5,1,mobile_app,0.03,6,1,1
15,59,60,58.0,-2.0,-3.0,6,5,0.833,1,mobile_app,0.08,6,1,0
110,36,60,59.0,-1.0,4.0,5,4,0.8,1,mobile_app,0.15,0,0,0
110,21,120,116.0,-4.0,15.0,2,1,0.5,1,mobile_app,1.16,0,0,1
96,25,60,57.0,-3.0,0.0,4,3,0.75,1,mobile_app,0.03,5,1,0
43,49,30,30.0,0.0,-1.0,4,4,1.0,1,mobile_app,0.11,5,1,0
8,26,90,98.0,8.0,-1.0,3,2,0.667,1,paper,0.0,5,1,1
86,31,60,63.0,3.0,11.0,3,2,0.667,1,mobile_app,0.29,1,0,0
52,12,120,133.0,13.0,4.0,5,4,0.8,1,mobile_app,0.73,3,0,0
119,59,120,124.0,4.0,6.0,6,5,0.833,1,mobile_app,1.23,4,0,0
84,39,90,91.0,1.0,2.0,6,5,0.833,1,paper,0.0,4,0,0
65,20,30,34.0,4.0,-6.0,3,2,0.667,0,paper,0.0,6,1,1
119,35,60,68.0,8.0,-4.0,4,3,0.75,1,mobile_app,0.64,2,0,0
97,24,120,109.0,-11.0,0.0,4,2,0.5,0,mobile_app,0.87,5,1,1
56,10,60,91.0,31.0,-21.0,3,2,0.667,1,mobile_app,0.05,2,0,1
3,52,120,118.0,-2.0,-2.0,4,3,0.75,1,mobile_app,0.63,5,1,1
12,53,90,89.0,-1.0,-1.0,3,2,0.667,1,mobile_app,0.26,0,0,1
54,50,30,25.0,-5.0,1.0,2,1,0.5,1,mobile_app,1.2,1,0,1
68,22,60,48.0,-12.0,16.0,4,3,0.75,1,mobile_app,0.58,0,0,0
4,16,90,101.0,11.0,1.0,3,2,0.667,1,mobile_app,0.91,1,0,1
16,3,30,61.0,31.0,-22.0,3,2,0.667,1,paper,0.0,3,0,1
85,44,60,57.0,-3.0,-4.0,5,5,1.0,1,mobile_app,0.0,6,1,0
91,20,90,94.0,4.0,2.0,5,4,0.8,1,mobile_app,0.16,0,0,0
4,53,60,61.0,1.0,0.0,2,1,0.5,1,paper,0.0,4,0,1
61,52,60,64.0,4.0,5.0,3,2,0.667,1,mobile_app,0.46,0,0,1
10,8,90,118.0,28.0,10.0,2,1,0.5,1,mobile_app,0.22,1,0,1
87,55,90,95.0,5.0,3.0,6,5,0.833,0,mobile_app,0.47,0,0,1
101,9,60,57.0,-3.0,-2.0,6,5,0.833,1,mobile_app,0.22,4,0,0
105,29,120,125.0,5.0,8.0,4,3,0.75,1,paper,0.0,4,0,0
72,28,120,126.0,6.0,-7.0,6,5,0.833,1,mobile_app,0.18,1,0,0
76,57,60,60.0,0.0,3.0,5,3,0.6,1,paper,0.0,4,0,1
112,39,60,53.0,-7.0,-2.0,6,5,0.833,1,mobile_app,0.68,2,0,0
74,52,90,87.0,-3.0,-5.0,6,4,0.667,1,paper,0.0,5,1,1
54,36,60,68.0,8.0,4.0,4,3,0.75,1,mobile_app,0.0,3,0,0
91,49,90,96.0,6.0,5.0,4,3,0.75,1,mobile_app,0.15,6,1,0
71,51,60,59.0,-1.0,-1.0,5,3,0.6,1,mobile_app,1.06,4,0,0
102,51,60,61.0,1.0,5.0,2,2,1.0,1,mobile_app,0.96,6,1,0
63,25,60,71.0,11.0,-13.0,3,2,0.667,1,mobile_app,0.91,6,1,1
105,23,60,43.0,-17.0,-10.0,4,2,0.5,1,mobile_app,0.72,1,0,1
6,59,120,118.0,-2.0,-0.0,3,2,0.667,1,mobile_app,1.03,2,0,0
5,45,60,71.0,11.0,-2.0,4,3,0.75,1,mobile_app,0.39,2,0,0
12,55,120,121.0,1.0,-2.0,6,5,0.833,1,mobile_app,0.28,4,0,0
67,35,30,22.0,-8.0,1.0,5,3,0.6,1,mobile_app,0.21,3,0,0
86,55,90,90.0,0.0,-2.0,6,5,0.833,1,paper,0.0,3,0,0
26,43,120,126.0,6.0,-2.0,6,5,0.833,1,mobile_app,0.5,0,0,0
19,44,60,46.0,-14.0,1.0,3,3,1.0,1,mobile_app,0.33,3,0,0
104,11,30,32.0,2.0,-7.0,5,4,0.8,1,paper,0.0,1,0,0
91,34,90,87.0,-3.0,-1.0,3,2,0.667,1,paper,0.0,6,1,1
78,44,90,81.0,-9.0,-3.0,6,5,0.833,1,mobile_app,0.05,5,1,0
59,45,60,60.0,0.0,-5.0,2,1,0.5,1,mobile_app,0.11,1,0,0
51,57,60,60.0,0.0,2.0,3,3,1.0,1,mobile_app,0.13,2,0,0
3,20,90,90.0,0.0,15.0,6,4,0.667,1,mobile_app,1.1,4,0,0
23,18,60,56.0,-4.0,10.0,3,2,0.667,0,paper,0.0,3,0,1
108,58,90,86.0,-4.0,1.0,5,4,0.8,1,mobile_app,0.45,1,0,0
41,59,60,55.0,-5.0,-2.0,3,2,0.667,1,mobile_app,0.46,5,1,0
85,11,60,52.0,-8.0,-3.0,3,1,0.333,1,mobile_app,0.22,6,1,0
85,23,90,98.0,8.0,9.0,5,4,0.8,1,mobile_app,0.14,5,1,0
38,56,60,61.0,1.0,-7.0,5,5,1.0,1,paper,0.0,2,0,1
25,12,120,119.0,-1.0,-4.0,3,2,0.667,1,paper,0.0,6,1,0
84,47,60,55.0,-5.0,3.0,6,5,0.833,1,paper,0.0,6,1,0
12,7,60,55.0,-5.0,-12.0,2,1,0.5,1,mobile_app,0.16,6,1,0
60,11,60,69.0,9.0,4.0,2,1,0.5,1,mobile_app,0.36,5,1,0
107,47,60,63.0,3.0,2.0,6,5,0.833,1,paper,0.0,2,0,0
86,36,90,87.0,-3.0,-9.0,2,1,0.5,1,mobile_app,0.54,3,0,1
92,33,90,70.0,-20.0,1.0,3,2,0.667,1,paper,0.0,4,0,1
10,51,90,87.0,-3.0,-2.0,2,1,0.5,1,mobile_app,0.57,5,1,1
24,19,60,55.0,-5.0,4.0,3,2,0.667,1,mobile_app,1.28,0,0,0
34,30,60,52.0,-8.0,5.0,2,1,0.5,1,mobile_app,0.08,0,0,0
36,36,30,27.0,-3.0,2.0,3,2,0.667,1,paper,0.0,6,1,1
24,44,90,95.0,5.0,0.0,3,2,0.667,1,mobile_app,0.42,4,0,0
117,20,60,60.0,0.0,3.0,2,1,0.5,1,paper,0.0,1,0,1
20,38,60,67.0,7.0,-7.0,5,4,0.8,1,mobile_app,0.43,6,1,0
85,27,60,46.0,-14.0,-0.0,2,1,0.5,1,mobile_app,0.25,2,0,0
71,32,60,58.0,-2.0,-5.0,4,3,0.75,1,mobile_app,0.08,4,0,0
74,51,90,82.0,-8.0,4.0,3,2,0.667,1,mobile_app,0.63,6,1,1
26,24,90,86.0,-4.0,5.0,5,4,0.8,1,mobile_app,1.64,5,1,0
37,40,120,113.0,-7.0,4.0,3,2,0.667,1,mobile_app,0.49,4,0,1
73,56,30,35.0,5.0,5.0,4,4,1.0,1,paper,0.0,3,0,0
36,45,60,62.0,2.0,-1.0,6,5,0.833,1,mobile_app,0.7,2,0,0
84,59,30,34.0,4.0,-2.0,2,1,0.5,1,mobile_app,1.03,1,0,0
5,35,90,87.0,-3.0,-2.0,4,3,0.75,1,paper,0.0,0,0,0
9,17,90,79.0,-11.0,-15.0,4,3,0.75,0,mobile_app,0.95,0,0,1
88,59,60,56.0,-4.0,-5.0,5,3,0.6,1,mobile_app,0.58,3,0,0
75,39,90,92.0,2.0,3.0,4,3,0.75,0,paper,0.0,2,0,1
6,15,60,81.0,21.0,-13.0,5,4,0.8,1,paper,0.0,4,0,0
108,19,60,64.0,4.0,-9.0,5,3,0.6,0,mobile_app,0.06,3,0,1
1,16,60,56.0,-4.0,-1.0,5,3,0.6,1,paper,0.0,4,0,1
115,50,30,29.0,-1.0,-2.0,5,4,0.8,1,mobile_app,0.95,1,0,0
88,6,120,120.0,0.0,10.0,6,4,0.667,1,mobile_app,0.09,1,0,1
119,44,90,101.0,11.0,0.0,2,1,0.5,0,mobile_app,0.83,0,0,1
114,33,90,100.0,10.0,-5.0,4,3,0.75,1,paper,0.0,4,0,0
38,5,120,123.0,3.0,11.0,6,4,0.667,1,mobile_app,0.03,6,1,0
91,37,90,91.0,1.0,4.0,2,1,0.5,1,mobile_app,0.76,2,0,0
26,45,60,62.0,2.0,-6.0,6,6,1.0,1,mobile_app,0.01,1,0,1
57,43,30,33.0,3.0,1.0,2,1,0.5,1,mobile_app,0.82,6,1,1
29,32,60,57.0,-3.0,-5.0,5,4,0.8,1,mobile_app,1.09,1,0,0
59,20,120,111.0,-9.0,-6.0,2,1,0.5,1,mobile_app,0.07,4,0,1
105,10,120,133.0,13.0,19.0,5,4,0.8,0,paper,0.0,6,1,0
53,1,90,90.0,0.0,1.0,6,5,0.833,1,mobile_app,0.07,6,1,1
12,22,60,69.0,9.0,-2.0,6,4,0.667,1,mobile_app,0.12,1,0,0
39,38,60,71.0,11.0,0.0,4,3,0.75,1,mobile_app,0.04,0,0,0
95,3,120,127.0,7.0,10.0,6,5,0.833,1,paper,0.0,2,0,0
63,59,30,31.0,1.0,-2.0,2,1,0.5,1,mobile_app,0.63,6,1,1
68,35,60,84.0,24.0,-3.0,3,2,0.667,1,mobile_app,0.22,3,0,1
52,18,60,62.0,2.0,6.0,2,1,0.5,1,mobile_app,0.54,6,1,1
36,57,60,56.0,-4.0,-5.0,5,4,0.8,1,mobile_app,0.33,5,1,0
72,11,90,87.0,-3.0,10.0,6,5,0.833,1,paper,0.0,3,0,0
76,57,120,126.0,6.0,-5.0,6,4,0.667,1,mobile_app,0.78,6,1,0
108,17,90,76.0,-14.0,-2.0,4,3,0.75,0,mobile_app,0.76,6,1,1
75,23,60,53.0,-7.0,-13.0,2,1,0.5,1,paper,0.0,4,0,0
120,26,60,70.0,10.0,-8.0,2,1,0.5,1,mobile_app,0.47,5,1,1
100,59,120,119.0,-1.0,4.0,5,4,0.8,1,mobile_app,0.4,3,0,0
10,15,60,59.0,-1.0,10.0,6,5,0.833,0,mobile_app,1.68,6,1,1
48,58,60,64.0,4.0,3.0,6,5,0.833,1,paper,0.0,2,0,0
47,21,90,83.0,-7.0,-12.0,5,4,0.8,1,paper,0.0,5,1,0
1,17,60,44.0,-16.0,-10.0,6,4,0.667,1,mobile_app,0.19,6,1,0
22,38,30,21.0,-9.0,2.0,4,3,0.75,1,mobile_app,0.27,6,1,0
92,41,120,124.0,4.0,4.0,2,1,0.5,1,mobile_app,0.37,6,1,0
43,21,90,93.0,3.0,-7.0,4,3,0.75,1,mobile_app,1.49,1,0,0
18,8,60,51.0,-9.0,-6.0,2,1,0.5,1,mobile_app,0.45,6,1,0
35,24,60,49.0,-11.0,-9.0,5,3,0.6,1,mobile_app,0.21,1,0,1
33,32,120,118.0,-2.0,11.0,3,2,0.667,1,mobile_app,0.81,1,0,1
21,3,90,105.0,15.0,-5.0,3,2,0.667,1,mobile_app,0.24,3,0,1
13,5,90,79.0,-11.0,0.0,2,1,0.5,1,mobile_app,0.88,1,0,1
92,55,30,28.0,-2.0,0.0,6,4,0.667,1,paper,0.0,5,1,1
99,3,120,104.0,-16.0,13.0,4,3,0.75,0,mobile_app,0.34,6,1,1
60,25,120,117.0,-3.0,-7.0,5,4,0.8,1,paper,0.0,1,0,1
74,46,60,62.0,2.0,5.0,4,4,1.0,1,mobile_app,0.23,2,0,0
111,20,60,82.0,22.0,-11.0,5,4,0.8,1,mobile_app,0.67,2,0,0
102,30,90,92.0,2.0,8.0,4,3,0.75,1,mobile_app,0.84,0,0,0
4,6,90,89.0,-1.0,-19.0,5,4,0.8,1,paper,0.0,1,0,0
115,47,90,94.0,4.0,-0.0,2,2,1.0,1,paper,0.0,6,1,0
9,38,120,125.0,5.0,9.0,6,4,0.667,1,mobile_app,0.22,6,1,1
4,51,90,88.0,-2.0,2.0,4,3,0.75,1,mobile_app,0.55,3,0,0
49,51,60,70.0,10.0,1.0,2,1,0.5,1,mobile_app,0.39,5,1,0
90,21,60,60.0,0.0,-9.0,6,5,0.833,0,mobile_app,0.5,0,0,0
10,3,90,93.0,3.0,-8.0,2,1,0.5,1,mobile_app,0.21,0,0,1
36,21,60,66.0,6.0,11.0,4,3,0.75,1,paper,0.0,6,1,0
32,9,60,64.0,4.0,5.0,5,4,0.8,1,mobile_app,0.18,0,0,0
48,32,90,102.0,12.0,6.0,3,2,0.667,1,paper,0.0,4,0,1
119,9,60,53.0,-7.0,1.0,3,2,0.667,1,mobile_app,0.04,6,1,0
40,55,90,93.0,3.0,-1.0,3,3,1.0,1,mobile_app,0.17,5,1,0
26,36,30,31.0,1.0,5.0,5,3,0.6,1,mobile_app,0.38,2,0,0
15,15,60,71.0,11.0,2.0,4,3,0.75,1,paper,0.0,3,0,0
24,55,60,59.0,-1.0,-1.0,4,3,0.75,1,mobile_app,0.29,4,0,0
16,46,90,88.0,-2.0,-6.0,4,3,0.75,1,mobile_app,0.49,3,0,0
69,26,90,97.0,7.0,7.0,3,2,0.667,1,mobile_app,0.16,6,1,0
51,9,60,65.0,5.0,5.0,6,5,0.833,1,mobile_app,0.27,0,0,0
60,21,60,52.0,-8.0,-5.0,3,2,0.667,1,mobile_app,0.35,6,1,0
100,35,30,40.0,10.0,7.0,6,5,0.833,1,mobile_app,0.09,6,1,0
70,46,90,94.0,4.0,1.0,5,4,0.8,1,paper,0.0,0,0,0
19,16,120,119.0,-1.0,2.0,2,1,0.5,1,mobile_app,0.37,3,0,0
46,44,90,87.0,-3.0,4.0,2,1,0.5,1,paper,0.0,4,0,1
38,17,60,64.0,4.0,6.0,4,3,0.75,1,paper,0.0,6,1,1
100,15,90,98.0,8.0,3.0,2,1,0.5,1,mobile_app,0.32,6,1,1
37,27,60,46.0,-14.0,-1.0,6,5,0.833,1,mobile_app,0.09,3,0,0
17,10,30,35.0,5.0,20.0,4,3,0.75,1,mobile_app,0.21,1,0,0
89,24,60,66.0,6.0,-6.0,6,4,0.667,1,mobile_app,0.66,5,1,1
52,22,30,10.0,-20.0,6.0,2,1,0.5,1,paper,0.0,4,0,1
12,17,60,62.0,2.0,-1.0,2,1,0.5,1,paper,0.0,3,0,1
83,46,90,94.0,4.0,2.0,5,4,0.8,1,mobile_app,0.5,5,1,0
26,20,60,66.0,6.0,11.0,6,4,0.667,1,mobile_app,0.08,0,0,0
105,42,90,95.0,5.0,-2.0,6,4,0.667,1,mobile_app,0.03,0,0,1
100,43,120,118.0,-2.0,3.0,5,4,0.8,1,mobile_app,0.07,3,0,0
45,40,60,53.0,-7.0,1.0,5,4,0.8,1,mobile_app,0.41,2,0,0
67,16,60,40.0,-20.0,-6.0,2,1,0.5,1,paper,0.0,1,0,0
69,49,90,95.0,5.0,5.0,5,4,0.8,1,mobile_app,0.72,1,0,0
79,14,30,38.0,8.0,7.0,5,3,0.6,1,paper,0.0,3,0,1
9,17,60,73.0,13.0,-4.0,3,2,0.667,1,mobile_app,0.3,0,0,0
39,52,60,57.0,-3.0,4.0,6,4,0.667,1,mobile_app,0.82,4,0,0
21,21,90,98.0,8.0,-7.0,6,3,0.5,0,mobile_app,0.45,0,0,1
84,42,90,81.0,-9.0,-0.0,6,5,0.833,1,mobile_app,0.71,4,0,0
9,3,90,78.0,-12.0,-5.0,6,5,0.833,1,mobile_app,0.21,2,0,1
63,37,90,91.0,1.0,4.0,4,3,0.75,1,mobile_app,0.18,1,0,0
88,52,60,63.0,3.0,-2.0,6,5,0.833,1,mobile_app,0.04,4,0,0
114,42,90,100.0,10.0,4.0,2,1,0.5,1,mobile_app,0.37,4,0,0
35,35,120,118.0,-2.0,4.0,3,2,0.667,0,mobile_app,0.6,6,1,1
1,51,60,56.0,-4.0,-1.0,5,4,0.8,1,mobile_app,0.46,3,0,0
87,18,120,110.0,-10.0,16.0,2,1,0.5,1,mobile_app,0.65,6,1,1
1,23,120,113.0,-7.0,-6.0,6,5,0.833,1,mobile_app,0.08,3,0,0
8,5,60,90.0,30.0,-16.0,2,1,0.5,1,mobile_app,0.33,6,1,0
119,42,30,35.0,5.0,4.0,3,2,0.667,1,paper,0.0,1,0,1
104,43,60,66.0,6.0,-10.0,3,2,0.667,1,mobile_app,0.17,5,1,0
85,45,90,89.0,-1.0,7.0,4,3,0.75,1,paper,0.0,1,0,0
101,45,30,30.0,0.0,0.0,2,1,0.5,1,mobile_app,0.16,0,0,0
10,8,60,69.0,9.0,-15.0,6,5,0.833,1,mobile_app,0.22,0,0,0
11,40,90,87.0,-3.0,-5.0,6,5,0.833,1,mobile_app,0.81,2,0,0
37,46,120,118.0,-2.0,-7.0,5,3,0.6,1,mobile_app,0.39,0,0,0
3,13,90,82.0,-8.0,4.0,2,1,0.5,1,mobile_app,0.65,5,1,1
107,29,90,86.0,-4.0,-10.0,3,2,0.667,1,mobile_app,1.3,0,0,1
7,54,60,60.0,0.0,2.0,3,2,0.667,1,mobile_app,0.91,6,1,1
66,25,30,22.0,-8.0,-2.0,5,3,0.6,1,mobile_app,0.3,2,0,1
103,45,90,92.0,2.0,-2.0,6,5,0.833,1,mobile_app,0.96,3,0,0
89,32,60,62.0,2.0,3.0,6,5,0.833,1,mobile_app,0.37,5,1,0
29,39,60,59.0,-1.0,3.0,6,5,0.833,1,mobile_app,0.02,4,0,0
57,37,120,114.0,-6.0,7.0,5,4,0.8,1,mobile_app,0.34,5,1,0
66,39,60,61.0,1.0,-3.0,3,2,0.667,1,mobile_app,0.17,6,1,0
93,46,90,87.0,-3.0,-0.0,3,2,0.667,1,mobile_app,0.37,2,0,1
52,54,90,90.0,0.0,-2.0,3,2,0.667,1,mobile_app,0.46,4,0,1
35,18,90,102.0,12.0,1.0,2,1,0.5,1,mobile_app,1.02,4,0,1
96,55,60,55.0,-5.0,-2.0,6,5,0.833,1,paper,0.0,5,1,0
107,38,60,75.0,15.0,-2.0,4,3,0.75,1,mobile_app,0.07,2,0,0
59,36,60,59.0,-1.0,-3.0,6,5,0.833,1,mobile_app,0.51,6,1,0
4,20,90,94.0,4.0,3.0,6,4,0.667,1,mobile_app,0.53,1,0,1
61,25,60,53.0,-7.0,0.0,5,4,0.8,1,mobile_app,0.22,4,0,0
107,39,60,68.0,8.0,3.0,2,1,0.5,1,mobile_app,0.63,6,1,1
119,22,90,89.0,-1.0,-1.0,4,3,0.75,1,mobile_app,0.27,0,0,0
49,17,30,26.0,-4.0,-5.0,4,3,0.75,0,mobile_app,0.61,3,0,1
19,49,60,57.0,-3.0,1.0,5,3,0.6,1,paper,0.0,6,1,0
69,25,60,57.0,-3.0,-7.0,4,3,0.75,1,mobile_app,0.18,1,0,0
100,39,60,63.0,3.0,3.0,5,4,0.8,1,paper,0.0,5,1,0
114,2,30,32.0,2.0,-3.0,2,1,0.5,0,paper,0.0,5,1,1
7,5,60,59.0,-1.0,2.0,2,1,0.5,1,mobile_app,0.51,1,0,0
35,51,120,117.0,-3.0,1.0,6,5,0.833,1,mobile_app,0.99,4,0,0
58,9,120,110.0,-10.0,17.0,4,3,0.75,1,mobile_app,0.28,6,1,0
12,47,90,88.0,-2.0,2.0,6,4,0.667,1,paper,0.0,2,0,0
107,54,90,92.0,2.0,0.0,6,5,0.833,1,paper,0.0,0,0,0
14,29,90,96.0,6.0,-5.0,2,1,0.5,1,mobile_app,0.99,1,0,0
80,53,120,123.0,3.0,3.0,5,4,0.8,1,mobile_app,0.18,6,1,0
111,26,60,60.0,0.0,-2.0,2,1,0.5,0,mobile_app,0.31,6,1,1
83,57,30,31.0,1.0,-5.0,2,1,0.5,1,paper,0.0,5,1,0
92,14,90,88.0,-2.0,-2.0,3,2,0.667,1,mobile_app,0.65,4,0,1
32,26,120,104.0,-16.0,1.0,5,4,0.8,1,mobile_app,0.53,1,0,0
100,23,60,58.0,-2.0,-7.0,2,1,0.5,1,paper,0.0,4,0,1
51,47,60,58.0,-2.0,-0.0,5,4,0.8,1,mobile_app,0.38,6,1,0
8,3,60,46.0,-14.0,-1.0,3,2,0.667,1,mobile_app,0.78,5,1,1
44,49,60,57.0,-3.0,-0.0,3,2,0.667,1,mobile_app,0.52,0,0,0
42,2,90,92.0,2.0,14.0,3,2,0.667,1,mobile_app,0.54,4,0,1
63,19,60,48.0,-12.0,-12.0,3,2,0.667,1,mobile_app,0.29,6,1,0
32,36,120,115.0,-5.0,12.0,3,2,0.667,1,mobile_app,0.13,0,0,0
56,9,90,110.0,20.0,-0.0,3,2,0.667,1,mobile_app,0.67,4,0,0
52,29,30,16.0,-14.0,4.0,4,3,0.75,1,mobile_app,0.43,4,0,0
40,59,90,89.0,-1.0,0.0,6,4,0.667,1,paper,0.0,3,0,0
84,49,90,85.0,-5.0,-7.0,4,3,0.75,1,paper,0.0,5,1,0
37,2,60,49.0,-11.0,-12.0,2,1,0.5,1,mobile_app,0.18,6,1,1
92,35,60,59.0,-1.0,-3.0,5,4,0.8,1,mobile_app,0.51,4,0,0
31,36,90,83.0,-7.0,6.0,6,3,0.5,1,paper,0.0,0,0,1
104,5,60,68.0,8.0,-15.0,4,3,0.75,1,mobile_app,0.06,3,0,0
44,39,60,69.0,9.0,-5.0,4,3,0.75,1,paper,0.0,3,0,0
5,31,60,67.0,7.0,1.0,5,4,0.8,1,paper,0.0,1,0,0
18,41,60,66.0,6.0,2.0,6,4,0.667,1,paper,0.0,5,1,1
97,18,90,75.0,-15.0,4.0,2,1,0.5,1,mobile_app,1.14,4,0,1
105,16,60,57.0,-3.0,-9.0,6,5,0.833,1,mobile_app,0.02,0,0,0
26,44,90,93.0,3.0,-7.0,6,5,0.833,1,mobile_app,0.02,5,1,0
73,43,60,65.0,5.0,3.0,6,5,0.833,1,mobile_app,0.25,0,0,0
69,10,90,112.0,22.0,15.0,4,2,0.5,1,mobile_app,0.69,6,1,0
17,13,60,73.0,13.0,-3.0,6,5,0.833,1,mobile_app,0.72,4,0,0
55,35,120,127.0,7.0,-7.0,2,1,0.5,1,mobile_app,0.09,6,1,0
84,49,120,132.0,12.0,-2.0,4,3,0.75,1,mobile_app,0.88,2,0,0
117,12,60,61.0,1.0,4.0,6,5,0.833,1,mobile_app,0.1,1,0,0
102,13,90,87.0,-3.0,-2.0,3,2,0.667,1,mobile_app,0.04,3,0,0
12,48,60,61.0,1.0,6.0,5,3,0.6,1,mobile_app,0.27,5,1,0
29,42,90,85.0,-5.0,5.0,3,3,1.0,1,mobile_app,0.59,4,0,0
53,54,90,90.0,0.0,1.0,4,3,0.75,1,paper,0.0,3,0,0
19,47,60,51.0,-9.0,-8.0,5,4,0.8,1,paper,0.0,2,0,0
69,57,60,58.0,-2.0,-2.0,6,4,0.667,1,paper,0.0,5,1,1
2,12,60,59.0,-1.0,-5.0,3,2,0.667,1,mobile_app,0.02,1,0,1
14,17,90,100.0,10.0,-7.0,5,4,0.8,1,paper,0.0,0,0,0
6,15,90,103.0,13.0,2.0,4,2,0.5,1,mobile_app,0.22,1,0,0
36,4,30,17.0,-13.0,2.0,3,2,0.667,1,paper,0.0,1,0,0
92,46,60,71.0,11.0,-7.0,2,2,1.0,1,mobile_app,0.24,1,0,0
22,40,60,61.0,1.0,4.0,2,1,0.5,1,mobile_app,0.23,2,0,1
119,6,60,63.0,3.0,0.0,5,4,0.8,1,mobile_app,0.31,5,1,0
33,12,30,11.0,-19.0,4.0,2,1,0.5,0,mobile_app,0.41,1,0,1
6,12,60,53.0,-7.0,7.0,2,1,0.5,1,mobile_app,0.53,0,0,1
41,24,120,130.0,10.0,-6.0,2,1,0.5,1,mobile_app,0.26,2,0,0
90,27,60,62.0,2.0,9.0,3,2,0.667,1,mobile_app,0.71,6,1,1
13,18,90,91.0,1.0,-1.0,2,1,0.5,1,paper,0.0,6,1,0
9,55,60,61.0,1.0,5.0,4,3,0.75,1,mobile_app,1.32,0,0,0
102,13,60,43.0,-17.0,-9.0,6,4,0.667,1,mobile_app,0.11,0,0,0
72,34,90,89.0,-1.0,9.0,4,3,0.75,1,paper,0.0,2,0,1
42,26,60,73.0,13.0,-7.0,5,4,0.8,1,mobile_app,0.51,1,0,0
91,23,60,71.0,11.0,21.0,6,5,0.833,1,paper,0.0,5,1,0
102,49,120,119.0,-1.0,-4.0,6,5,0.833,1,mobile_app,0.34,1,0,0
44,58,120,126.0,6.0,3.0,5,3,0.6,1,mobile_app,0.5,0,0,0
68,1,90,72.0,-18.0,-4.0,2,1,0.5,1,mobile_app,0.08,1,0,1
2,28,30,21.0,-9.0,5.0,5,4,0.8,1,paper,0.0,4,0,0
37,8,30,54.0,24.0,-0.0,5,4,0.8,1,mobile_app,1.15,1,0,0
72,26,60,65.0,5.0,-8.0,3,2,0.667,1,mobile_app,0.5,2,0,0
24,37,120,118.0,-2.0,-16.0,2,1,0.5,1,mobile_app,0.04,3,0,0
119,25,90,89.0,-1.0,20.0,2,1,0.5,1,paper,0.0,6,1,1
117,19,60,51.0,-9.0,1.0,3,2,0.667,1,paper,0.0,6,1,0
31,19,120,123.0,3.0,-26.0,5,4,0.8,1,mobile_app,1.21,1,0,0
48,18,30,32.0,2.0,3.0,6,5,0.833,1,mobile_app,0.78,2,0,0
23,20,60,60.0,0.0,6.0,2,1,0.5,1,mobile_app,0.46,0,0,0
61,23,60,49.0,-11.0,-6.0,4,3,0.75,1,paper,0.0,2,0,0
15,41,60,62.0,2.0,-4.0,6,4,0.667,1,mobile_app,0.26,4,0,1
47,6,120,113.0,-7.0,-0.0,2,1,0.5,1,mobile_app,0.71,3,0,1
67,3,120,106.0,-14.0,14.0,6,5,0.833,1,mobile_app,0.5,2,0,0
74,31,30,40.0,10.0,1.0,2,1,0.5,1,mobile_app,0.01,0,0,0
72,41,60,73.0,13.0,8.0,3,2,0.667,1,mobile_app,0.26,6,1,0
27,16,60,82.0,22.0,11.0,2,1,0.5,1,paper,0.0,2,0,1
96,12,30,38.0,8.0,-2.0,5,4,0.8,1,mobile_app,0.36,6,1,0
84,37,60,58.0,-2.0,-9.0,4,3,0.75,1,mobile_app,0.28,5,1,0
91,23,60,59.0,-1.0,-2.0,4,3,0.75,1,mobile_app,0.08,5,1,0
57,44,60,62.0,2.0,2.0,4,3,0.75,1,mobile_app,0.03,2,0,0
108,9,60,55.0,-5.0,1.0,3,2,0.667,1,mobile_app,0.58,0,0,0
47,8,60,77.0,17.0,7.0,5,4,0.8,1,paper,0.0,1,0,0
97,33,120,104.0,-16.0,6.0,4,3,0.75,1,mobile_app,0.52,4,0,0
25,24,60,57.0,-3.0,4.0,5,4,0.8,1,paper,0.0,4,0,0
30,44,60,64.0,4.0,-1.0,5,3,0.6,1,paper,0.0,0,0,0
64,30,60,53.0,-7.0,4.0,5,4,0.8,1,mobile_app,0.49,6,1,0
67,21,90,88.0,-2.0,19.0,6,5,0.833,0,mobile_app,0.58,0,0,1
90,10,30,37.0,7.0,-15.0,4,3,0.75,1,paper,0.0,3,0,0
36,10,30,49.0,19.0,5.0,3,2,0.667,1,mobile_app,0.37,1,0,1
105,45,90,83.0,-7.0,8.0,5,3,0.6,1,mobile_app,0.24,1,0,1
40,14,90,74.0,-16.0,-11.0,5,4,0.8,1,mobile_app,0.82,3,0,0
65,30,60,52.0,-8.0,7.0,4,3,0.75,1,mobile_app,1.03,2,0,0
112,49,60,53.0,-7.0,4.0,3,3,1.0,1,mobile_app,1.34,3,0,1
65,53,120,114.0,-6.0,-5.0,6,6,1.0,1,mobile_app,0.47,6,1,0
82,16,30,19.0,-11.0,7.0,3,2,0.667,1,mobile_app,0.89,5,1,0
110,7,60,76.0,16.0,-3.0,2,1,0.5,1,mobile_app,0.55,2,0,0
117,46,60,58.0,-2.0,-0.0,5,4,0.8,1,paper,0.0,3,0,0
60,41,60,60.0,0.0,-2.0,2,1,0.5,1,mobile_app,0.16,2,0,0
51,20,90,80.0,-10.0,11.0,5,3,0.6,1,mobile_app,0.85,1,0,1
24,36,90,95.0,5.0,-1.0,6,4,0.667,1,paper,0.0,3,0,0
65,12,60,83.0,23.0,-5.0,5,4,0.8,1,paper,0.0,0,0,0
111,42,90,85.0,-5.0,-2.0,3,3,1.0,1,mobile_app,0.41,1,0,0
59,43,60,70.0,10.0,-2.0,6,4,0.667,0,mobile_app,0.34,3,0,1
42,18,90,94.0,4.0,-10.0,2,1,0.5,1,mobile_app,0.04,5,1,1
13,28,30,30.0,0.0,-3.0,2,1,0.5,1,mobile_app,0.25,4,0,0
47,20,60,64.0,4.0,1.0,3,2,0.667,1,paper,0.0,6,1,1
29,2,90,95.0,5.0,5.0,4,3,0.75,1,mobile_app,0.8,1,0,0
118,8,60,84.0,24.0,13.0,5,3,0.6,1,mobile_app,0.78,0,0,0
64,57,30,32.0,2.0,1.0,3,2,0.667,1,paper,0.0,4,0,0
17,27,60,65.0,5.0,-4.0,6,5,0.833,1,mobile_app,0.05,3,0,0
9,9,90,85.0,-5.0,-11.0,6,5,0.833,1,mobile_app,0.03,6,1,0
103,3,30,42.0,12.0,3.0,3,2,0.667,1,mobile_app,0.71,0,0,1
112,21,90,80.0,-10.0,-1.0,2,1,0.5,1,mobile_app,0.84,1,0,0
92,58,90,90.0,0.0,-0.0,5,4,0.8,1,mobile_app,0.18,2,0,0
15,23,90,118.0,28.0,2.0,2,1,0.5,1,mobile_app,0.47,5,1,1
12,59,60,51.0,-9.0,2.0,3,2,0.667,1,mobile_app,1.19,1,0,0
24,29,90,92.0,2.0,2.0,5,3,0.6,1,mobile_app,0.06,6,1,1
91,46,60,61.0,1.0,-1.0,2,1,0.5,1,mobile_app,0.34,0,0,1
92,47,120,119.0,-1.0,-3.0,3,2,0.667,1,mobile_app,0.16,6,1,1
101,2,90,87.0,-3.0,-7.0,6,5,0.833,1,mobile_app,0.12,4,0,0
12,1,30,31.0,1.0,10.0,5,3,0.6,0,mobile_app,0.23,0,0,1
19,55,90,89.0,-1.0,-1.0,5,5,1.0,1,mobile_app,0.36,6,1,0
109,56,60,61.0,1.0,-4.0,6,6,1.0,1,paper,0.0,0,0,0
112,8,60,54.0,-6.0,12.0,5,4,0.8,1,mobile_app,0.55,2,0,0
88,39,60,73.0,13.0,-5.0,4,3,0.75,1,mobile_app,0.09,5,1,0
13,55,90,89.0,-1.0,0.0,5,4,0.8,1,mobile_app,1.07,2,0,0
9,57,90,92.0,2.0,1.0,4,3,0.75,1,mobile_app,0.29,2,0,0
7,18,120,113.0,-7.0,0.0,3,2,0.667,1,mobile_app,0.66,2,0,0
84,49,60,64.0,4.0,-9.0,6,4,0.667,1,mobile_app,0.03,1,0,1
102,39,90,95.0,5.0,2.0,4,3,0.75,1,mobile_app,0.13,4,0,0
76,55,90,92.0,2.0,4.0,5,4,0.8,1,paper,0.0,3,0,0
32,9,90,77.0,-13.0,8.0,4,3,0.75,1,paper,0.0,5,1,0
91,36,60,55.0,-5.0,-13.0,2,1,0.5,1,mobile_app,1.13,3,0,0
8,2,60,84.0,24.0,25.0,2,1,0.5,1,mobile_app,0.96,3,0,1
100,22,90,82.0,-8.0,-11.0,6,5,0.833,1,mobile_app,0.37,1,0,0
108,1,60,69.0,9.0,-13.0,4,3,0.75,1,mobile_app,1.1,1,0,0
87,27,60,51.0,-9.0,6.0,4,3,0.75,1,mobile_app,0.36,0,0,0
106,48,60,65.0,5.0,2.0,2,1,0.5,1,paper,0.0,6,1,1
71,39,60,55.0,-5.0,0.0,5,4,0.8,1,mobile_app,0.88,5,1,0
57,19,30,20.0,-10.0,-5.0,3,2,0.667,1,paper,0.0,1,0,1
39,26,30,23.0,-7.0,10.0,4,3,0.75,0,mobile_app,1.14,3,0,1
111,22,90,84.0,-6.0,-0.0,3,2,0.667,0,paper,0.0,3,0,1
84,44,120,122.0,2.0,-7.0,3,2,0.667,1,mobile_app,0.32,1,0,1
23,16,60,61.0,1.0,12.0,2,1,0.5,1,mobile_app,0.29,0,0,1
115,6,30,16.0,-14.0,2.0,6,5,0.833,1,mobile_app,0.59,6,1,0
8,30,90,90.0,0.0,8.0,2,1,0.5,1,mobile_app,1.3,2,0,0
71,49,60,55.0,-5.0,2.0,2,1,0.5,1,mobile_app,0.77,5,1,1
23,29,120,126.0,6.0,17.0,3,2,0.667,1,mobile_app,0.26,4,0,1
80,13,60,70.0,10.0,-3.0,6,4,0.667,1,paper,0.0,2,0,1
50,3,60,60.0,0.0,0.0,5,4,0.8,1,paper,0.0,4,0,0
53,56,60,61.0,1.0,2.0,6,6,1.0,1,mobile_app,0.76,1,0,0
81,45,60,69.0,9.0,-1.0,3,2,0.667,1,mobile_app,0.39,1,0,1
91,10,90,88.0,-2.0,8.0,6,4,0.667,1,paper,0.0,5,1,0
46,5,30,17.0,-13.0,-33.0,2,1,0.5,1,paper,0.0,5,1,1
120,8,120,127.0,7.0,-1.0,2,1,0.5,1,mobile_app,0.36,5,1,1
60,23,90,79.0,-11.0,-1.0,4,3,0.75,1,mobile_app,0.33,4,0,0
20,48,120,119.0,-1.0,-1.0,4,3,0.75,1,mobile_app,0.92,6,1,0
1,10,120,113.0,-7.0,-9.0,3,2,0.667,1,mobile_app,0.86,2,0,1
25,49,60,57.0,-3.0,3.0,2,1,0.5,1,paper,0.0,0,0,0
83,1,60,56.0,-4.0,-6.0,3,2,0.667,1,mobile_app,0.34,1,0,0
65,44,90,95.0,5.0,1.0,3,3,1.0,1,mobile_app,0.1,4,0,0
41,17,60,72.0,12.0,-0.0,5,4,0.8,0,mobile_app,0.25,4,0,0
58,57,30,33.0,3.0,2.0,3,2,0.667,1,mobile_app,0.46,1,0,1
101,29,60,63.0,3.0,10.0,3,2,0.667,1,mobile_app,0.41,5,1,1
69,16,60,57.0,-3.0,2.0,4,3,0.75,1,mobile_app,0.22,6,1,0
7,15,120,93.0,-27.0,8.0,4,3,0.75,1,mobile_app,0.82,0,0,0
6,49,60,62.0,2.0,1.0,4,4,1.0,1,mobile_app,0.66,0,0,0
58,24,90,68.0,-22.0,-4.0,2,1,0.5,1,mobile_app,0.24,4,0,1
49,21,120,100.0,-20.0,-1.0,6,5,0.833,1,paper,0.0,3,0,0
103,44,60,59.0,-1.0,-1.0,4,3,0.75,1,paper,0.0,4,0,0
70,32,90,92.0,2.0,4.0,3,2,0.667,1,mobile_app,0.75,4,0,1
91,40,30,27.0,-3.0,1.0,5,4,0.8,1,paper,0.0,0,0,0
71,27,30,44.0,14.0,-6.0,4,3,0.75,1,mobile_app,0.76,5,1,0
42,4,60,66.0,6.0,-3.0,2,1,0.5,1,mobile_app,0.74,1,0,0
79,1,60,56.0,-4.0,-18.0,5,3,0.6,1,mobile_app,0.17,4,0,0
75,3,60,79.0,19.0,-2.0,2,1,0.5,1,paper,0.0,6,1,1
87,34,60,72.0,12.0,0.0,3,2,0.667,1,mobile_app,0.36,3,0,1
23,31,60,64.0,4.0,12.0,5,4,0.8,1,paper,0.0,2,0,0
77,45,30,26.0,-4.0,6.0,5,4,0.8,1,mobile_app,0.03,6,1,0
35,53,90,88.0,-2.0,-3.0,6,4,0.667,1,paper,0.0,2,0,1
95,11,30,12.0,-18.0,2.0,5,4,0.8,1,paper,0.0,4,0,0
96,57,90,90.0,0.0,1.0,3,2,0.667,1,paper,0.0,1,0,0
75,55,120,116.0,-4.0,-1.0,5,4,0.8,1,paper,0.0,3,0,0
114,37,90,88.0,-2.0,-1.0,5,3,0.6,1,mobile_app,0.38,0,0,0
65,32,60,62.0,2.0,-2.0,5,4,0.8,1,mobile_app,0.76,5,1,0
4,11,90,66.0,-24.0,19.0,5,3,0.6,1,mobile_app,0.45,4,0,0
73,11,90,75.0,-15.0,-4.0,6,4,0.667,1,paper,0.0,3,0,1
94,2,120,113.0,-7.0,4.0,4,2,0.5,1,mobile_app,0.84,5,1,1
13,39,120,120.0,0.0,-14.0,6,5,0.833,1,mobile_app,0.5,4,0,0
13,26,60,55.0,-5.0,6.0,5,4,0.8,1,mobile_app,0.35,2,0,0
33,12,90,87.0,-3.0,12.0,2,1,0.5,1,mobile_app,0.4,2,0,0
102,8,90,81.0,-9.0,-11.0,2,1,0.5,1,mobile_app,0.65,0,0,0
64,4,30,10.0,-20.0,-6.0,4,3,0.75,1,mobile_app,0.21,1,0,0
118,38,60,56.0,-4.0,3.0,4,3,0.75,1,paper,0.0,2,0,1
105,41,90,89.0,-1.0,0.0,6,5,0.833,1,mobile_app,0.63,3,0,0
67,38,90,88.0,-2.0,3.0,5,4,0.8,1,paper,0.0,6,1,0
82,7,60,61.0,1.0,-3.0,2,1,0.5,1,mobile_app,0.54,2,0,0
40,3,60,66.0,6.0,21.0,4,3,0.75,1,mobile_app,0.33,3,0,1
11,7,60,69.0,9.0,-7.0,4,3,0.75,1,paper,0.0,0,0,0
48,45,60,57.0,-3.0,12.0,6,4,0.667,1,mobile_app,0.44,0,0,0
72,44,120,111.0,-9.0,6.0,5,4,0.8,0,mobile_app,0.09,3,0,0
22,18,120,134.0,14.0,7.0,2,1,0.5,1,paper,0.0,2,0,1
27,4,60,65.0,5.0,-12.0,2,1,0.5,1,mobile_app,0.16,4,0,0
2,19,60,50.0,-10.0,8.0,3,2,0.667,1,mobile_app,0.92,5,1,1
89,48,90,91.0,1.0,2.0,4,3,0.75,1,mobile_app,0.21,0,0,0
108,9,90,103.0,13.0,-22.0,2,1,0.5,1,mobile_app,0.33,1,0,0
100,47,60,69.0,9.0,-6.0,5,4,0.8,1,mobile_app,0.4,3,0,0
46,28,60,62.0,2.0,3.0,2,1,0.5,1,mobile_app,0.07,0,0,1
72,9,30,43.0,13.0,-1.0,2,1,0.5,1,mobile_app,0.98,2,0,1
116,56,90,86.0,-4.0,-2.0,2,1,0.5,1,mobile_app,0.13,4,0,0
71,31,90,90.0,0.0,7.0,2,1,0.5,0,mobile_app,0.24,0,0,1
36,40,60,58.0,-2.0,-5.0,4,3,0.75,1,mobile_app,0.11,4,0,0
41,6,120,125.0,5.0,-5.0,6,5,0.833,1,mobile_app,0.05,0,0,0
88,22,90,106.0,16.0,-5.0,6,5,0.833,1,paper,0.0,5,1,0
54,38,120,122.0,2.0,3.0,6,4,0.667,1,paper,0.0,5,1,1
101,39,60,54.0,-6.0,-9.0,5,4,0.8,1,paper,0.0,0,0,0
104,4,60,43.0,-17.0,-6.0,4,3,0.75,1,mobile_app,0.73,3,0,0
5,36,120,132.0,12.0,-10.0,3,2,0.667,1,mobile_app,0.32,3,0,0
87,56,120,122.0,2.0,-1.0,4,3,0.75,1,paper,0.0,6,1,1
45,47,120,122.0,2.0,3.0,6,5,0.833,1,mobile_app,0.14,0,0,0
63,13,90,86.0,-4.0,7.0,2,1,0.5,1,mobile_app,0.29,4,0,1
32,54,60,61.0,1.0,-2.0,6,4,0.667,1,mobile_app,0.2,3,0,0
45,41,60,54.0,-6.0,3.0,6,5,0.833,1,mobile_app,0.8,6,1,0
40,4,60,65.0,5.0,-2.0,2,1,0.5,0,paper,0.0,5,1,1
7,8,120,105.0,-15.0,15.0,3,2,0.667,1,mobile_app,1.28,1,0,0
94,55,60,59.0,-1.0,-0.0,3,2,0.667,1,mobile_app,0.84,0,0,1
18,13,90,82.0,-8.0,-29.0,6,4,0.667,1,mobile_app,0.5,4,0,1
46,6,120,77.0,-43.0,10.0,4,3,0.75,1,paper,0.0,5,1,0
24,27,120,117.0,-3.0,-3.0,5,4,0.8,1,mobile_app,0.59,3,0,0
20,32,120,113.0,-7.0,-2.0,5,3,0.6,1,mobile_app,0.1,4,0,0
45,34,60,58.0,-2.0,2.0,2,1,0.5,1,paper,0.0,3,0,1
111,39,60,60.0,0.0,-8.0,5,3,0.6,1,paper,0.0,2,0,1
114,59,120,126.0,6.0,0.0,5,4,0.8,1,mobile_app,0.87,6,1,0
46,45,60,62.0,2.0,2.0,6,5,0.833,1,mobile_app,0.57,1,0,0
61,2,60,65.0,5.0,4.0,6,5,0.833,1,paper,0.0,3,0,0
119,6,120,127.0,7.0,-7.0,4,3,0.75,1,paper,0.0,6,1,1
29,1,90,102.0,12.0,12.0,6,5,0.833,1,mobile_app,0.53,1,0,0
114,24,60,64.0,4.0,-8.0,2,1,0.5,1,mobile_app,1.4,2,0,1
13,21,30,33.0,3.0,-5.0,5,3,0.6,1,mobile_app,0.15,4,0,0
28,56,60,63.0,3.0,-0.0,4,3,0.75,1,mobile_app,0.31,0,0,0
41,22,120,96.0,-24.0,2.0,2,1,0.5,1,mobile_app,0.07,1,0,1
5,2,90,119.0,29.0,-4.0,4,2,0.5,1,mobile_app,0.34,5,1,1
98,53,60,66.0,6.0,4.0,5,5,1.0,1,paper,0.0,0,0,0
103,16,60,62.0,2.0,3.0,4,3,0.75,1,mobile_app,0.71,2,0,0
47,54,120,115.0,-5.0,0.0,5,3,0.6,1,paper,0.0,4,0,1
101,46,120,126.0,6.0,1.0,5,4,0.8,1,mobile_app,0.0,5,1,0
93,52,60,57.0,-3.0,2.0,4,4,1.0,1,mobile_app,0.6,0,0,0
97,49,90,92.0,2.0,1.0,3,2,0.667,1,paper,0.0,3,0,0
97,9,60,44.0,-16.0,-19.0,3,2,0.667,1,mobile_app,1.48,4,0,1
69,37,60,76.0,16.0,6.0,5,4,0.8,1,mobile_app,0.5,2,0,0
14,25,60,46.0,-14.0,1.0,6,5,0.833,1,mobile_app,0.34,3,0,0
111,38,60,60.0,0.0,4.0,4,3,0.75,1,mobile_app,0.07,3,0,0
74,45,60,49.0,-11.0,-2.0,4,4,1.0,1,mobile_app,0.41,6,1,0
109,30,60,60.0,0.0,-13.0,6,5,0.833,1,paper,0.0,4,0,0
116,19,60,55.0,-5.0,-20.0,3,2,0.667,1,paper,0.0,2,0,1
23,55,60,64.0,4.0,-3.0,6,5,0.833,1,mobile_app,0.15,0,0,0
49,40,30,27.0,-3.0,3.0,3,2,0.667,1,mobile_app,0.62,2,0,0
24,53,90,94.0,4.0,4.0,3,2,0.667,1,mobile_app,0.06,5,1,0
7,14,60,48.0,-12.0,3.0,3,2,0.667,1,paper,0.0,3,0,0
116,50,30,29.0,-1.0,-4.0,2,1,0.5,1,mobile_app,0.46,2,0,1
111,20,120,117.0,-3.0,-7.0,4,3,0.75,1,mobile_app,0.32,4,0,0
112,28,60,64.0,4.0,10.0,3,2,0.667,1,mobile_app,1.02,6,1,1
107,51,120,122.0,2.0,-5.0,3,2,0.667,1,paper,0.0,1,0,0
78,21,90,97.0,7.0,18.0,5,4,0.8,1,mobile_app,0.94,6,1,0
63,15,90,93.0,3.0,18.0,4,3,0.75,1,mobile_app,0.56,2,0,0
119,55,60,62.0,2.0,6.0,2,2,1.0,1,mobile_app,0.67,4,0,0
67,57,60,57.0,-3.0,1.0,2,1,0.5,1,mobile_app,0.02,1,0,0
78,19,90,94.0,4.0,-3.0,6,5,0.833,1,mobile_app,0.01,0,0,0
26,19,90,107.0,17.0,3.0,3,2,0.667,1,mobile_app,0.78,2,0,0
90,14,60,41.0,-19.0,9.0,3,2,0.667,1,mobile_app,0.33,6,1,1
99,2,90,97.0,7.0,-8.0,2,1,0.5,1,mobile_app,0.32,6,1,0
82,33,60,65.0,5.0,-7.0,6,2,0.333,1,mobile_app,0.59,2,0,1
60,16,120,136.0,16.0,-3.0,3,2,0.667,1,paper,0.0,4,0,1
24,51,90,93.0,3.0,-3.0,5,4,0.8,1,mobile_app,0.3,5,1,0
5,11,30,31.0,1.0,13.0,4,3,0.75,1,mobile_app,2.04,3,0,0
76,38,120,123.0,3.0,-3.0,6,5,0.833,1,mobile_app,0.2,5,1,0
82,30,120,114.0,-6.0,1.0,4,3,0.75,1,mobile_app,0.38,0,0,0
93,37,90,87.0,-3.0,6.0,6,5,0.833,1,mobile_app,0.22,6,1,1
115,7,30,13.0,-17.0,14.0,5,4,0.8,1,paper,0.0,4,0,0
60,28,90,103.0,13.0,2.0,4,2,0.5,1,mobile_app,0.27,1,0,0
100,37,90,93.0,3.0,2.0,4,2,0.5,1,mobile_app,1.09,5,1,0
86,21,60,51.0,-9.0,-9.0,5,3,0.6,1,mobile_app,0.51,6,1,1
34,52,120,121.0,1.0,3.0,5,4,0.8,1,paper,0.0,2,0,0
102,32,60,69.0,9.0,8.0,5,4,0.8,1,mobile_app,0.19,3,0,0
7,22,120,130.0,10.0,-16.0,2,1,0.5,1,mobile_app,0.11,6,1,1
72,2,90,77.0,-13.0,21.0,3,2,0.667,1,mobile_app,0.14,3,0,1
113,10,60,21.0,-39.0,-7.0,4,3,0.75,1,mobile_app,0.06,2,0,0
80,29,120,123.0,3.0,4.0,4,3,0.75,1,mobile_app,0.41,4,0,0
113,24,60,51.0,-9.0,1.0,2,1,0.5,1,mobile_app,0.26,1,0,1
7,52,60,62.0,2.0,-0.0,2,2,1.0,1,paper,0.0,2,0,0
64,47,60,65.0,5.0,-1.0,4,2,0.5,1,mobile_app,0.48,5,1,1
94,10,30,44.0,14.0,-10.0,4,3,0.75,1,mobile_app,0.61,0,0,0
78,35,90,103.0,13.0,3.0,5,4,0.8,1,mobile_app,0.29,3,0,0
106,27,60,71.0,11.0,-2.0,2,1,0.5,1,mobile_app,0.64,4,0,1
56,6,120,143.0,23.0,-14.0,5,4,0.8,1,mobile_app,0.34,3,0,0
82,40,120,129.0,9.0,-6.0,3,2,0.667,1,mobile_app,0.33,2,0,0
51,32,90,102.0,12.0,-9.0,4,3,0.75,1,mobile_app,1.47,6,1,0
105,6,60,59.0,-1.0,-6.0,6,4,0.667,0,paper,0.0,5,1,1
15,28,90,79.0,-11.0,4.0,3,2,0.667,1,mobile_app,0.45,5,1,0
31,44,30,44.0,14.0,-3.0,3,2,0.667,1,mobile_app,0.01,0,0,1
12,20,90,91.0,1.0,8.0,3,2,0.667,1,mobile_app,0.5,6,1,0
85,22,60,72.0,12.0,-1.0,5,4,0.8,1,paper,0.0,3,0,0
28,7,120,113.0,-7.0,-3.0,6,5,0.833,1,mobile_app,0.03,4,0,0
39,13,60,71.0,11.0,0.0,4,3,0.75,0,mobile_app,0.46,2,0,1
101,58,60,51.0,-9.0,4.0,2,1,0.5,1,paper,0.0,4,0,1
44,37,120,117.0,-3.0,-8.0,6,4,0.667,1,mobile_app,0.05,4,0,1
18,11,60,59.0,-1.0,17.0,2,1,0.5,1,mobile_app,0.01,3,0,1
3,29,120,124.0,4.0,7.0,4,3,0.75,1,mobile_app,0.74,3,0,0
28,12,120,133.0,13.0,-0.0,2,1,0.5,1,mobile_app,0.45,2,0,1
110,27,60,50.0,-10.0,9.0,2,1,0.5,1,mobile_app,0.53,6,1,1
66,9,60,68.0,8.0,-3.0,6,5,0.833,1,mobile_app,0.46,1,0,0
120,37,60,69.0,9.0,2.0,2,1,0.5,1,paper,0.0,2,0,0
26,34,90,108.0,18.0,-3.0,6,5,0.833,1,mobile_app,0.35,5,1,0
43,38,120,125.0,5.0,5.0,4,3,0.75,0,mobile_app,1.33,3,0,1
20,27,60,56.0,-4.0,-5.0,3,2,0.667,1,mobile_app,0.23,0,0,0
48,17,90,76.0,-14.0,-0.0,6,4,0.667,1,mobile_app,0.0,0,0,0
68,15,60,81.0,21.0,6.0,2,1,0.5,1,paper,0.0,6,1,1
97,13,90,99.0,9.0,10.0,5,4,0.8,1,mobile_app,0.06,6,1,0
45,26,90,90.0,0.0,-6.0,5,4,0.8,1,mobile_app,0.46,1,0,0
93,27,120,105.0,-15.0,6.0,3,2,0.667,1,paper,0.0,1,0,1
76,40,60,54.0,-6.0,-5.0,3,2,0.667,1,mobile_app,0.56,1,0,0
36,4,60,69.0,9.0,-24.0,2,1,0.5,1,mobile_app,0.92,6,1,1
110,17,60,64.0,4.0,-7.0,2,1,0.5,1,paper,0.0,0,0,1
53,51,30,22.0,-8.0,3.0,2,2,1.0,1,mobile_app,0.57,0,0,0
19,54,60,62.0,2.0,-0.0,4,3,0.75,1,mobile_app,0.48,2,0,0
116,55,120,114.0,-6.0,-2.0,4,3,0.75,1,mobile_app,0.16,6,1,0
110,19,60,74.0,14.0,0.0,4,3,0.75,1,mobile_app,0.24,0,0,0
6,9,60,63.0,3.0,0.0,5,3,0.6,1,paper,0.0,2,0,1
109,12,90,84.0,-6.0,6.0,3,2,0.667,1,mobile_app,0.67,1,0,1
114,8,60,73.0,13.0,-17.0,5,4,0.8,0,mobile_app,0.15,2,0,0
100,57,60,61.0,1.0,-0.0,5,4,0.8,1,paper,0.0,4,0,0
31,53,120,125.0,5.0,0.0,6,5,0.833,1,mobile_app,0.55,1,0,0
76,48,30,30.0,0.0,-5.0,5,5,1.0,1,mobile_app,0.08,2,0,0
65,44,60,61.0,1.0,-6.0,2,2,1.0,1,mobile_app,0.1,1,0,0
75,21,60,57.0,-3.0,-3.0,4,3,0.75,1,mobile_app,0.17,0,0,0
74,29,60,62.0,2.0,0.0,5,4,0.8,1,mobile_app,0.34,3,0,0
77,50,60,67.0,7.0,0.0,2,2,1.0,1,mobile_app,0.57,2,0,0
62,49,60,58.0,-2.0,-2.0,2,1,0.5,1,mobile_app,0.57,5,1,1
83,31,60,65.0,5.0,-4.0,2,1,0.5,1,mobile_app,0.42,0,0,0
64,50,120,116.0,-4.0,-1.0,2,1,0.5,1,paper,0.0,0,0,1
2,21,60,39.0,-21.0,3.0,6,5,0.833,1,mobile_app,0.39,6,1,0
5,25,60,62.0,2.0,10.0,3,2,0.667,1,paper,0.0,3,0,1
115,50,60,62.0,2.0,-8.0,2,2,1.0,1,mobile_app,1.27,6,1,0
110,23,120,119.0,-1.0,5.0,4,3,0.75,1,mobile_app,0.73,0,0,0
71,45,30,22.0,-8.0,-1.0,3,2,0.667,1,mobile_app,0.07,2,0,0
21,27,120,123.0,3.0,4.0,6,4,0.667,0,mobile_app,0.51,4,0,1
94,18,60,63.0,3.0,11.0,2,1,0.5,1,paper,0.0,1,0,1
18,13,120,110.0,-10.0,-7.0,6,4,0.667,1,mobile_app,0.62,1,0,0
46,36,60,50.0,-10.0,6.0,3,1,0.333,1,mobile_app,0.3,0,0,0
40,29,30,28.0,-2.0,-9.0,3,2,0.667,1,mobile_app,0.62,2,0,0
2,22,60,67.0,7.0,1.0,4,3,0.75,1,mobile_app,0.72,4,0,0
97,44,60,62.0,2.0,-1.0,6,4,0.667,1,mobile_app,0.42,2,0,0
62,1,90,77.0,-13.0,1.0,3,2,0.667,1,mobile_app,0.14,0,0,0
38,6,90,92.0,2.0,-11.0,3,2,0.667,1,mobile_app,1.22,4,0,0
61,57,90,93.0,3.0,1.0,5,5,1.0,1,mobile_app,0.79,4,0,0
1,40,60,52.0,-8.0,8.0,5,4,0.8,1,mobile_app,0.05,2,0,0
53,33,90,90.0,0.0,-6.0,3,2,0.667,1,mobile_app,0.02,1,0,1
63,1,60,79.0,19.0,2.0,2,1,0.5,1,paper,0.0,5,1,1
41,36,120,111.0,-9.0,5.0,5,4,0.8,1,mobile_app,1.75,5,1,0
100,26,90,101.0,11.0,-2.0,6,4,0.667,1,mobile_app,0.46,4,0,0
30,36,60,72.0,12.0,8.0,5,4,0.8,1,paper,0.0,2,0,0
17,3,120,117.0,-3.0,-5.0,6,5,0.833,1,mobile_app,0.2,3,0,0
64,33,60,57.0,-3.0,-1.0,3,2,0.667,1,mobile_app,0.28,0,0,1
107,35,60,68.0,8.0,-6.0,6,4,0.667,1,paper,0.0,0,0,1
46,18,60,58.0,-2.0,1.0,6,4,0.667,1,mobile_app,0.64,1,0,1
6,4,90,58.0,-32.0,0.0,6,5,0.833,1,mobile_app,0.29,3,0,0
117,58,60,60.0,0.0,2.0,6,4,0.667,1,mobile_app,0.66,4,0,0
54,42,30,33.0,3.0,-3.0,3,2,0.667,0,mobile_app,0.88,1,0,1
21,37,90,95.0,5.0,-4.0,2,1,0.5,1,paper,0.0,4,0,1
74,46,30,25.0,-5.0,2.0,5,4,0.8,1,mobile_app,0.02,2,0,0
39,40,90,88.0,-2.0,7.0,5,4,0.8,1,paper,0.0,4,0,0
113,8,60,73.0,13.0,7.0,5,4,0.8,1,mobile_app,0.33,0,0,0
36,27,60,59.0,-1.0,14.0,5,4,0.8,1,mobile_app,1.18,2,0,0
67,53,120,114.0,-6.0,2.0,2,1,0.5,1,mobile_app,0.13,1,0,1
66,17,30,44.0,14.0,5.0,5,3,0.6,1,paper,0.0,4,0,1
30,58,90,89.0,-1.0,2.0,4,2,0.5,0,mobile_app,0.29,4,0,1
60,4,90,105.0,15.0,17.0,2,1,0.5,0,mobile_app,0.25,0,0,1
14,20,120,105.0,-15.0,11.0,6,5,0.833,1,mobile_app,0.15,2,0,0
78,21,60,59.0,-1.0,-9.0,2,1,0.5,1,mobile_app,0.71,4,0,1
91,37,90,94.0,4.0,5.0,3,2,0.667,1,mobile_app,0.02,5,1,1
115,11,60,59.0,-1.0,3.0,3,2,0.667,1,paper,0.0,5,1,0
40,14,60,46.0,-14.0,-2.0,5,3,0.6,1,mobile_app,0.48,5,1,0
35,40,60,45.0,-15.0,-9.0,2,1,0.5,1,mobile_app,0.19,0,0,0
66,17,60,77.0,17.0,-14.0,3,2,0.667,1,mobile_app,0.31,4,0,0
84,52,60,61.0,1.0,-1.0,3,3,1.0,1,mobile_app,0.36,5,1,0
120,52,30,35.0,5.0,-5.0,4,4,1.0,1,paper,0.0,3,0,0
4,18,60,70.0,10.0,-3.0,6,4,0.667,1,paper,0.0,6,1,1
29,34,90,95.0,5.0,5.0,3,1,0.333,1,mobile_app,1.08,5,1,0
32,20,60,57.0,-3.0,-5.0,3,2,0.667,1,paper,0.0,6,1,1
31,21,60,65.0,5.0,1.0,4,3,0.75,1,paper,0.0,6,1,0
56,40,60,69.0,9.0,-6.0,3,2,0.667,1,mobile_app,0.75,0,0,0
105,18,60,61.0,1.0,3.0,6,5,0.833,0,mobile_app,0.83,2,0,1
4,9,90,114.0,24.0,5.0,3,2,0.667,1,mobile_app,0.77,6,1,1
98,16,120,103.0,-17.0,-13.0,2,1,0.5,1,paper,0.0,0,0,1
75,55,60,54.0,-6.0,-2.0,4,3,0.75,1,paper,0.0,0,0,0
74,16,90,101.0,11.0,-12.0,2,1,0.5,1,mobile_app,0.61,1,0,0
82,22,30,22.0,-8.0,4.0,5,4,0.8,1,mobile_app,0.96,2,0,0
14,38,120,134.0,14.0,1.0,6,4,0.667,1,paper,0.0,4,0,1
90,6,60,78.0,18.0,-1.0,6,3,0.5,1,mobile_app,0.75,3,0,0
30,16,60,78.0,18.0,-1.0,6,5,0.833,1,paper,0.0,5,1,0
62,11,60,71.0,11.0,3.0,4,3,0.75,1,mobile_app,0.62,1,0,0
82,55,30,27.0,-3.0,1.0,5,4,0.8,1,mobile_app,1.24,3,0,0
73,56,90,84.0,-6.0,-1.0,3,3,1.0,1,mobile_app,0.63,2,0,0
39,45,60,68.0,8.0,-3.0,6,4,0.667,1,mobile_app,0.8,6,1,0
48,15,60,43.0,-17.0,-1.0,2,1,0.5,1,mobile_app,0.35,6,1,1
58,37,60,71.0,11.0,-1.0,2,1,0.5,1,mobile_app,1.13,5,1,1
5,40,120,124.0,4.0,11.0,6,5,0.833,1,paper,0.0,1,0,0
88,52,90,90.0,0.0,-1.0,3,2,0.667,1,paper,0.0,0,0,1
12,10,120,125.0,5.0,3.0,3,2,0.667,1,mobile_app,0.38,3,0,1
56,44,120,123.0,3.0,2.0,5,3,0.6,1,mobile_app,0.49,4,0,1
79,12,120,118.0,-2.0,14.0,3,2,0.667,1,mobile_app,0.48,5,1,1
10,34,60,71.0,11.0,-5.0,5,3,0.6,1,mobile_app,0.3,5,1,1
120,52,60,66.0,6.0,4.0,4,3,0.75,1,mobile_app,0.7,1,0,0
46,4,60,62.0,2.0,-2.0,5,4,0.8,0,mobile_app,0.0,2,0,0
2,9,60,52.0,-8.0,26.0,2,1,0.5,1,mobile_app,1.39,6,1,1
80,48,90,96.0,6.0,1.0,5,3,0.6,1,paper,0.0,4,0,1
67,2,30,10.0,-20.0,-14.0,3,2,0.667,1,mobile_app,0.41,6,1,1
77,41,30,33.0,3.0,-1.0,4,3,0.75,1,mobile_app,0.2,1,0,0
91,30,90,96.0,6.0,9.0,6,4,0.667,1,paper,0.0,1,0,1
58,21,30,22.0,-8.0,1.0,4,3,0.75,1,mobile_app,0.79,4,0,0
100,51,30,34.0,4.0,-0.0,2,1,0.5,1,mobile_app,0.53,3,0,1
45,51,30,30.0,0.0,3.0,4,3,0.75,1,mobile_app,1.25,6,1,0
66,20,90,84.0,-6.0,-3.0,3,2,0.667,0,mobile_app,0.08,0,0,1
20,1,30,44.0,14.0,-2.0,4,3,0.75,1,mobile_app,0.15,4,0,0
75,8,30,16.0,-14.0,-10.0,3,2,0.667,1,paper,0.0,6,1,0
32,7,60,71.0,11.0,19.0,5,4,0.8,1,mobile_app,0.75,3,0,0
84,58,90,83.0,-7.0,-4.0,3,2,0.667,1,paper,0.0,0,0,1
97,36,60,62.0,2.0,1.0,4,3,0.75,1,mobile_app,0.24,0,0,0
104,40,30,30.0,0.0,3.0,6,5,0.833,1,mobile_app,0.19,2,0,0
112,14,120,114.0,-6.0,-0.0,5,3,0.6,1,mobile_app,0.63,5,1,1
15,51,120,122.0,2.0,-4.0,5,4,0.8,1,mobile_app,0.01,4,0,0
17,43,60,60.0,0.0,-5.0,5,4,0.8,1,paper,0.0,0,0,0
112,45,60,66.0,6.0,2.0,6,5,0.833,1,mobile_app,0.27,4,0,0
46,28,60,65.0,5.0,-6.0,6,5,0.833,1,paper,0.0,6,1,0
4,42,90,93.0,3.0,-10.0,6,4,0.667,1,mobile_app,0.81,4,0,1
35,33,60,62.0,2.0,3.0,3,1,0.333,1,paper,0.0,1,0,0
101,23,120,115.0,-5.0,-7.0,5,4,0.8,1,mobile_app,0.16,0,0,0
43,36,90,88.0,-2.0,4.0,6,4,0.667,1,mobile_app,0.34,3,0,1
10,20,60,63.0,3.0,-2.0,4,2,0.5,1,paper,0.0,5,1,1
87,57,30,29.0,-1.0,-1.0,2,2,1.0,1,mobile_app,0.11,6,1,0
24,43,120,126.0,6.0,0.0,4,3,0.75,1,paper,0.0,5,1,0
43,44,90,91.0,1.0,-5.0,3,2,0.667,1,mobile_app,0.51,3,0,0
1,43,90,92.0,2.0,-4.0,5,4,0.8,1,mobile_app,0.52,3,0,0
73,27,30,17.0,-13.0,-2.0,6,5,0.833,1,mobile_app,1.43,1,0,0
54,57,90,93.0,3.0,-3.0,5,4,0.8,1,mobile_app,0.86,5,1,0
105,13,90,83.0,-7.0,7.0,4,3,0.75,1,mobile_app,1.44,4,0,0
41,34,120,112.0,-8.0,-2.0,4,3,0.75,0,paper,0.0,0,0,1
25,5,60,82.0,22.0,-16.0,4,3,0.75,1,mobile_app,0.2,2,0,0
20,18,60,68.0,8.0,-5.0,4,3,0.75,1,paper,0.0,1,0,0
25,34,60,67.0,7.0,1.0,3,2,0.667,1,mobile_app,0.51,6,1,1
55,29,90,94.0,4.0,-3.0,5,4,0.8,1,mobile_app,0.03,0,0,0
11,56,120,120.0,0.0,1.0,3,2,0.667,1,mobile_app,0.36,3,0,0
49,37,60,58.0,-2.0,3.0,2,1,0.5,1,paper,0.0,2,0,1
103,25,60,67.0,7.0,19.0,6,5,0.833,1,mobile_app,0.3,6,1,1
93,26,30,40.0,10.0,9.0,4,3,0.75,1,paper,0.0,1,0,0
77,37,90,90.0,0.0,-10.0,4,3,0.75,1,mobile_app,0.57,6,1,0
108,47,120,130.0,10.0,-2.0,4,3,0.75,1,mobile_app,0.25,1,0,0
94,17,30,28.0,-2.0,-2.0,2,1,0.5,1,paper,0.0,0,0,1
79,35,60,50.0,-10.0,4.0,4,2,0.5,1,mobile_app,0.74,2,0,0
104,34,120,107.0,-13.0,-6.0,4,3,0.75,1,mobile_app,0.97,3,0,0
15,1,60,36.0,-24.0,-6.0,4,3,0.75,1,mobile_app,0.56,4,0,0
99,54,60,59.0,-1.0,-4.0,2,2,1.0,1,mobile_app,0.24,3,0,0
36,34,60,58.0,-2.0,-4.0,5,4,0.8,1,paper,0.0,3,0,0
88,15,60,68.0,8.0,-5.0,5,3,0.6,1,mobile_app,0.17,2,0,0
110,38,30,30.0,0.0,-2.0,5,4,0.8,1,mobile_app,0.09,5,1,0
60,40,90,95.0,5.0,-6.0,4,3,0.75,1,mobile_app,0.51,3,0,0
11,55,60,60.0,0.0,3.0,3,2,0.667,1,mobile_app,0.28,2,0,0
45,3,90,90.0,0.0,5.0,6,5,0.833,1,paper,0.0,0,0,0
49,25,90,85.0,-5.0,-11.0,3,2,0.667,1,mobile_app,1.19,2,0,0
113,11,30,47.0,17.0,0.0,4,3,0.75,1,paper,0.0,3,0,0
114,34,60,48.0,-12.0,-10.0,2,1,0.5,1,mobile_app,0.15,0,0,0
69,30,60,63.0,3.0,9.0,2,1,0.5,1,mobile_app,0.83,5,1,0
115,29,30,28.0,-2.0,12.0,2,1,0.5,1,mobile_app,0.58,5,1,0
53,58,90,93.0,3.0,-0.0,4,3,0.75,1,paper,0.0,1,0,1
50,32,30,30.0,0.0,-6.0,3,2,0.667,1,mobile_app,1.01,4,0,0
101,25,90,90.0,0.0,-5.0,3,2,0.667,1,mobile_app,0.47,0,0,0
81,4,60,56.0,-4.0,-5.0,5,4,0.8,1,mobile_app,0.63,0,0,0
63,18,30,45.0,15.0,-1.0,5,4,0.8,1,paper,0.0,4,0,0
55,53,60,60.0,0.0,4.0,5,3,0.6,1,mobile_app,0.46,1,0,1
85,27,60,78.0,18.0,7.0,6,4,0.667,1,mobile_app,0.78,6,1,1
91,54,90,91.0,1.0,3.0,3,2,0.667,1,mobile_app,0.04,1,0,1
59,32,90,90.0,0.0,1.0,5,3,0.6,1,mobile_app,1.13,4,0,0
4,33,30,29.0,-1.0,-7.0,6,4,0.667,1,mobile_app,0.4,2,0,0
13,26,90,95.0,5.0,-6.0,3,2,0.667,1,mobile_app,0.29,0,0,1
18,33,90,85.0,-5.0,0.0,3,2,0.667,1,mobile_app,0.35,0,0,0
56,4,60,62.0,2.0,-14.0,4,3,0.75,1,mobile_app,0.54,0,0,0
74,4,30,30.0,0.0,3.0,5,4,0.8,1,mobile_app,0.43,5,1,0
97,29,60,63.0,3.0,6.0,2,1,0.5,1,mobile_app,1.08,6,1,0
28,36,30,33.0,3.0,3.0,4,3,0.75,1,paper,0.0,2,0,0
95,33,120,123.0,3.0,3.0,3,2,0.667,1,mobile_app,0.19,1,0,0
80,26,60,61.0,1.0,-14.0,5,4,0.8,1,mobile_app,0.59,6,1,0
7,18,60,77.0,17.0,12.0,3,2,0.667,1,mobile_app,0.34,2,0,1
43,42,90,93.0,3.0,-8.0,3,3,1.0,1,mobile_app,0.53,1,0,0
37,36,60,79.0,19.0,-1.0,3,2,0.667,1,mobile_app,0.37,3,0,0
107,3,90,91.0,1.0,7.0,2,1,0.5,1,mobile_app,0.74,2,0,1
111,27,30,39.0,9.0,3.0,5,4,0.8,1,mobile_app,0.31,2,0,0
99,42,60,56.0,-4.0,-6.0,3,2,0.667,1,paper,0.0,6,1,1
64,47,30,37.0,7.0,-5.0,4,3,0.75,1,paper,0.0,5,1,0
60,17,60,52.0,-8.0,3.0,5,4,0.8,1,mobile_app,0.01,1,0,0
38,55,60,62.0,2.0,2.0,5,4,0.8,1,mobile_app,0.9,4,0,0
93,39,90,88.0,-2.0,-6.0,6,4,0.667,1,mobile_app,0.43,5,1,0
11,26,90,94.0,4.0,3.0,2,1,0.5,1,mobile_app,1.45,3,0,1
33,38,90,88.0,-2.0,-9.0,5,4,0.8,1,mobile_app,0.11,1,0,0
17,52,30,27.0,-3.0,2.0,3,2,0.667,1,mobile_app,0.24,3,0,1
60,14,120,117.0,-3.0,-9.0,5,4,0.8,1,mobile_app,0.42,3,0,0
36,9,30,49.0,19.0,1.0,3,1,0.333,1,mobile_app,0.07,1,0,1
24,26,90,94.0,4.0,-1.0,2,1,0.5,1,paper,0.0,6,1,1
46,5,90,73.0,-17.0,13.0,6,4,0.667,1,mobile_app,0.75,0,0,1
104,50,60,65.0,5.0,1.0,5,4,0.8,1,mobile_app,0.77,1,0,0
67,58,60,57.0,-3.0,-2.0,3,2,0.667,1,mobile_app,0.19,0,0,1
99,36,90,95.0,5.0,2.0,6,2,0.333,1,mobile_app,0.78,0,0,0
110,58,90,92.0,2.0,6.0,4,3,0.75,1,mobile_app,0.14,2,0,0
109,5,30,38.0,8.0,8.0,4,3,0.75,1,mobile_app,0.62,1,0,0
43,38,90,103.0,13.0,-0.0,3,2,0.667,1,mobile_app,1.25,5,1,1
106,27,30,23.0,-7.0,-6.0,4,3,0.75,1,mobile_app,0.39,1,0,0
110,17,60,67.0,7.0,-6.0,6,5,0.833,0,mobile_app,0.98,1,0,0
116,19,90,103.0,13.0,6.0,2,1,0.5,1,mobile_app,0.08,2,0,1
43,33,90,85.0,-5.0,-6.0,4,3,0.75,1,paper,0.0,0,0,0
28,38,60,55.0,-5.0,0.0,2,1,0.5,1,mobile_app,0.02,5,1,1
71,10,60,56.0,-4.0,15.0,2,1,0.5,0,mobile_app,0.33,5,1,1
112,37,60,62.0,2.0,1.0,2,1,0.5,1,mobile_app,1.18,0,0,0
109,55,60,55.0,-5.0,-3.0,3,2,0.667,1,mobile_app,0.5,4,0,0
69,1,60,68.0,8.0,26.0,5,4,0.8,0,mobile_app,0.54,4,0,1
18,52,60,54.0,-6.0,6.0,5,5,1.0,1,paper,0.0,6,1,0
51,36,90,99.0,9.0,3.0,5,4,0.8,1,mobile_app,0.81,5,1,0
86,21,60,65.0,5.0,11.0,2,1,0.5,1,paper,0.0,6,1,1
68,44,60,71.0,11.0,-1.0,2,1,0.5,1,mobile_app,0.02,5,1,0
42,37,60,65.0,5.0,4.0,6,5,0.833,1,mobile_app,1.42,4,0,0
42,46,30,28.0,-2.0,-2.0,6,6,1.0,1,mobile_app,0.44,6,1,0
8,5,60,49.0,-11.0,-15.0,5,4,0.8,1,mobile_app,0.1,4,0,1
35,4,60,63.0,3.0,29.0,6,4,0.667,1,mobile_app,0.61,5,1,1
81,38,60,60.0,0.0,-8.0,6,5,0.833,1,mobile_app,1.09,3,0,0
29,18,60,73.0,13.0,3.0,4,3,0.75,1,mobile_app,0.53,0,0,0
120,15,60,49.0,-11.0,3.0,4,3,0.75,0,mobile_app,0.52,4,0,1
10,25,120,139.0,19.0,4.0,6,5,0.833,1,paper,0.0,1,0,0
71,43,60,67.0,7.0,-0.0,5,5,1.0,1,mobile_app,0.37,3,0,0
60,11,60,58.0,-2.0,-1.0,6,5,0.833,1,paper,0.0,5,1,0
100,58,30,36.0,6.0,0.0,3,2,0.667,0,mobile_app,0.61,6,1,1
107,25,30,23.0,-7.0,4.0,3,2,0.667,1,mobile_app,0.09,1,0,1
66,9,60,63.0,3.0,-0.0,5,3,0.6,0,mobile_app,0.11,6,1,1
76,5,90,73.0,-17.0,-1.0,6,5,0.833,1,paper,0.0,1,0,0
84,51,30,38.0,8.0,-5.0,5,5,1.0,1,mobile_app,1.17,5,1,0
63,7,60,39.0,-21.0,22.0,4,3,0.75,1,mobile_app,0.25,5,1,0
23,25,60,46.0,-14.0,4.0,2,1,0.5,1,mobile_app,0.55,4,0,1
52,40,60,56.0,-4.0,1.0,2,1,0.5,1,mobile_app,0.71,3,0,0
29,31,120,131.0,11.0,-4.0,3,2,0.667,1,mobile_app,0.15,4,0,0
56,16,60,71.0,11.0,-9.0,3,1,0.333,1,mobile_app,1.2,2,0,0
74,7,30,32.0,2.0,9.0,5,4,0.8,1,mobile_app,0.41,0,0,1
26,42,60,66.0,6.0,-1.0,5,4,0.8,1,mobile_app,0.84,3,0,0
30,29,30,29.0,-1.0,4.0,3,2,0.667,1,mobile_app,0.62,0,0,1
99,3,30,36.0,6.0,-16.0,6,5,0.833,1,mobile_app,0.96,1,0,1
46,11,60,80.0,20.0,16.0,3,2,0.667,1,mobile_app,0.05,6,1,1
24,34,60,58.0,-2.0,6.0,4,3,0.75,1,mobile_app,0.17,0,0,0
86,10,30,20.0,-10.0,-1.0,4,2,0.5,1,mobile_app,0.47,0,0,0
86,24,90,95.0,5.0,4.0,4,3,0.75,1,mobile_app,0.19,6,1,0
100,8,60,69.0,9.0,8.0,2,1,0.5,1,mobile_app,0.85,5,1,0
92,48,30,31.0,1.0,-5.0,3,2,0.667,1,mobile_app,0.42,2,0,0
120,38,120,127.0,7.0,10.0,5,4,0.8,1,mobile_app,0.36,0,0,0
69,47,60,59.0,-1.0,2.0,6,6,1.0,1,mobile_app,0.36,3,0,0
35,4,120,122.0,2.0,-8.0,4,3,0.75,1,mobile_app,0.62,6,1,0
104,23,120,124.0,4.0,-9.0,2,1,0.5,1,mobile_app,0.56,0,0,0
32,16,60,63.0,3.0,9.0,6,5,0.833,1,mobile_app,0.0,6,1,0
35,37,60,71.0,11.0,1.0,4,2,0.5,1,paper,0.0,1,0,1
100,49,90,92.0,2.0,2.0,4,3,0.75,1,mobile_app,0.49,6,1,0
106,14,60,56.0,-4.0,0.0,4,3,0.75,1,mobile_app,0.28,0,0,0
41,46,60,63.0,3.0,-4.0,6,4,0.667,1,mobile_app,0.13,1,0,0
88,35,60,67.0,7.0,3.0,2,1,0.5,1,mobile_app,1.18,0,0,1
111,49,60,64.0,4.0,-1.0,3,2,0.667,1,mobile_app,0.47,3,0,1
96,5,120,130.0,10.0,-0.0,6,5,0.833,1,mobile_app,0.34,4,0,0
1,59,90,85.0,-5.0,7.0,3,2,0.667,1,paper,0.0,0,0,0
80,26,120,97.0,-23.0,7.0,6,5,0.833,1,paper,0.0,0,0,1
21,17,90,104.0,14.0,8.0,3,2,0.667,1,paper,0.0,0,0,1
102,11,90,95.0,5.0,28.0,4,3,0.75,1,mobile_app,0.39,3,0,0
9,59,60,60.0,0.0,1.0,2,1,0.5,1,paper,0.0,3,0,1
120,53,120,123.0,3.0,0.0,5,4,0.8,1,mobile_app,0.5,4,0,0
22,8,120,145.0,25.0,-7.0,3,2,0.667,1,mobile_app,1.14,6,1,1
51,27,90,103.0,13.0,-3.0,6,5,0.833,1,paper,0.0,2,0,0
29,44,90,95.0,5.0,-10.0,2,1,0.5,0,paper,0.0,4,0,1
98,35,60,53.0,-7.0,5.0,2,1,0.5,1,mobile_app,1.42,1,0,1
48,12,60,51.0,-9.0,-13.0,4,2,0.5,0,paper,0.0,2,0,1
90,22,120,96.0,-24.0,8.0,2,1,0.5,0,paper,0.0,1,0,1
9,22,30,36.0,6.0,-0.0,3,2,0.667,1,mobile_app,0.02,1,0,0
55,18,60,72.0,12.0,1.0,5,4,0.8,1,mobile_app,0.06,1,0,0
110,57,60,64.0,4.0,-0.0,4,4,1.0,1,mobile_app,1.76,0,0,0
112,12,60,68.0,8.0,14.0,4,3,0.75,1,paper,0.0,2,0,0
26,42,60,59.0,-1.0,6.0,2,2,1.0,1,mobile_app,0.23,0,0,0
48,54,60,58.0,-2.0,-0.0,5,5,1.0,1,mobile_app,0.07,2,0,0
50,47,30,26.0,-4.0,-4.0,2,1,0.5,1,mobile_app,0.36,0,0,0
68,48,60,59.0,-1.0,4.0,4,3,0.75,1,mobile_app,0.02,2,0,0
65,10,60,48.0,-12.0,-10.0,5,3,0.6,1,mobile_app,0.57,5,1,0
13,8,30,52.0,22.0,-17.0,5,4,0.8,1,mobile_app,0.22,1,0,0
92,47,90,83.0,-7.0,2.0,3,2,0.667,1,paper,0.0,0,0,1
28,45,60,59.0,-1.0,5.0,2,1,0.5,1,mobile_app,0.44,1,0,1
38,44,60,49.0,-11.0,-2.0,6,4,0.667,1,paper,0.0,2,0,0
101,25,60,63.0,3.0,3.0,3,2,0.667,1,paper,0.0,4,0,1
83,31,60,60.0,0.0,-3.0,4,2,0.5,1,mobile_app,0.33,4,0,1
48,1,120,115.0,-5.0,9.0,3,2,0.667,1,mobile_app,0.53,0,0,0
110,18,30,20.0,-10.0,10.0,2,1,0.5,1,mobile_app,0.31,6,1,1
48,32,60,60.0,0.0,-2.0,4,3,0.75,1,paper,0.0,3,0,0
68,8,90,83.0,-7.0,-11.0,4,3,0.75,1,mobile_app,0.45,2,0,0
30,8,30,28.0,-2.0,-16.0,5,4,0.8,1,paper,0.0,6,1,0
22,3,90,117.0,27.0,11.0,5,3,0.6,1,paper,0.0,1,0,1
59,13,120,122.0,2.0,-11.0,6,4,0.667,1,mobile_app,0.08,5,1,1
68,59,90,92.0,2.0,1.0,6,5,0.833,1,paper,0.0,6,1,0
97,42,120,117.0,-3.0,4.0,4,4,1.0,1,paper,0.0,2,0,0
47,56,60,57.0,-3.0,-2.0,3,2,0.667,1,mobile_app,0.34,3,0,1
108,16,60,60.0,0.0,-2.0,5,4,0.8,1,paper,0.0,3,0,0
73,36,30,48.0,18.0,6.0,4,3,0.75,1,mobile_app,0.68,5,1,0
9,53,30,29.0,-1.0,-3.0,3,2,0.667,1,mobile_app,0.52,6,1,0
89,21,60,64.0,4.0,-8.0,2,1,0.5,1,mobile_app,0.17,3,0,1
69,39,60,55.0,-5.0,-1.0,4,3,0.75,1,mobile_app,0.07,5,1,0
47,41,60,43.0,-17.0,7.0,4,3,0.75,1,paper,0.0,6,1,1
57,50,60,57.0,-3.0,6.0,6,5,0.833,1,mobile_app,1.67,4,0,0
37,58,90,99.0,9.0,-0.0,6,6,1.0,1,mobile_app,0.28,5,1,0
74,37,60,64.0,4.0,-4.0,3,2,0.667,1,mobile_app,0.53,3,0,1
69,35,60,72.0,12.0,7.0,2,1,0.5,1,mobile_app,0.58,3,0,1
54,52,60,59.0,-1.0,-6.0,5,5,1.0,1,mobile_app,0.58,6,1,0
35,41,90,75.0,-15.0,1.0,4,3,0.75,1,paper,0.0,2,0,0
48,22,60,49.0,-11.0,-0.0,2,1,0.5,1,mobile_app,0.34,1,0,0
60,38,90,93.0,3.0,7.0,5,3,0.6,1,mobile_app,0.34,5,1,1
57,33,30,32.0,2.0,9.0,3,2,0.667,1,mobile_app,0.37,4,0,0
38,14,60,60.0,0.0,-9.0,2,1,0.5,1,paper,0.0,3,0,1
70,31,120,116.0,-4.0,1.0,5,4,0.8,1,mobile_app,1.1,2,0,0
28,37,30,37.0,7.0,-3.0,5,4,0.8,0,mobile_app,1.01,5,1,1
61,54,60,58.0,-2.0,-1.0,5,4,0.8,1,mobile_app,0.03,3,0,0
15,35,30,32.0,2.0,4.0,3,2,0.667,1,mobile_app,0.12,4,0,1
57,10,30,32.0,2.0,-3.0,4,3,0.75,1,mobile_app,1.32,0,0,1
95,59,60,59.0,-1.0,1.0,4,3,0.75,1,mobile_app,0.72,6,1,0
99,35,60,53.0,-7.0,6.0,6,3,0.5,1,mobile_app,0.45,5,1,0
84,17,60,55.0,-5.0,14.0,2,1,0.5,1,mobile_app,0.21,3,0,0
90,45,120,130.0,10.0,1.0,6,6,1.0,1,mobile_app,0.36,1,0,0
8,23,60,71.0,11.0,1.0,3,2,0.667,1,mobile_app,0.04,6,1,0
41,22,30,40.0,10.0,-9.0,5,4,0.8,1,mobile_app,0.88,3,0,1
79,50,90,87.0,-3.0,6.0,4,3,0.75,1,mobile_app,0.22,3,0,0
97,52,60,54.0,-6.0,2.0,3,2,0.667,1,mobile_app,1.58,6,1,1
70,31,120,129.0,9.0,1.0,3,2,0.667,1,mobile_app,0.49,6,1,1
103,23,60,69.0,9.0,1.0,3,2,0.667,1,mobile_app,0.55,1,0,0
33,51,90,91.0,1.0,1.0,5,5,1.0,0,mobile_app,0.25,4,0,1
19,11,120,115.0,-5.0,8.0,5,4,0.8,1,mobile_app,0.43,2,0,0
11,45,60,52.0,-8.0,4.0,5,4,0.8,1,mobile_app,0.51,0,0,1
70,35,90,96.0,6.0,10.0,5,4,0.8,1,paper,0.0,2,0,0
80,51,90,95.0,5.0,1.0,2,1,0.5,1,paper,0.0,1,0,0
35,25,90,84.0,-6.0,14.0,3,2,0.667,1,mobile_app,0.2,3,0,1
95,50,60,57.0,-3.0,4.0,3,2,0.667,1,paper,0.0,3,0,0
89,1,60,78.0,18.0,-1.0,3,2,0.667,0,mobile_app,0.77,1,0,1
44,45,30,27.0,-3.0,-8.0,3,2,0.667,1,mobile_app,0.93,3,0,0
29,5,120,144.0,24.0,1.0,2,1,0.5,1,mobile_app,0.74,5,1,1
90,38,30,29.0,-1.0,9.0,6,3,0.5,1,paper,0.0,4,0,1
81,12,30,25.0,-5.0,-8.0,2,1,0.5,0,mobile_app,0.72,4,0,1
21,57,120,120.0,0.0,0.0,4,3,0.75,1,mobile_app,0.36,0,0,0
31,46,60,58.0,-2.0,1.0,4,3,0.75,1,paper,0.0,0,0,0
59,7,60,75.0,15.0,10.0,5,4,0.8,1,paper,0.0,4,0,0
62,53,60,63.0,3.0,-1.0,6,5,0.833,1,paper,0.0,3,0,0
20,15,90,102.0,12.0,-8.0,5,4,0.8,1,mobile_app,0.71,4,0,0
114,33,60,61.0,1.0,4.0,5,4,0.8,0,mobile_app,0.54,2,0,1
47,6,60,54.0,-6.0,-8.0,3,2,0.667,1,mobile_app,0.18,0,0,1
46,7,60,60.0,0.0,-20.0,6,5,0.833,1,mobile_app,0.02,2,0,0
8,15,60,55.0,-5.0,17.0,2,1,0.5,1,mobile_app,0.99,4,0,1
106,32,60,72.0,12.0,6.0,5,4,0.8,1,paper,0.0,6,1,0
29,33,30,38.0,8.0,12.0,2,1,0.5,1,mobile_app,0.29,3,0,0
119,51,90,90.0,0.0,3.0,3,2,0.667,1,mobile_app,0.8,2,0,0
60,10,60,49.0,-11.0,7.0,6,5,0.833,1,mobile_app,0.35,2,0,0
105,45,60,68.0,8.0,2.0,5,4,0.8,1,mobile_app,0.0,0,0,0
22,1,60,62.0,2.0,-2.0,5,4,0.8,0,paper,0.0,1,0,1
20,18,60,59.0,-1.0,5.0,6,5,0.833,1,mobile_app,0.23,2,0,0
97,11,90,109.0,19.0,-6.0,3,2,0.667,1,paper,0.0,4,0,0
99,8,60,53.0,-7.0,-11.0,5,4,0.8,1,mobile_app,0.18,4,0,0
66,35,120,118.0,-2.0,-2.0,3,2,0.667,1,mobile_app,0.88,2,0,0
4,54,90,89.0,-1.0,4.0,4,3,0.75,1,mobile_app,0.07,3,0,0
114,40,90,82.0,-8.0,-7.0,4,3,0.75,1,mobile_app,0.37,1,0,0
48,51,90,91.0,1.0,-4.0,5,4,0.8,1,paper,0.0,0,0,0
113,35,30,24.0,-6.0,4.0,2,1,0.5,1,mobile_app,0.09,2,0,1
105,4,120,112.0,-8.0,-5.0,2,1,0.5,1,mobile_app,0.46,1,0,1
103,21,90,83.0,-7.0,4.0,2,1,0.5,0,paper,0.0,3,0,1
83,49,60,57.0,-3.0,4.0,3,2,0.667,1,mobile_app,0.25,5,1,0
81,3,60,48.0,-12.0,5.0,4,3,0.75,1,mobile_app,0.42,1,0,0
64,6,60,63.0,3.0,-7.0,2,1,0.5,1,paper,0.0,0,0,1
3,50,90,89.0,-1.0,5.0,6,5,0.833,1,paper,0.0,0,0,0
47,4,60,61.0,1.0,8.0,4,2,0.5,1,mobile_app,1.38,1,0,1
88,57,90,98.0,8.0,0.0,3,2,0.667,1,mobile_app,1.03,1,0,0
98,45,60,59.0,-1.0,-0.0,6,5,0.833,1,mobile_app,0.38,6,1,0
68,40,60,64.0,4.0,2.0,2,1,0.5,1,paper,0.0,1,0,0
86,32,60,66.0,6.0,-2.0,2,1,0.5,1,mobile_app,0.1,4,0,1
3,6,60,59.0,-1.0,-18.0,3,1,0.333,1,paper,0.0,4,0,1
57,25,30,33.0,3.0,6.0,2,1,0.5,0,paper,0.0,1,0,1
61,48,90,90.0,0.0,3.0,5,4,0.8,1,paper,0.0,1,0,0
108,54,60,61.0,1.0,-7.0,5,5,1.0,1,mobile_app,0.98,1,0,0
38,27,120,115.0,-5.0,4.0,3,2,0.667,1,mobile_app,0.87,6,1,0
28,50,90,88.0,-2.0,6.0,6,5,0.833,1,mobile_app,0.26,2,0,0
43,46,90,90.0,0.0,-5.0,2,2,1.0,1,mobile_app,0.83,0,0,0
21,4,60,33.0,-27.0,-1.0,4,3,0.75,1,mobile_app,0.32,4,0,0
68,37,90,100.0,10.0,-1.0,5,4,0.8,1,mobile_app,0.37,3,0,1
78,37,120,135.0,15.0,10.0,3,2,0.667,1,mobile_app,0.25,1,0,1
97,33,90,91.0,1.0,7.0,6,4,0.667,1,mobile_app,0.37,1,0,0
117,46,30,33.0,3.0,-4.0,4,3,0.75,1,mobile_app,0.17,5,1,0
9,53,90,94.0,4.0,1.0,6,5,0.833,1,mobile_app,1.07,2,0,0
30,33,30,20.0,-10.0,15.0,5,3,0.6,1,mobile_app,0.86,0,0,0
37,19,30,40.0,10.0,-6.0,3,2,0.667,1,mobile_app,0.67,5,1,1
30,58,90,88.0,-2.0,-0.0,6,4,0.667,1,mobile_app,0.48,1,0,0
100,57,90,98.0,8.0,2.0,2,1,0.5,1,mobile_app,0.06,6,1,1
17,41,60,59.0,-1.0,-3.0,2,1,0.5,1,mobile_app,0.1,4,0,1
4,38,30,36.0,6.0,10.0,5,4,0.8,1,mobile_app,0.21,3,0,0
104,7,120,118.0,-2.0,-5.0,6,4,0.667,1,mobile_app,0.59,4,0,0
116,24,30,51.0,21.0,-11.0,3,2,0.667,1,paper,0.0,1,0,1
28,12,30,24.0,-6.0,-5.0,5,4,0.8,1,paper,0.0,4,0,0
40,31,90,100.0,10.0,4.0,5,4,0.8,1,mobile_app,0.75,1,0,0
61,49,90,93.0,3.0,-3.0,5,4,0.8,1,mobile_app,0.66,1,0,0
64,14,60,65.0,5.0,3.0,6,4,0.667,1,paper,0.0,4,0,1
119,59,60,61.0,1.0,2.0,2,2,1.0,1,mobile_app,0.17,2,0,0
49,8,60,51.0,-9.0,-13.0,2,1,0.5,1,mobile_app,0.3,6,1,0
2,6,60,26.0,-34.0,-6.0,6,4,0.667,0,mobile_app,0.43,0,0,1
51,58,90,94.0,4.0,1.0,4,2,0.5,1,paper,0.0,0,0,0
67,6,90,84.0,-6.0,8.0,4,3,0.75,0,mobile_app,0.2,0,0,1
63,44,60,67.0,7.0,-3.0,4,4,1.0,1,mobile_app,0.48,6,1,0
62,46,60,62.0,2.0,1.0,3,3,1.0,1,paper,0.0,2,0,1
111,20,60,72.0,12.0,-2.0,3,2,0.667,1,mobile_app,0.04,6,1,0
97,4,30,41.0,11.0,8.0,3,2,0.667,1,paper,0.0,3,0,1
31,19,60,34.0,-26.0,5.0,2,1,0.5,1,paper,0.0,6,1,1
43,5,30,38.0,8.0,-4.0,3,2,0.667,1,mobile_app,0.08,5,1,0
81,40,90,88.0,-2.0,3.0,6,4,0.667,1,mobile_app,0.51,0,0,1
50,53,60,64.0,4.0,-1.0,2,2,1.0,1,mobile_app,0.86,6,1,0
52,59,90,92.0,2.0,1.0,5,4,0.8,1,mobile_app,0.74,3,0,0
21,48,60,63.0,3.0,2.0,2,1,0.5,1,mobile_app,0.55,4,0,0
31,46,90,89.0,-1.0,10.0,5,5,1.0,1,mobile_app,0.98,1,0,0
89,53,120,117.0,-3.0,-1.0,3,2,0.667,1,mobile_app,0.47,5,1,1
102,46,60,58.0,-2.0,-1.0,5,3,0.6,1,mobile_app,0.21,0,0,0
95,39,30,18.0,-12.0,-4.0,4,3,0.75,1,mobile_app,0.44,0,0,0
37,59,90,88.0,-2.0,-3.0,5,4,0.8,1,paper,0.0,1,0,0
17,20,30,15.0,-15.0,-4.0,5,4,0.8,1,mobile_app,0.61,5,1,0
20,25,60,46.0,-14.0,5.0,4,3,0.75,1,mobile_app,0.52,5,1,0
48,54,30,30.0,0.0,2.0,5,5,1.0,1,mobile_app,1.35,1,0,0
63,19,120,126.0,6.0,3.0,6,5,0.833,1,mobile_app,0.21,3,0,0
108,18,30,30.0,0.0,-3.0,4,3,0.75,1,mobile_app,1.23,2,0,0
108,9,60,54.0,-6.0,-5.0,2,1,0.5,1,mobile_app,0.64,3,0,1
1,17,60,50.0,-10.0,-8.0,2,1,0.5,1,mobile_app,0.54,0,0,0
85,36,90,88.0,-2.0,-3.0,4,3,0.75,1,mobile_app,0.24,3,0,0
36,53,60,57.0,-3.0,-4.0,4,3,0.75,1,paper,0.0,3,0,0
24,9,120,119.0,-1.0,14.0,5,4,0.8,1,paper,0.0,0,0,0
67,41,90,81.0,-9.0,9.0,5,3,0.6,1,mobile_app,0.61,4,0,1
5,46,60,64.0,4.0,-8.0,2,2,1.0,1,mobile_app,0.22,2,0,0
41,53,60,58.0,-2.0,1.0,5,4,0.8,1,mobile_app,0.17,1,0,0
67,45,90,92.0,2.0,1.0,6,5,0.833,1,mobile_app,0.29,5,1,0
33,10,90,101.0,11.0,2.0,3,2,0.667,1,mobile_app,0.64,5,1,0
72,29,60,63.0,3.0,-4.0,6,5,0.833,1,mobile_app,0.34,1,0,0
56,57,60,63.0,3.0,3.0,6,4,0.667,1,mobile_app,0.68,6,1,0
96,54,30,23.0,-7.0,1.0,4,4,1.0,1,paper,0.0,0,0,0
22,37,30,27.0,-3.0,6.0,5,4,0.8,1,mobile_app,0.49,3,0,0
7,57,30,34.0,4.0,-2.0,6,5,0.833,1,mobile_app,0.03,4,0,0
64,40,30,33.0,3.0,-7.0,6,5,0.833,1,paper,0.0,1,0,0
31,4,60,85.0,25.0,5.0,3,2,0.667,1,mobile_app,0.18,2,0,0
85,54,120,126.0,6.0,-3.0,5,4,0.8,1,mobile_app,0.31,4,0,0
12,10,90,94.0,4.0,11.0,4,3,0.75,1,paper,0.0,2,0,0
70,23,90,88.0,-2.0,-17.0,4,3,0.75,1,mobile_app,0.53,2,0,0
119,15,90,79.0,-11.0,-4.0,5,4,0.8,1,mobile_app,0.93,4,0,0
12,43,90,87.0,-3.0,-3.0,6,4,0.667,1,mobile_app,0.6,1,0,0
37,2,30,24.0,-6.0,-4.0,2,1,0.5,1,mobile_app,0.18,3,0,0
102,38,90,86.0,-4.0,1.0,6,5,0.833,1,mobile_app,0.11,1,0,0
65,51,60,56.0,-4.0,1.0,3,2,0.667,1,paper,0.0,2,0,0
21,47,60,62.0,2.0,3.0,6,5,0.833,1,paper,0.0,3,0,0
26,19,120,138.0,18.0,7.0,2,1,0.5,1,mobile_app,0.79,5,1,1
92,53,120,124.0,4.0,-1.0,6,4,0.667,1,mobile_app,0.32,1,0,0
104,22,60,57.0,-3.0,18.0,4,3,0.75,1,paper,0.0,4,0,0
44,41,90,96.0,6.0,7.0,6,3,0.5,1,paper,0.0,2,0,1
57,30,30,33.0,3.0,-2.0,4,3,0.75,1,mobile_app,0.45,6,1,0
94,4,30,29.0,-1.0,-2.0,5,3,0.6,1,paper,0.0,2,0,1
22,1,30,29.0,-1.0,-4.0,4,3,0.75,1,paper,0.0,2,0,0
25,11,60,58.0,-2.0,4.0,3,2,0.667,1,mobile_app,0.38,5,1,0
93,56,90,92.0,2.0,-3.0,3,2,0.667,1,mobile_app,0.03,0,0,1
23,57,60,61.0,1.0,-2.0,4,4,1.0,1,paper,0.0,6,1,0
93,25,30,23.0,-7.0,-17.0,4,3,0.75,1,mobile_app,1.38,2,0,0
60,58,120,117.0,-3.0,-1.0,5,3,0.6,1,mobile_app,0.51,5,1,0
119,3,60,64.0,4.0,12.0,6,5,0.833,1,paper,0.0,2,0,1
4,58,60,62.0,2.0,-0.0,5,4,0.8,1,paper,0.0,1,0,0
114,14,60,56.0,-4.0,-1.0,2,1,0.5,1,mobile_app,0.19,0,0,1
28,3,60,44.0,-16.0,3.0,4,3,0.75,1,mobile_app,0.66,5,1,0
5,45,60,67.0,7.0,-5.0,2,1,0.5,1,paper,0.0,0,0,1
87,23,90,100.0,10.0,0.0,4,3,0.75,1,mobile_app,0.52,4,0,0
64,18,120,99.0,-21.0,8.0,4,3,0.75,1,mobile_app,0.2,4,0,0
101,45,60,67.0,7.0,1.0,6,5,0.833,1,paper,0.0,1,0,0
14,20,60,58.0,-2.0,8.0,3,2,0.667,1,paper,0.0,5,1,1
10,45,30,31.0,1.0,6.0,4,4,1.0,1,mobile_app,0.93,2,0,0
69,12,120,134.0,14.0,7.0,4,3,0.75,1,mobile_app,0.64,5,1,0
106,6,60,82.0,22.0,-8.0,2,1,0.5,1,paper,0.0,2,0,1
49,20,60,70.0,10.0,-3.0,2,1,0.5,1,mobile_app,0.26,5,1,0
96,36,120,122.0,2.0,12.0,5,3,0.6,1,mobile_app,0.03,3,0,0
109,14,60,44.0,-16.0,3.0,3,2,0.667,1,paper,0.0,3,0,1
105,9,30,10.0,-20.0,2.0,3,2,0.667,1,paper,0.0,5,1,1
62,45,60,65.0,5.0,-4.0,6,5,0.833,1,mobile_app,0.48,0,0,0
84,30,60,71.0,11.0,-1.0,3,2,0.667,1,mobile_app,0.15,2,0,1
64,26,120,113.0,-7.0,5.0,6,5,0.833,1,mobile_app,0.26,0,0,0
81,15,60,57.0,-3.0,0.0,5,4,0.8,1,mobile_app,1.3,0,0,1
69,2,60,52.0,-8.0,-6.0,3,2,0.667,1,paper,0.0,0,0,1
64,4,60,52.0,-8.0,-3.0,6,4,0.667,1,mobile_app,0.55,5,1,0
53,41,60,67.0,7.0,6.0,5,4,0.8,1,mobile_app,0.3,5,1,0
79,5,30,33.0,3.0,7.0,3,2,0.667,1,mobile_app,1.25,5,1,1
91,15,120,117.0,-3.0,5.0,4,3,0.75,1,mobile_app,0.08,6,1,0
111,54,30,40.0,10.0,1.0,3,3,1.0,1,mobile_app,0.17,4,0,0
74,21,120,105.0,-15.0,-10.0,6,4,0.667,1,mobile_app,0.23,1,0,0
13,44,90,93.0,3.0,1.0,4,3,0.75,1,mobile_app,1.25,3,0,0
71,21,30,19.0,-11.0,9.0,2,1,0.5,1,paper,0.0,3,0,0
38,55,90,89.0,-1.0,-1.0,5,4,0.8,1,paper,0.0,5,1,0
4,49,90,91.0,1.0,4.0,5,4,0.8,0,mobile_app,0.22,3,0,1
9,28,90,97.0,7.0,4.0,3,2,0.667,1,mobile_app,0.31,0,0,0
71,41,60,58.0,-2.0,4.0,6,4,0.667,1,mobile_app,1.58,5,1,1
114,25,30,27.0,-3.0,0.0,4,3,0.75,1,mobile_app,0.11,4,0,0
61,56,30,29.0,-1.0,3.0,3,2,0.667,1,paper,0.0,0,0,0
54,22,90,79.0,-11.0,-12.0,5,4,0.8,0,paper,0.0,6,1,1
11,50,30,33.0,3.0,0.0,2,1,0.5,1,mobile_app,0.92,3,0,0
82,37,60,62.0,2.0,4.0,6,5,0.833,1,mobile_app,0.76,5,1,0
7,38,60,63.0,3.0,2.0,5,4,0.8,1,mobile_app,1.14,5,1,0
101,21,60,59.0,-1.0,9.0,3,2,0.667,1,mobile_app,0.24,1,0,1
98,50,90,89.0,-1.0,-1.0,2,1,0.5,1,mobile_app,0.21,6,1,0
119,45,90,96.0,6.0,-2.0,4,3,0.75,1,mobile_app,0.2,6,1,0
35,49,90,95.0,5.0,-6.0,4,3,0.75,1,mobile_app,0.26,6,1,0
20,48,30,37.0,7.0,-1.0,5,4,0.8,1,mobile_app,0.05,1,0,0
36,10,60,65.0,5.0,5.0,3,2,0.667,1,mobile_app,0.26,0,0,0
96,52,90,95.0,5.0,3.0,3,2,0.667,1,mobile_app,0.27,3,0,0
27,50,60,58.0,-2.0,-5.0,4,4,1.0,1,mobile_app,0.44,1,0,0
107,15,90,88.0,-2.0,11.0,6,5,0.833,1,mobile_app,0.49,4,0,0
19,58,60,64.0,4.0,-3.0,6,6,1.0,1,mobile_app,0.17,4,0,0
6,32,60,67.0,7.0,-1.0,3,1,0.333,1,mobile_app,0.28,0,0,1
27,19,60,57.0,-3.0,-5.0,2,1,0.5,1,mobile_app,0.94,5,1,0
91,14,90,78.0,-12.0,4.0,2,1,0.5,1,mobile_app,0.14,0,0,0
73,22,30,28.0,-2.0,1.0,4,3,0.75,1,paper,0.0,4,0,0
43,3,120,111.0,-9.0,8.0,2,1,0.5,1,mobile_app,0.29,3,0,1
79,41,60,71.0,11.0,10.0,5,4,0.8,1,paper,0.0,0,0,0
78,42,30,35.0,5.0,2.0,2,1,0.5,1,mobile_app,0.74,1,0,1
67,40,90,85.0,-5.0,-3.0,4,2,0.5,1,paper,0.0,3,0,1
62,33,60,52.0,-8.0,3.0,5,4,0.8,1,mobile_app,1.06,2,0,0
13,22,60,52.0,-8.0,16.0,4,3,0.75,1,paper,0.0,3,0,0
32,43,120,117.0,-3.0,3.0,5,4,0.8,1,mobile_app,0.08,4,0,0
64,52,90,89.0,-1.0,3.0,3,2,0.667,1,paper,0.0,4,0,0
17,6,60,75.0,15.0,-18.0,5,4,0.8,1,mobile_app,0.24,4,0,0
58,23,90,81.0,-9.0,3.0,4,3,0.75,1,mobile_app,0.23,5,1,0
15,59,60,68.0,8.0,-1.0,5,4,0.8,1,mobile_app,0.22,6,1,0
95,51,60,56.0,-4.0,-2.0,6,5,0.833,1,mobile_app,0.91,1,0,0
13,59,60,55.0,-5.0,-0.0,3,2,0.667,1,mobile_app,0.23,6,1,1
12,11,60,81.0,21.0,1.0,3,2,0.667,0,mobile_app,0.62,3,0,1
77,28,60,72.0,12.0,-5.0,6,5,0.833,1,mobile_app,1.54,6,1,0
27,8,60,58.0,-2.0,2.0,5,3,0.6,1,mobile_app,0.84,4,0,1
43,52,90,92.0,2.0,-1.0,6,5,0.833,1,mobile_app,0.34,2,0,0
38,31,60,63.0,3.0,5.0,3,2,0.667,1,mobile_app,0.14,0,0,0
26,15,60,62.0,2.0,2.0,3,2,0.667,1,mobile_app,0.17,0,0,0
92,6,90,73.0,-17.0,4.0,2,1,0.5,1,mobile_app,0.58,4,0,0
84,44,120,106.0,-14.0,5.0,5,4,0.8,1,paper,0.0,4,0,0
29,48,60,56.0,-4.0,2.0,6,5,0.833,1,mobile_app,0.57,0,0,0
83,52,120,127.0,7.0,-0.0,6,5,0.833,1,paper,0.0,6,1,0
86,58,90,97.0,7.0,-6.0,3,2,0.667,1,mobile_app,0.11,2,0,1
65,49,30,29.0,-1.0,2.0,4,2,0.5,1,mobile_app,0.67,5,1,0
70,47,60,55.0,-5.0,-4.0,4,3,0.75,0,paper,0.0,5,1,1
113,48,60,61.0,1.0,-0.0,2,1,0.5,1,mobile_app,1.22,4,0,1
55,59,90,92.0,2.0,1.0,2,1,0.5,1,mobile_app,0.27,6,1,0
47,28,60,65.0,5.0,10.0,3,2,0.667,1,mobile_app,0.25,5,1,0
65,45,60,46.0,-14.0,8.0,4,3,0.75,1,mobile_app,0.37,1,0,0
101,49,90,105.0,15.0,-4.0,6,5,0.833,1,mobile_app,0.39,2,0,0
86,7,60,75.0,15.0,-14.0,6,5,0.833,1,paper,0.0,3,0,0
10,41,60,59.0,-1.0,2.0,5,4,0.8,1,paper,0.0,3,0,0
56,20,120,113.0,-7.0,2.0,6,5,0.833,1,mobile_app,0.2,3,0,0
89,8,120,133.0,13.0,-13.0,5,4,0.8,1,mobile_app,0.11,1,0,0
27,11,90,96.0,6.0,-0.0,4,3,0.75,1,mobile_app,0.17,6,1,0
119,7,60,61.0,1.0,6.0,6,5,0.833,1,mobile_app,1.09,4,0,0
97,53,30,32.0,2.0,-4.0,6,5,0.833,1,mobile_app,0.24,5,1,0
102,46,60,59.0,-1.0,-4.0,3,2,0.667,1,paper,0.0,2,0,1
10,7,60,65.0,5.0,-7.0,3,2,0.667,1,mobile_app,0.84,4,0,1
70,37,60,65.0,5.0,-1.0,6,5,0.833,1,mobile_app,0.46,1,0,0
64,39,120,122.0,2.0,4.0,2,1,0.5,1,mobile_app,1.11,4,0,0
76,31,90,92.0,2.0,-2.0,4,2,0.5,1,mobile_app,0.14,1,0,1
103,36,60,70.0,10.0,0.0,3,2,0.667,1,paper,0.0,6,1,1
43,54,60,54.0,-6.0,7.0,5,3,0.6,1,mobile_app,1.72,3,0,1
65,31,60,53.0,-7.0,-7.0,6,5,0.833,1,mobile_app,0.6,3,0,0
82,39,60,60.0,0.0,-4.0,3,2,0.667,1,mobile_app,0.9,3,0,1
91,34,90,84.0,-6.0,4.0,3,1,0.333,1,mobile_app,1.66,1,0,1
93,24,30,26.0,-4.0,8.0,3,2,0.667,1,mobile_app,0.62,5,1,0
41,53,90,95.0,5.0,1.0,5,4,0.8,1,mobile_app,0.07,1,0,0
120,25,30,29.0,-1.0,14.0,3,1,0.333,1,paper,0.0,6,1,1
2,48,60,51.0,-9.0,1.0,5,4,0.8,1,mobile_app,0.64,5,1,0
60,36,120,117.0,-3.0,-12.0,3,2,0.667,1,paper,0.0,2,0,1
74,41,60,60.0,0.0,1.0,5,4,0.8,1,paper,0.0,3,0,0
8,45,30,30.0,0.0,-3.0,2,1,0.5,1,mobile_app,0.29,2,0,0
55,44,90,93.0,3.0,6.0,3,1,0.333,1,paper,0.0,0,0,1
72,34,60,64.0,4.0,6.0,3,2,0.667,1,mobile_app,0.85,1,0,0
73,37,30,29.0,-1.0,-9.0,4,3,0.75,1,paper,0.0,6,1,0
15,31,30,20.0,-10.0,9.0,5,3,0.6,1,mobile_app,0.66,2,0,0
34,21,30,26.0,-4.0,8.0,5,4,0.8,1,paper,0.0,6,1,1
30,43,60,56.0,-4.0,-2.0,6,5,0.833,1,mobile_app,0.24,5,1,0
77,52,60,59.0,-1.0,-0.0,5,4,0.8,1,mobile_app,0.11,3,0,0
40,42,90,94.0,4.0,7.0,2,1,0.5,1,paper,0.0,4,0,1
69,46,120,122.0,2.0,-9.0,5,4,0.8,1,paper,0.0,6,1,0
88,49,30,34.0,4.0,2.0,2,1,0.5,1,mobile_app,0.21,0,0,1
96,22,60,56.0,-4.0,9.0,4,3,0.75,0,mobile_app,0.47,5,1,1
23,4,30,51.0,21.0,-1.0,4,3,0.75,1,paper,0.0,4,0,0
109,20,60,67.0,7.0,6.0,3,1,0.333,1,mobile_app,0.89,6,1,0
20,45,60,61.0,1.0,0.0,5,4,0.8,1,mobile_app,0.6,5,1,0
3,49,90,93.0,3.0,-3.0,5,4,0.8,1,mobile_app,0.7,6,1,0
6,31,60,54.0,-6.0,-6.0,5,4,0.8,0,mobile_app,0.82,0,0,1
25,46,60,49.0,-11.0,3.0,4,3,0.75,1,mobile_app,0.42,3,0,0
105,5,90,82.0,-8.0,-7.0,6,5,0.833,1,mobile_app,0.12,6,1,0
25,39,90,95.0,5.0,-8.0,5,4,0.8,1,mobile_app,0.2,1,0,0
84,41,60,60.0,0.0,1.0,3,2,0.667,1,mobile_app,1.02,1,0,1
51,30,60,59.0,-1.0,-4.0,5,4,0.8,1,mobile_app,0.09,4,0,0
5,43,120,115.0,-5.0,-6.0,4,3,0.75,1,paper,0.0,2,0,0
54,29,60,43.0,-17.0,1.0,2,1,0.5,1,mobile_app,0.45,4,0,0
4,31,90,102.0,12.0,5.0,6,4,0.667,1,mobile_app,0.34,2,0,1
58,36,90,89.0,-1.0,0.0,5,3,0.6,1,paper,0.0,3,0,1
68,47,60,58.0,-2.0,-4.0,5,4,0.8,1,paper,0.0,0,0,0
63,15,60,52.0,-8.0,5.0,5,3,0.6,1,mobile_app,1.03,5,1,0
34,18,30,44.0,14.0,9.0,4,2,0.5,1,paper,0.0,0,0,1
92,25,60,68.0,8.0,17.0,3,2,0.667,1,mobile_app,0.17,1,0,0
72,12,60,48.0,-12.0,14.0,6,5,0.833,1,mobile_app,0.71,1,0,0
31,20,90,102.0,12.0,-9.0,4,3,0.75,1,paper,0.0,1,0,0
53,21,90,89.0,-1.0,7.0,3,2,0.667,1,mobile_app,0.96,0,0,0
14,19,120,114.0,-6.0,2.0,5,4,0.8,1,mobile_app,0.53,6,1,0
111,25,120,117.0,-3.0,-9.0,2,1,0.5,1,paper,0.0,4,0,0
91,30,90,83.0,-7.0,2.0,3,2,0.667,1,mobile_app,0.25,3,0,1
35,42,30,22.0,-8.0,10.0,2,1,0.5,1,paper,0.0,0,0,0
81,18,60,68.0,8.0,11.0,2,1,0.5,1,mobile_app,0.81,4,0,1
82,50,90,89.0,-1.0,-4.0,6,4,0.667,1,mobile_app,0.28,0,0,1
74,29,60,65.0,5.0,0.0,4,3,0.75,1,mobile_app,0.37,1,0,0
7,43,60,62.0,2.0,2.0,6,5,0.833,1,mobile_app,0.45,3,0,0
106,7,60,67.0,7.0,-19.0,5,4,0.8,1,paper,0.0,6,1,0
115,11,60,35.0,-25.0,-17.0,3,2,0.667,1,paper,0.0,4,0,1
117,27,60,52.0,-8.0,1.0,3,2,0.667,1,mobile_app,0.63,3,0,1
118,22,90,96.0,6.0,1.0,4,2,0.5,1,mobile_app,0.46,4,0,1
112,30,60,49.0,-11.0,-13.0,2,1,0.5,1,mobile_app,0.77,5,1,1
89,10,60,65.0,5.0,4.0,4,3,0.75,1,mobile_app,0.36,3,0,0
7,28,60,48.0,-12.0,8.0,4,3,0.75,1,mobile_app,0.27,2,0,0
56,41,60,60.0,0.0,-1.0,2,1,0.5,1,mobile_app,0.38,6,1,1
30,43,60,69.0,9.0,0.0,4,3,0.75,1,mobile_app,0.13,2,0,0
27,15,60,69.0,9.0,5.0,6,5,0.833,1,mobile_app,0.43,0,0,0
100,21,60,41.0,-19.0,4.0,6,5,0.833,1,mobile_app,0.48,2,0,0
98,31,90,97.0,7.0,-11.0,4,3,0.75,1,mobile_app,0.03,5,1,0
63,31,30,45.0,15.0,-6.0,2,1,0.5,1,paper,0.0,0,0,1
89,47,120,134.0,14.0,-2.0,6,5,0.833,1,mobile_app,0.57,2,0,0
16,24,90,95.0,5.0,-7.0,4,3,0.75,1,mobile_app,0.48,0,0,0
27,40,60,51.0,-9.0,8.0,5,4,0.8,1,mobile_app,0.19,6,1,0
104,53,60,62.0,2.0,2.0,2,1,0.5,1,mobile_app,0.07,2,0,1
55,18,60,77.0,17.0,-10.0,3,2,0.667,1,mobile_app,1.35,1,0,0
66,49,90,89.0,-1.0,-1.0,3,2,0.667,1,paper,0.0,4,0,1
56,20,90,101.0,11.0,10.0,5,3,0.6,1,mobile_app,0.28,6,1,1
25,20,90,81.0,-9.0,-6.0,5,4,0.8,1,paper,0.0,0,0,0
100,39,120,122.0,2.0,5.0,5,4,0.8,1,mobile_app,0.76,6,1,0
91,37,60,43.0,-17.0,8.0,3,2,0.667,1,paper,0.0,2,0,0
83,33,90,83.0,-7.0,8.0,3,2,0.667,1,mobile_app,0.32,1,0,1
43,14,60,60.0,0.0,2.0,2,1,0.5,1,mobile_app,0.67,0,0,0
78,6,90,85.0,-5.0,14.0,3,2,0.667,1,paper,0.0,3,0,0
115,54,60,55.0,-5.0,-2.0,2,1,0.5,1,mobile_app,0.27,1,0,1
78,52,90,88.0,-2.0,8.0,6,4,0.667,1,mobile_app,0.05,1,0,0
60,53,30,31.0,1.0,1.0,5,5,1.0,1,mobile_app,0.29,1,0,0
33,31,60,59.0,-1.0,8.0,5,4,0.8,1,mobile_app,0.21,0,0,0
63,53,60,60.0,0.0,-1.0,6,3,0.5,1,mobile_app,0.1,5,1,0
45,28,120,126.0,6.0,4.0,5,4,0.8,1,paper,0.0,2,0,0
74,5,60,55.0,-5.0,6.0,3,2,0.667,1,mobile_app,0.17,5,1,1
6,12,60,76.0,16.0,-9.0,3,2,0.667,1,paper,0.0,3,0,1
23,17,60,49.0,-11.0,-9.0,2,1,0.5,1,paper,0.0,0,0,1
95,23,60,79.0,19.0,-2.0,5,4,0.8,1,paper,0.0,2,0,0
46,56,120,124.0,4.0,3.0,6,5,0.833,1,mobile_app,0.61,0,0,0
52,20,120,116.0,-4.0,-16.0,5,4,0.8,1,mobile_app,0.22,2,0,0
66,37,90,88.0,-2.0,-2.0,4,3,0.75,1,paper,0.0,5,1,0
53,16,90,92.0,2.0,12.0,3,1,0.333,1,paper,0.0,2,0,1
92,38,60,64.0,4.0,-7.0,4,2,0.5,1,mobile_app,0.06,1,0,0
30,34,60,68.0,8.0,8.0,3,2,0.667,1,paper,0.0,1,0,0
92,9,60,43.0,-17.0,-12.0,2,1,0.5,1,mobile_app,0.82,0,0,1
26,28,90,94.0,4.0,-7.0,4,3,0.75,1,mobile_app,0.57,1,0,0
45,7,60,32.0,-28.0,-2.0,3,2,0.667,1,mobile_app,0.01,6,1,1
71,53,90,89.0,-1.0,6.0,5,5,1.0,0,mobile_app,0.02,3,0,1
107,42,60,69.0,9.0,-3.0,6,5,0.833,1,mobile_app,0.39,5,1,0
28,56,60,55.0,-5.0,-5.0,2,1,0.5,1,mobile_app,0.53,1,0,0
71,52,60,54.0,-6.0,-5.0,2,1,0.5,1,mobile_app,0.23,4,0,1
8,13,90,93.0,3.0,9.0,6,4,0.667,1,mobile_app,1.59,5,1,1
10,42,90,98.0,8.0,-7.0,3,3,1.0,1,mobile_app,0.07,5,1,0
93,6,60,64.0,4.0,13.0,3,2,0.667,1,mobile_app,0.45,5,1,1
87,57,90,83.0,-7.0,0.0,6,4,0.667,1,mobile_app,0.12,5,1,1
46,47,90,82.0,-8.0,-0.0,6,6,1.0,1,mobile_app,0.35,6,1,0
75,41,60,61.0,1.0,2.0,4,3,0.75,1,mobile_app,0.16,2,0,0
46,59,90,86.0,-4.0,-2.0,2,1,0.5,1,mobile_app,0.04,2,0,0
34,50,60,61.0,1.0,1.0,5,4,0.8,1,mobile_app,0.03,0,0,0
52,51,60,61.0,1.0,-4.0,5,4,0.8,1,paper,0.0,1,0,0
38,6,30,24.0,-6.0,15.0,4,3,0.75,1,mobile_app,0.35,2,0,0
98,2,60,85.0,25.0,-12.0,4,3,0.75,1,mobile_app,0.66,0,0,0
50,57,60,62.0,2.0,1.0,4,4,1.0,1,paper,0.0,5,1,0
39,15,30,44.0,14.0,-10.0,5,4,0.8,1,mobile_app,0.32,2,0,0
65,26,60,68.0,8.0,-4.0,4,3,0.75,1,mobile_app,0.7,2,0,0
91,3,90,88.0,-2.0,-4.0,6,5,0.833,1,paper,0.0,6,1,0
33,37,90,89.0,-1.0,17.0,2,1,0.5,1,mobile_app,0.24,0,0,0
113,49,30,29.0,-1.0,-0.0,2,1,0.5,1,paper,0.0,4,0,1
56,50,30,33.0,3.0,-3.0,2,2,1.0,1,mobile_app,0.25,4,0,1
80,35,60,55.0,-5.0,-3.0,2,1,0.5,1,paper,0.0,6,1,1
115,40,90,101.0,11.0,-8.0,4,3,0.75,1,paper,0.0,2,0,0
52,31,120,114.0,-6.0,-1.0,2,1,0.5,1,paper,0.0,6,1,1
24,27,60,62.0,2.0,14.0,2,1,0.5,1,mobile_app,0.3,4,0,1
90,33,90,88.0,-2.0,2.0,4,3,0.75,1,mobile_app,0.99,2,0,0
1,56,60,58.0,-2.0,3.0,6,6,1.0,1,mobile_app,0.16,3,0,0
55,15,120,145.0,25.0,-9.0,6,5,0.833,1,mobile_app,0.25,3,0,0
118,28,30,26.0,-4.0,-1.0,3,2,0.667,1,paper,0.0,4,0,1
50,36,60,58.0,-2.0,1.0,2,1,0.5,1,mobile_app,0.5,2,0,1
83,34,60,55.0,-5.0,-5.0,5,4,0.8,1,mobile_app,0.13,2,0,0
64,2,60,61.0,1.0,5.0,5,4,0.8,0,mobile_app,0.31,5,1,1
26,17,30,29.0,-1.0,6.0,6,4,0.667,1,mobile_app,0.56,6,1,1
39,39,30,23.0,-7.0,3.0,4,3,0.75,1,mobile_app,0.22,3,0,0
63,41,60,57.0,-3.0,-1.0,2,1,0.5,1,mobile_app,0.78,2,0,0
13,44,90,93.0,3.0,5.0,6,5,0.833,1,mobile_app,0.24,0,0,0
50,59,90,94.0,4.0,-1.0,3,2,0.667,1,mobile_app,1.03,6,1,1
50,40,60,60.0,0.0,-2.0,3,2,0.667,1,paper,0.0,6,1,1
101,35,120,120.0,0.0,9.0,4,3,0.75,1,mobile_app,0.39,1,0,0
15,20,60,56.0,-4.0,-10.0,6,4,0.667,0,mobile_app,0.11,5,1,1
102,22,120,115.0,-5.0,-14.0,3,2,0.667,1,mobile_app,0.51,4,0,1
50,49,30,26.0,-4.0,-3.0,4,2,0.5,1,mobile_app,0.04,6,1,0
79,28,90,76.0,-14.0,3.0,4,3,0.75,1,mobile_app,0.74,3,0,0
67,43,120,116.0,-4.0,6.0,6,4,0.667,1,paper,0.0,1,0,1
36,8,90,102.0,12.0,-7.0,6,5,0.833,0,mobile_app,0.99,2,0,0
112,8,90,85.0,-5.0,19.0,5,4,0.8,1,mobile_app,0.23,5,1,0
27,13,60,56.0,-4.0,0.0,2,1,0.5,1,mobile_app,0.01,1,0,0
5,12,90,86.0,-4.0,-1.0,3,2,0.667,1,mobile_app,0.13,4,0,1
91,36,60,69.0,9.0,-5.0,5,4,0.8,1,paper,0.0,5,1,0
75,38,60,54.0,-6.0,11.0,6,5,0.833,1,mobile_app,0.32,0,0,0
107,33,120,122.0,2.0,-1.0,5,4,0.8,1,mobile_app,0.17,3,0,0
55,18,60,59.0,-1.0,-12.0,4,3,0.75,1,mobile_app,0.62,1,0,0
3,35,60,61.0,1.0,15.0,5,4,0.8,1,mobile_app,0.12,3,0,0
3,8,120,123.0,3.0,4.0,3,2,0.667,1,mobile_app,0.1,1,0,1
52,28,60,61.0,1.0,6.0,5,3,0.6,1,mobile_app,0.16,2,0,0
30,10,60,70.0,10.0,17.0,4,3,0.75,1,mobile_app,0.45,1,0,0
111,5,60,60.0,0.0,7.0,5,4,0.8,1,paper,0.0,2,0,1
15,10,90,112.0,22.0,10.0,6,4,0.667,1,mobile_app,0.08,4,0,1
106,7,120,121.0,1.0,1.0,6,4,0.667,1,mobile_app,0.36,2,0,1
27,29,30,15.0,-15.0,5.0,5,4,0.8,1,mobile_app,0.33,6,1,0
15,33,90,95.0,5.0,-0.0,5,4,0.8,1,mobile_app,0.82,4,0,0
33,36,60,63.0,3.0,-0.0,2,1,0.5,1,mobile_app,1.02,6,1,1
18,26,90,90.0,0.0,1.0,2,1,0.5,1,mobile_app,0.09,4,0,0
49,11,90,87.0,-3.0,-4.0,6,4,0.667,0,mobile_app,1.02,1,0,1
40,2,120,90.0,-30.0,6.0,4,2,0.5,0,paper,0.0,3,0,1
64,43,60,49.0,-11.0,2.0,4,4,1.0,1,mobile_app,0.27,4,0,0
65,58,60,66.0,6.0,2.0,5,4,0.8,1,mobile_app,1.46,3,0,0
1,17,60,54.0,-6.0,6.0,2,1,0.5,1,mobile_app,0.22,0,0,1
15,13,60,71.0,11.0,20.0,2,1,0.5,1,mobile_app,0.65,1,0,1
20,19,60,43.0,-17.0,9.0,2,1,0.5,1,mobile_app,0.24,1,0,0
24,13,30,18.0,-12.0,-2.0,4,3,0.75,1,mobile_app,0.05,2,0,0
12,14,30,38.0,8.0,4.0,2,1,0.5,1,mobile_app,1.0,5,1,1
38,30,120,119.0,-1.0,10.0,2,1,0.5,1,mobile_app,1.89,0,0,1
66,47,30,33.0,3.0,-4.0,5,4,0.8,1,mobile_app,0.36,6,1,0
38,43,60,60.0,0.0,10.0,5,4,0.8,1,mobile_app,0.36,3,0,0
40,57,90,89.0,-1.0,-2.0,3,2,0.667,1,mobile_app,0.9,6,1,0
57,22,30,23.0,-7.0,8.0,5,4,0.8,1,mobile_app,0.18,4,0,0
66,30,60,50.0,-10.0,0.0,2,1,0.5,1,paper,0.0,3,0,1
40,23,60,74.0,14.0,-0.0,4,3,0.75,1,paper,0.0,0,0,0
27,3,60,82.0,22.0,-15.0,3,2,0.667,1,mobile_app,1.1,5,1,0
50,23,60,50.0,-10.0,7.0,3,2,0.667,1,mobile_app,0.2,4,0,1
3,16,90,78.0,-12.0,-12.0,6,5,0.833,1,mobile_app,1.01,2,0,0
60,29,60,57.0,-3.0,-10.0,2,1,0.5,1,paper,0.0,5,1,1
113,10,30,34.0,4.0,12.0,5,4,0.8,1,mobile_app,0.49,4,0,0
48,44,30,29.0,-1.0,8.0,3,2,0.667,1,mobile_app,1.11,2,0,0
13,50,60,62.0,2.0,-2.0,4,3,0.75,1,paper,0.0,1,0,0
85,57,60,60.0,0.0,3.0,3,2,0.667,1,mobile_app,0.54,4,0,1
16,6,120,118.0,-2.0,9.0,5,4,0.8,1,paper,0.0,0,0,1
24,7,30,61.0,31.0,-1.0,2,1,0.5,1,mobile_app,0.28,3,0,1
18,58,60,58.0,-2.0,4.0,2,1,0.5,1,mobile_app,1.63,6,1,1
107,51,60,67.0,7.0,-1.0,3,3,1.0,1,mobile_app,0.82,5,1,0
118,35,90,101.0,11.0,3.0,6,4,0.667,1,paper,0.0,2,0,1
69,19,90,95.0,5.0,-11.0,2,1,0.5,0,mobile_app,0.2,6,1,1
75,31,30,14.0,-16.0,-8.0,2,1,0.5,1,mobile_app,0.88,6,1,1
78,32,90,90.0,0.0,8.0,4,3,0.75,1,mobile_app,0.62,3,0,0
74,50,60,58.0,-2.0,2.0,2,1,0.5,1,mobile_app,0.03,0,0,1
66,32,90,90.0,0.0,-1.0,4,3,0.75,1,mobile_app,0.1,6,1,0
119,2,60,45.0,-15.0,22.0,3,2,0.667,1,mobile_app,0.33,5,1,1
88,42,90,95.0,5.0,9.0,5,3,0.6,1,mobile_app,0.13,6,1,1
11,46,90,95.0,5.0,2.0,2,2,1.0,0,mobile_app,0.67,6,1,1
48,18,90,103.0,13.0,-13.0,2,1,0.5,1,mobile_app,0.73,3,0,0
117,7,60,55.0,-5.0,-1.0,2,1,0.5,1,mobile_app,0.28,0,0,0
49,9,90,77.0,-13.0,-9.0,5,4,0.8,1,mobile_app,0.1,2,0,0
25,50,90,92.0,2.0,0.0,5,5,1.0,1,paper,0.0,2,0,0
105,27,60,76.0,16.0,-7.0,2,1,0.5,1,mobile_app,0.18,2,0,0
75,32,60,61.0,1.0,-8.0,4,3,0.75,1,mobile_app,1.03,5,1,0
68,57,60,62.0,2.0,-7.0,5,5,1.0,1,paper,0.0,5,1,0
51,4,60,57.0,-3.0,2.0,2,1,0.5,1,paper,0.0,0,0,1
15,13,90,84.0,-6.0,-23.0,2,1,0.5,1,mobile_app,0.21,6,1,0
47,50,60,63.0,3.0,-1.0,5,3,0.6,1,mobile_app,0.39,2,0,1
53,32,90,89.0,-1.0,5.0,4,3,0.75,1,paper,0.0,1,0,0
112,2,90,96.0,6.0,-8.0,5,4,0.8,1,paper,0.0,1,0,0
37,42,90,93.0,3.0,-5.0,4,3,0.75,1,mobile_app,0.57,0,0,1
18,9,90,94.0,4.0,-1.0,6,4,0.667,1,mobile_app,0.45,0,0,1
52,47,90,93.0,3.0,-3.0,2,2,1.0,0,mobile_app,0.11,2,0,1
120,48,60,56.0,-4.0,1.0,2,1,0.5,1,paper,0.0,0,0,1
58,49,60,56.0,-4.0,-4.0,5,5,1.0,1,mobile_app,0.69,1,0,0
46,28,90,90.0,0.0,-1.0,6,5,0.833,1,paper,0.0,1,0,0
81,16,120,120.0,0.0,-3.0,2,1,0.5,1,mobile_app,0.24,5,1,0
78,53,60,58.0,-2.0,-0.0,5,3,0.6,1,mobile_app,1.01,1,0,0
36,33,120,122.0,2.0,11.0,6,5,0.833,1,mobile_app,0.13,6,1,0
117,38,120,126.0,6.0,1.0,4,2,0.5,1,mobile_app,0.5,6,1,1
72,9,60,75.0,15.0,5.0,6,5,0.833,0,mobile_app,1.29,2,0,1
7,37,90,100.0,10.0,-4.0,3,2,0.667,1,paper,0.0,0,0,1
49,35,90,80.0,-10.0,1.0,6,5,0.833,1,mobile_app,0.48,2,0,0
111,18,60,47.0,-13.0,-2.0,4,3,0.75,1,mobile_app,0.24,0,0,0
48,46,30,28.0,-2.0,0.0,3,3,1.0,1,paper,0.0,0,0,0
69,8,60,61.0,1.0,7.0,2,1,0.5,1,mobile_app,0.76,5,1,0
74,43,90,89.0,-1.0,-2.0,6,5,0.833,1,paper,0.0,0,0,0
85,57,60,58.0,-2.0,-1.0,5,4,0.8,1,mobile_app,0.36,5,1,0
105,34,90,88.0,-2.0,-3.0,5,4,0.8,1,mobile_app,0.01,4,0,0
18,7,90,96.0,6.0,-5.0,5,4,0.8,0,mobile_app,0.33,3,0,1
63,33,90,80.0,-10.0,1.0,3,2,0.667,1,paper,0.0,2,0,1
65,32,60,79.0,19.0,-2.0,2,1,0.5,1,mobile_app,0.15,2,0,1
19,33,60,60.0,0.0,10.0,5,4,0.8,1,mobile_app,0.05,2,0,0
81,17,60,72.0,12.0,25.0,3,2,0.667,1,paper,0.0,2,0,1
15,37,60,56.0,-4.0,-3.0,5,4,0.8,1,paper,0.0,1,0,0
55,16,30,36.0,6.0,3.0,6,5,0.833,1,mobile_app,0.47,6,1,0
40,33,30,31.0,1.0,7.0,5,4,0.8,1,mobile_app,1.31,6,1,1
19,36,60,66.0,6.0,-2.0,4,3,0.75,1,mobile_app,0.61,6,1,0
99,39,60,59.0,-1.0,-5.0,6,4,0.667,0,mobile_app,0.29,5,1,1
30,48,60,67.0,7.0,7.0,4,4,1.0,1,mobile_app,0.27,1,0,1
31,53,60,54.0,-6.0,2.0,4,3,0.75,1,mobile_app,0.49,6,1,0
103,46,120,125.0,5.0,1.0,6,4,0.667,1,mobile_app,0.18,3,0,1
106,47,60,61.0,1.0,6.0,3,2,0.667,1,mobile_app,0.07,1,0,1
5,52,120,116.0,-4.0,3.0,3,3,1.0,1,mobile_app,0.32,5,1,0
34,15,90,112.0,22.0,-0.0,2,1,0.5,1,paper,0.0,6,1,1
86,18,30,50.0,20.0,-9.0,5,3,0.6,1,mobile_app,1.01,5,1,0
94,32,120,103.0,-17.0,-3.0,4,3,0.75,1,mobile_app,0.05,0,0,0
120,28,120,122.0,2.0,9.0,5,4,0.8,0,mobile_app,0.16,0,0,0
67,42,90,94.0,4.0,3.0,2,1,0.5,1,mobile_app,0.06,0,0,1
1,1,60,66.0,6.0,-2.0,3,2,0.667,1,mobile_app,0.03,6,1,1
105,9,60,79.0,19.0,19.0,2,1,0.5,1,mobile_app,0.33,3,0,1
20,45,60,67.0,7.0,-1.0,3,1,0.333,1,mobile_app,0.44,5,1,1
15,49,90,91.0,1.0,4.0,6,6,1.0,1,mobile_app,0.48,0,0,0
81,18,60,85.0,25.0,2.0,6,4,0.667,1,paper,0.0,3,0,1
73,19,60,70.0,10.0,17.0,4,3,0.75,1,mobile_app,1.36,2,0,0
8,34,30,27.0,-3.0,5.0,2,1,0.5,1,mobile_app,0.27,3,0,0
21,29,30,25.0,-5.0,0.0,6,5,0.833,0,paper,0.0,4,0,0
71,10,60,75.0,15.0,-2.0,2,1,0.5,1,mobile_app,0.54,3,0,0
31,30,60,53.0,-7.0,-0.0,2,1,0.5,0,mobile_app,0.54,0,0,1
83,49,120,118.0,-2.0,-3.0,4,4,1.0,1,mobile_app,0.39,5,1,0
50,44,60,59.0,-1.0,-6.0,6,6,1.0,1,mobile_app,0.62,6,1,0
71,49,60,62.0,2.0,1.0,5,5,1.0,1,mobile_app,0.61,3,0,0
57,38,60,59.0,-1.0,-3.0,3,2,0.667,1,mobile_app,1.0,1,0,0
44,52,60,55.0,-5.0,-2.0,4,3,0.75,1,paper,0.0,5,1,0
42,15,90,103.0,13.0,-1.0,2,1,0.5,1,paper,0.0,4,0,1
84,3,60,54.0,-6.0,1.0,3,2,0.667,1,mobile_app,0.13,6,1,1
62,7,120,146.0,26.0,0.0,5,4,0.8,1,mobile_app,0.67,4,0,0
72,59,120,121.0,1.0,5.0,4,3,0.75,1,mobile_app,0.32,4,0,0
70,38,90,99.0,9.0,4.0,6,5,0.833,1,mobile_app,0.41,5,1,0
25,15,90,97.0,7.0,20.0,4,2,0.5,1,mobile_app,0.34,0,0,1
110,51,60,66.0,6.0,-2.0,6,5,0.833,1,paper,0.0,1,0,0
68,19,60,66.0,6.0,7.0,5,4,0.8,1,paper,0.0,3,0,0
87,36,60,62.0,2.0,-2.0,4,3,0.75,1,mobile_app,0.35,4,0,0
106,15,90,102.0,12.0,-5.0,6,5,0.833,1,mobile_app,0.36,1,0,0
111,6,60,93.0,33.0,24.0,6,5,0.833,1,mobile_app,1.77,3,0,1
81,16,60,57.0,-3.0,-7.0,3,2,0.667,1,mobile_app,0.2,0,0,1
95,14,30,39.0,9.0,-22.0,3,2,0.667,1,mobile_app,0.02,4,0,1
57,33,90,90.0,0.0,-5.0,5,4,0.8,1,mobile_app,0.03,4,0,0
89,2,90,97.0,7.0,-23.0,2,1,0.5,1,mobile_app,0.11,3,0,1
39,15,30,30.0,0.0,-9.0,5,4,0.8,1,mobile_app,0.32,3,0,0
86,34,60,44.0,-16.0,-5.0,4,2,0.5,1,mobile_app,0.51,6,1,0
11,24,60,58.0,-2.0,0.0,5,3,0.6,1,mobile_app,0.62,0,0,1
110,38,90,97.0,7.0,-12.0,2,1,0.5,1,mobile_app,0.26,4,0,1
30,39,30,25.0,-5.0,7.0,4,2,0.5,1,paper,0.0,4,0,1
79,57,30,33.0,3.0,-6.0,4,3,0.75,1,mobile_app,0.75,3,0,0
2,50,90,91.0,1.0,-0.0,2,1,0.5,1,paper,0.0,1,0,1
19,14,60,58.0,-2.0,-3.0,4,3,0.75,1,mobile_app,0.47,6,1,0
119,41,90,96.0,6.0,4.0,5,4,0.8,1,mobile_app,0.11,6,1,0
101,38,60,65.0,5.0,2.0,4,3,0.75,1,mobile_app,0.43,2,0,0
27,36,120,123.0,3.0,7.0,5,4,0.8,1,mobile_app,0.65,4,0,0
16,48,60,65.0,5.0,-1.0,3,2,0.667,1,mobile_app,0.24,0,0,0
98,9,60,63.0,3.0,-5.0,5,4,0.8,1,paper,0.0,0,0,0
119,23,120,104.0,-16.0,3.0,3,2,0.667,1,mobile_app,0.79,6,1,0
21,49,30,28.0,-2.0,4.0,3,2,0.667,1,mobile_app,0.16,6,1,0
80,53,90,83.0,-7.0,3.0,2,1,0.5,1,mobile_app,0.16,0,0,1
35,3,30,39.0,9.0,4.0,2,1,0.5,1,mobile_app,0.31,0,0,1
90,28,60,68.0,8.0,2.0,2,1,0.5,0,mobile_app,0.18,1,0,1
51,16,60,71.0,11.0,-0.0,2,1,0.5,0,mobile_app,0.13,0,0,1
16,10,60,66.0,6.0,4.0,5,2,0.4,1,mobile_app,0.22,2,0,0
39,4,90,103.0,13.0,23.0,3,2,0.667,0,mobile_app,0.11,2,0,1
65,32,30,17.0,-13.0,-2.0,3,2,0.667,1,mobile_app,0.12,4,0,1
96,40,60,59.0,-1.0,-2.0,2,1,0.5,1,mobile_app,1.18,1,0,1
3,32,60,49.0,-11.0,-3.0,4,3,0.75,1,mobile_app,0.06,6,1,0
115,22,60,56.0,-4.0,3.0,3,2,0.667,1,paper,0.0,5,1,1
78,46,60,68.0,8.0,-9.0,3,2,0.667,1,mobile_app,0.24,4,0,1
106,39,120,127.0,7.0,-1.0,2,1,0.5,1,paper,0.0,6,1,1
112,54,30,32.0,2.0,3.0,4,3,0.75,1,mobile_app,0.2,1,0,0
19,21,60,58.0,-2.0,-4.0,3,1,0.333,1,mobile_app,0.42,5,1,0
12,15,60,49.0,-11.0,2.0,5,4,0.8,1,paper,0.0,3,0,0
94,27,60,62.0,2.0,16.0,6,5,0.833,1,mobile_app,1.29,2,0,0
23,30,60,69.0,9.0,2.0,4,2,0.5,1,paper,0.0,4,0,1
18,28,90,94.0,4.0,-16.0,4,2,0.5,1,mobile_app,0.15,2,0,1
57,50,90,83.0,-7.0,-5.0,6,5,0.833,1,mobile_app,0.34,0,0,0
110,3,90,91.0,1.0,-3.0,3,2,0.667,1,paper,0.0,2,0,1
96,32,60,45.0,-15.0,-5.0,2,1,0.5,1,paper,0.0,5,1,1
63,26,90,97.0,7.0,1.0,5,4,0.8,1,paper,0.0,0,0,0
24,13,120,112.0,-8.0,-3.0,5,4,0.8,1,paper,0.0,5,1,0
41,38,120,112.0,-8.0,7.0,4,3,0.75,1,mobile_app,0.41,6,1,0
83,48,120,124.0,4.0,-4.0,3,2,0.667,1,mobile_app,0.54,3,0,1
19,33,60,64.0,4.0,-1.0,2,1,0.5,1,mobile_app,0.08,1,0,1
63,6,120,123.0,3.0,2.0,4,3,0.75,1,mobile_app,0.72,5,1,0
2,5,90,119.0,29.0,4.0,4,2,0.5,1,mobile_app,0.65,1,0,1
40,25,90,96.0,6.0,1.0,4,2,0.5,0,mobile_app,0.5,1,0,1
30,40,90,86.0,-4.0,-13.0,3,2,0.667,1,paper,0.0,5,1,0
82,19,120,126.0,6.0,1.0,2,1,0.5,1,mobile_app,0.55,2,0,1
110,19,60,57.0,-3.0,-1.0,4,3,0.75,1,mobile_app,0.69,4,0,0
18,51,90,95.0,5.0,3.0,5,5,1.0,1,mobile_app,0.05,1,0,0
96,1,90,94.0,4.0,9.0,2,1,0.5,1,paper,0.0,6,1,0
79,5,90,95.0,5.0,3.0,2,1,0.5,0,paper,0.0,1,0,1
117,10,90,72.0,-18.0,3.0,4,3,0.75,1,mobile_app,0.59,6,1,0
110,59,60,60.0,0.0,4.0,2,1,0.5,1,mobile_app,0.25,5,1,0
13,30,60,60.0,0.0,8.0,2,1,0.5,1,mobile_app,0.36,2,0,1
90,10,60,47.0,-13.0,3.0,5,4,0.8,0,paper,0.0,4,0,0
72,19,90,88.0,-2.0,19.0,3,2,0.667,1,paper,0.0,6,1,0
14,58,90,92.0,2.0,-2.0,4,4,1.0,1,mobile_app,0.1,4,0,0
31,41,90,90.0,0.0,-6.0,5,4,0.8,1,mobile_app,0.01,6,1,0
112,14,90,74.0,-16.0,-0.0,2,1,0.5,1,mobile_app,0.32,6,1,0
66,15,60,57.0,-3.0,-4.0,3,2,0.667,1,mobile_app,0.42,5,1,1
41,5,30,24.0,-6.0,-28.0,3,2,0.667,0,mobile_app,0.84,6,1,1
39,46,90,91.0,1.0,-3.0,4,3,0.75,1,paper,0.0,6,1,0
101,9,120,121.0,1.0,4.0,4,3,0.75,1,mobile_app,0.25,0,0,0
35,17,90,85.0,-5.0,-1.0,2,1,0.5,1,mobile_app,0.12,4,0,1
20,21,120,115.0,-5.0,-7.0,4,3,0.75,1,mobile_app,0.25,4,0,0
69,37,120,120.0,0.0,0.0,5,4,0.8,1,mobile_app,0.77,0,0,0
120,36,60,67.0,7.0,1.0,6,4,0.667,1,mobile_app,0.04,4,0,1
22,48,90,91.0,1.0,3.0,4,4,1.0,1,paper,0.0,6,1,0
31,18,60,75.0,15.0,-6.0,5,4,0.8,1,mobile_app,0.57,5,1,0
57,23,60,71.0,11.0,7.0,6,5,0.833,1,mobile_app,0.17,2,0,0
24,23,60,75.0,15.0,-9.0,5,4,0.8,1,mobile_app,0.37,3,0,0
79,3,60,79.0,19.0,-6.0,4,3,0.75,1,paper,0.0,6,1,0
31,44,60,69.0,9.0,8.0,4,3,0.75,1,mobile_app,0.71,1,0,0
16,32,90,81.0,-9.0,-7.0,6,5,0.833,1,mobile_app,1.03,3,0,0
32,29,30,36.0,6.0,-5.0,5,4,0.8,1,mobile_app,0.38,5,1,0
112,59,60,64.0,4.0,-4.0,3,2,0.667,1,paper,0.0,3,0,1
113,11,60,77.0,17.0,-8.0,4,3,0.75,1,mobile_app,0.49,0,0,0
61,58,60,57.0,-3.0,0.0,5,5,1.0,1,paper,0.0,5,1,0
49,41,120,124.0,4.0,4.0,4,3,0.75,0,mobile_app,0.39,2,0,1
99,14,60,61.0,1.0,-0.0,4,3,0.75,1,paper,0.0,2,0,0
24,41,30,41.0,11.0,-2.0,5,4,0.8,0,mobile_app,0.51,5,1,1
79,45,120,113.0,-7.0,-6.0,3,2,0.667,1,paper,0.0,0,0,1
82,22,90,82.0,-8.0,-6.0,5,3,0.6,1,mobile_app,0.02,5,1,0
86,21,90,72.0,-18.0,-13.0,5,4,0.8,1,mobile_app,0.03,5,1,0
27,50,90,91.0,1.0,3.0,6,4,0.667,1,paper,0.0,6,1,0
86,10,30,58.0,28.0,8.0,6,5,0.833,1,paper,0.0,2,0,1
74,1,90,89.0,-1.0,-0.0,5,4,0.8,1,mobile_app,0.78,0,0,0
106,40,60,61.0,1.0,2.0,5,4,0.8,1,mobile_app,0.06,5,1,0
21,54,60,62.0,2.0,3.0,5,4,0.8,1,mobile_app,0.22,1,0,0
74,30,60,59.0,-1.0,1.0,3,2,0.667,1,mobile_app,0.3,6,1,0
100,8,90,95.0,5.0,15.0,6,5,0.833,1,mobile_app,0.27,4,0,0
34,32,60,63.0,3.0,-7.0,4,3,0.75,1,mobile_app,0.69,2,0,0
90,15,60,50.0,-10.0,-3.0,6,4,0.667,1,mobile_app,0.1,2,0,1
12,49,30,30.0,0.0,-2.0,3,2,0.667,1,mobile_app,0.22,4,0,1
87,37,90,95.0,5.0,4.0,3,2,0.667,1,mobile_app,0.53,5,1,0
73,20,60,70.0,10.0,-12.0,5,4,0.8,1,mobile_app,0.42,0,0,0
24,37,60,69.0,9.0,8.0,4,3,0.75,1,mobile_app,0.63,0,0,0
8,40,60,62.0,2.0,3.0,4,2,0.5,1,paper,0.0,5,1,1
90,41,90,92.0,2.0,9.0,3,2,0.667,1,mobile_app,0.19,2,0,0
29,22,60,68.0,8.0,-0.0,3,2,0.667,1,paper,0.0,3,0,0
60,34,120,115.0,-5.0,-3.0,5,4,0.8,1,paper,0.0,0,0,0
8,3,60,51.0,-9.0,8.0,2,1,0.5,1,mobile_app,0.26,1,0,1
116,24,30,29.0,-1.0,8.0,2,1,0.5,1,mobile_app,0.32,4,0,0
66,23,60,48.0,-12.0,-6.0,6,4,0.667,1,mobile_app,1.38,6,1,1
112,32,30,33.0,3.0,-13.0,6,4,0.667,1,mobile_app,0.22,0,0,1
20,57,60,64.0,4.0,-5.0,2,1,0.5,1,mobile_app,0.72,2,0,0
25,57,60,57.0,-3.0,1.0,2,1,0.5,1,mobile_app,0.17,5,1,0
74,29,120,124.0,4.0,11.0,3,2,0.667,1,paper,0.0,5,1,1
73,39,60,56.0,-4.0,-7.0,4,3,0.75,1,mobile_app,0.4,3,0,0
95,7,60,47.0,-13.0,-3.0,2,1,0.5,1,mobile_app,0.59,2,0,1
112,29,60,78.0,18.0,-2.0,6,4,0.667,1,mobile_app,0.83,5,1,0
99,41,60,54.0,-6.0,10.0,4,3,0.75,1,mobile_app,0.12,6,1,1
17,41,60,52.0,-8.0,12.0,4,3,0.75,1,mobile_app,0.97,5,1,0
38,57,60,61.0,1.0,1.0,2,1,0.5,1,mobile_app,0.32,4,0,1
110,28,30,32.0,2.0,7.0,3,2,0.667,1,mobile_app,0.53,4,0,1
66,54,60,62.0,2.0,3.0,5,4,0.8,1,mobile_app,0.17,4,0,0
105,58,120,127.0,7.0,-4.0,5,5,1.0,1,mobile_app,0.23,3,0,0
68,34,90,84.0,-6.0,4.0,3,2,0.667,1,mobile_app,0.31,0,0,0
6,6,120,112.0,-8.0,-11.0,4,3,0.75,1,mobile_app,0.92,6,1,0
57,23,60,76.0,16.0,-1.0,2,1,0.5,1,mobile_app,1.0,5,1,0
99,46,120,125.0,5.0,5.0,4,3,0.75,1,mobile_app,0.32,2,0,0
79,35,60,66.0,6.0,0.0,3,2,0.667,1,mobile_app,0.63,3,0,0
16,56,30,28.0,-2.0,3.0,6,5,0.833,1,mobile_app,0.15,0,0,0
26,49,90,95.0,5.0,5.0,3,2,0.667,1,mobile_app,0.3,5,1,0
103,4,30,41.0,11.0,-20.0,4,3,0.75,1,paper,0.0,2,0,0
118,51,60,61.0,1.0,-8.0,5,4,0.8,1,mobile_app,0.05,6,1,0
91,22,90,84.0,-6.0,10.0,2,1,0.5,1,mobile_app,0.52,1,0,0
12,49,90,90.0,0.0,5.0,3,2,0.667,1,mobile_app,0.57,4,0,0
